id,product_code,source_filename,product_name,batch_number,batch_unit,dept_name,actual_qty,mfg_date,operator,approver_1,approver_2,approver_3,notes_content,total_time,special_notes,step_count
39c1f31f-b1a8-468a-ba74-0be75de4b030,ADML000,ADML_케어미 어르신전용 고보습바디로션.xlsx,케어미 어르신 전용 고보습 바디로션,,Kg,,Kg,,,결 재,담 당,부서장,*원료투입시 100메쉬 여과 거칠 것,총소요시간,,10
24c5d8e7-31bc-4fdb-abee-9faa0d6ebf9f,AJBC002,AJBC_케어미 어르신전용데오바디워시.xlsx,케어미 어르신전용 데오 바디워시,,Kg,,Kg,,,결 재,담 당,부서장,,,,5
fdcfd490-e85a-4e24-b1ef-b0666900d5be,AJSP002,AJSP_케어미 어르신전용아르간단백질샴푸&린스.xlsx,케어미 어르신전용 아르간 단백질 샴푸&린스,,Kg,,Kg,,,결 재,담 당,부서장,,,,2
c0a74620-49a9-4e2d-980f-96bf1a38d193,ANBC_____,ANBC_애스톤네이처 프로방스상떼바디클렌저.xlsx,,,Kg,,Kg,,,결 재,담 당,부서장,,,,5
6d508400-f72f-4785-94a7-43130883c369,ANBL_____,ANBL_애스톤네이처 프로방스상떼바디로션.xlsx,,,Kg,,Kg,,,결 재,담 당,부서장,*원료투입시 100메쉬 여과 거칠 것,총소요시간,,10
dcbf147f-3707-47ea-b8bf-5850a3f12593,ANHP001,ANHP001_애스톤네이처 바오밥퍼퓸헤어팩.xlsx,애스톤네이처 바오밥 퍼퓸 헤어팩,,Kg,,Kg,,,결 재,담 당,부서장,,,,9
2c7da7b0-a875-4b35-b4bb-3d4fb27300bb,ANSP001,ANSP001_애스톤네이처 바오밥퍼퓸헤어샴푸.xlsx,애스톤네이처 바오밥 퍼퓸 헤어샴푸,,Kg,,Kg,,,결 재,담 당,부서장,,,,2
ef126d89-a76b-42f2-a653-e122a662e64b,AOBC005,AOBC005_샤샤 아르간오일 진저 쿨링 케어 바디워시 공정.xlsx,샤샤 아르간 오일 진저 쿨링 케어 바디워시,,Kg,,Kg,,,결 재,담 당,부서장,투명점성액상,,,8
63dc2857-b71e-4ecc-9fd3-00ee69333361,AOBC004,AOBC_샤샤 바디워시.xlsx,샤샤 알로에베라 바디워시,,Kg,,Kg,,,결 재,담 당,부서장,,,,5
02d3dbae-6b7b-4d54-81f4-968beb1e0fdf,AOBL_______,AOBL_샤샤 바디로션.xlsx,,,Kg,,Kg,,,결 재,담 당,부서장,*메인탱크에 투입시 100메쉬 여과 거칠 것,총소요시간,,10
785fd0d8-158c-469c-bb3d-af175bd3349d,AOFC______,AOFC_샤샤 클렌징폼 공정.xlsx,,,Kg,,Kg,,,결 재,담 당,부서장,*일정 점/경도가 생성되기 전까지 냉각 교반할 것.,,,8
37cd601c-cc64-4fee-aaf9-b21009b2853e,AOHA001,AOHA001_샤샤 아르간오일단백질헤어앰플.xlsx,샤샤 아르간오일 단백질 헤어 앰플,,Kg,,Kg,,,결 재,담 당,부서장,* 부상전 품질관리팀에 확인 거칠 것 (점도확인),,,7
e7051358-f0e9-414c-b274-88bbae70488b,AOHE001,AOHE_샤샤 아르간오일웨이브볼륨에센스.xlsx,샤샤 아르간오일 웨이브 볼륨 에센스,,Kg,,Kg,,,결 재,담 당,부서장,,,,8
01a55478-2fab-421a-a3b6-868d22d1923c,AOHSR00 (BAOHS000),AOHSR_샤샤 아르간오일헤어세럼.xlsx,샤샤 아르간 오일 헤어 세럼,,Kg,,Kg,,,결 재,담 당,부서장,,,,5
98b74bf4-0656-4e38-b048-b962592ef295,AORS001,AORS_샤샤 아르간오일컨디셔너.xlsx,샤샤 아르간 오일 LPP 헤어팩,,Kg,,Kg,,,결 재,담 당,부서장,,,,9
af561eaf-d82b-415a-9ebd-7823d2c5a585,AOSP003,AOSP_샤샤 아르간오일샴푸.xlsx,샤샤 아르간오일 어성초 캡슐 스크럽 샴푸,,Kg,,Kg,,,결 재,담 당,부서장,- 3일 이상 숙성하여 자연탈포할 것.,,,9
06f50d1f-b5bf-4c45-a484-e2e445dbdb66,AOWS000,AOWS_샤샤 아르간오일슈퍼하드워터스프레이.xlsx,,,Kg,,Kg,,,결 재,담 당,부서장,,,,6
434fbafa-5af9-427d-b7f4-405402b4b98d,ARFC______,ARFC_에바스 아로마폼클렌져.xlsx,,,Kg,,Kg,,,결 재,담 당,부서장,*일정 점/경도가 생성되기 전까지 교반을 종료하지 말 것,,,8
efb44ffc-d0d7-403e-83f6-60d7f1ce1b9b,BBHC_____,BBHC_바바리라 퍼퓸드핸드크림.xlsx,,,Kg,,Kg,,,결 재,담 당,부서장,*메인탱크에 투입시 100메쉬 여과 거칠 것,총소요시간,,10
1496c91c-a051-44b0-b359-4a4a007df763,BDFC001,BDFC001_보르도 민트쿨링풋케어크림.xlsx,보르도 민트 쿨링 풋 케어 크림,,Kg,,Kg,,,결 재,담 당,부서장,*메인탱크에 투입시 100메쉬 여과 거칠 것,총소요시간,,9
313e9c1a-042c-4b04-8670-f20b0e1af37d,BDFD001,BDFD001_보르도 민트풋데오드란트.xlsx,보르도 민트 쿨링 풋 데오드란트,,Kg,,Kg,,,결 재,담 당,부서장,,,,6
5af7dafe-6d2a-407b-a92d-33f00899ee2c,BDFS001,BDFS001_보르도 민트쿨링풋스프레이.xlsx,보르도 민트 쿨링 풋 스프레이,,Kg,,Kg,,,결 재,담 당,부서장,,,,2
2fccee38-6529-44d7-b295-18fd00c79a19,BDFS002,BDFS002_보르도 드래곤풋필링스프레이.xlsx,보르도 드래곤 풋 필링 스프레이,,Kg,,Kg,,,결 재,담 당,부서장,,,,8
b28219ec-e3bf-47eb-9438-4cf358e463c0,BDFS003,BDFS003_보르도 드래곤풋샴푸 제조공정.xlsx,보르도 드래곤 풋 샴푸,,Kg,,Kg,,,결 재,담 당,부서장,,,,7
9f682dbf-0569-4fac-a8fd-8d872ac0605d,BPBB______,BPBB_바이마레 컴포팅버블배쓰.xlsx,바이마레 컴포팅 버블배쓰,,Kg,,Kg,,,결 재,담 당,부서장,,,,4
b1c3dea4-85f6-4e77-8625-a66539c9f542,BPBC______,BPBC-바이마레 라파숑드벨르플뢰르바디워시.xlsx,,,Kg,,Kg,,,결 재,담 당,부서장,,,,5
781a041e-7627-4895-9a54-6c283645a065,BPBL_____,BPBL_바이마레 라파숑드벨르플뢰르바디로션.xlsx,,,Kg,,Kg,,,결 재,담 당,부서장,*원료투입시 100메쉬 여과 거칠 것,총소요시간,,10
03e5bdca-acc1-405e-8c13-8f4034b07519,BPDF_______,BPDF_바이마레 블랑쉬퍼퓸디퓨져.xlsx,,,Kg,,Kg,,,결 재,담 당,부서장,,,,2
e9227ba8-4267-4f50-b375-1958f27cc685,BPHC______,BPHC_바이마레 라파숑드벨르플뢰르핸드크림.xlsx,,,Kg,,Kg,,,결 재,담 당,부서장,*메인탱크에 투입시 100메쉬 여과 거칠 것,총소요시간,,10
3bf515a5-7879-41a7-9ee5-49b4d2f485a4,BPMT001,BPMT001_바이마레 프리미엄바디미스트.xlsx,바이마레 프리미엄 퍼퓸드 바디미스트,,Kg,,Kg,,,결 재,담 당,부서장,,,,6
acd35f3a-31cc-489e-8acb-62e67e5cb6f8,BPMT______,BPMT002~_바이마레 컴포지션퍼퓸미스트.xlsx,바이마레 컴포지션 퍼퓸 미스트,,Kg,,Kg,,,결 재,담 당,부서장,,,,2
2323f789-99cd-4723-9784-66e58a1357f9,BRSCN10,BRSCN10_에바스 블루로즈마인샤워코롱.xlsx,,,Kg,,Kg,,,결 재,담 당,부서장,,,,2
19c53bb8-d683-49ed-aa6c-d6ac23f137bd,BTBC_____,BTBC004~10_바스파 바쓰솔트스크럽 바디워시 공정.xlsx,바스파 바쓰 솔트 스크럽 바디워시,,Kg,,Kg,,,결 재,담 당,부서장,,,,9
6f675748-86dd-485f-9c4f-7039a33eecbb,BTBC002,BTBC_바스파 바디워시.xlsx,바스파 아로마 라운지 베르가못 바디워시,,Kg,,Kg,,,결 재,담 당,부서장,,,,5
7212e164-4170-4d09-a1ec-7d7bdb5b9f48,BTBL_____,BTBL_바스파 바디로션.xlsx,,,Kg,,Kg,,,결 재,담 당,부서장,*메인탱크에 투입시 100메쉬 여과 거칠 것,총소요시간,,10
2879f4bd-2b52-4c18-83bc-f8a343be793b,BTBO________,BTBO_바스파 아오마틱 바디트리트먼트 오일 공정.xlsx,바스파 아로마틱 플로우 바디 트리트먼트 오일,,Kg,,Kg,,,결 재,담 당,부서장,,,,6
29961b8d-dfea-4d30-99d7-b92dc4a8ace9,BTCR003,BTCR003_바스파 바디톤업크림 공정.xlsx,바스파 바디 톤 업 크림 미네랄 케어,,Kg,,Kg,,,결 재,담 당,부서장,*원료투입시 100메쉬 여과 거칠 것 *TiO2+색소 분산상태 확인후 진행할 것.,총소요시간,,10
b49f85f5-884f-4b91-a388-7ee8dc2f923c,BTCR001,BTCR_바스파 텐션케어크림.xlsx,바스파 텐션케어 쿨 크림,,Kg,,Kg,,,결 재,담 당,부서장,*제조량은 제조탱크의 50-80% 사이가 되게 할 것.,,,9
09b60905-0743-4e7b-b4b4-f3e06220a0b8,BTDM_____,BTDM_바스파 아로마라운지무드퍼퓸드레스미스트.xlsx,바스파 아로마 라운지 무드 퍼퓸 드레스 미스트,,Kg,,Kg,,,결 재,담 당,부서장,,,,2
b9c9e08d-0809-450b-8cb8-25fc57999d52,BTHC001,BTHC_바스파 플랜트퓨어로즈힙핸드크림.xlsx,바스파 플랜트 퓨어 로즈힙 핸드크림,,Kg,,Kg,,,결 재,담 당,부서장,*메인탱크에 투입시 100메쉬 여과 거칠 것,총소요시간,,10
066c709b-f7cd-46d7-8aef-e422a58ec5c9,BTHS001,BTHS_바스파 플랜트퓨어로즈힙핸드솝.xlsx,바스파 플랜트 퓨어 로즈힙 핸드솝,,Kg,,Kg,,,결 재,담 당,부서장,,,,5
57fa9a2f-af01-440b-8f47-6afbde90ab77,BTPF_____,BTPF_바스파 피토스칼프퍼퓸.xlsx,바스파 피토 스칼프 퍼퓸,,Kg,,Kg,,,결 재,담 당,부서장,,,,5
442d4aa2-5e00-47d6-ae84-1d789657676c,BTSM001,BTSM001_바스파 피토스칼프오일컷미스트.xlsx,바스프 피토 스칼프 오일컷 미스트,,Kg,,Kg,,,결 재,담 당,부서장,,,,2
91011558-165c-405c-93f7-ef05c91ac282,BTSS_____,BTSS_바스파 오스트레일리안 솔트 바디스크럽 공정.xlsx,바스파 오스트레일리안 솔트 바디 스크럽,,Kg,,Kg,,,결 재,담 당,부서장,,,,9
a94e2406-842a-4dfa-8114-88fcb4624f61,CCAB001,CCAB001_세라클리닉 더마이드 앰플밤 프로테인퀀치 공정.xlsx,세라클리닉 더마이드 4.0 앰플 밤 프로테인 퀀치,,Kg,,Kg,,,결 재,담 당,부서장,*메인탱크에 투입시 100메쉬 여과 거칠 것,총소요시간,,9
09abc57b-4f9f-4f8c-9460-8e0ea70b1ebb,CCAO001,CCAO001_세라클리닉 앰플 오일 프로테인 퀀치 공정.xlsx,세라클리닉 더마이드 4.0 앰플 오일 프로테인 퀀치,,Kg,,Kg,,,결 재,담 당,부서장,,,,6
234e45f4-d674-44ee-96db-d8674c02b4c9,CCATR01,CCATR01_세라클리닉 더마이드4.0앰플트리트먼트 프로테인퀀치.xlsx,세라클리닉 더마이드 4.0 앰플 트리트먼트프로테인 퀀치,,Kg,,Kg,,,결 재,담 당,부서장,"*인식라벨에 ""충진전 교반봉으로 가볍게 교반후 충진할 것"" 이라고 표기해 줄 것.",,,6
ec0877ca-8eb7-4add-9960-5a9d30ff3507,CCBL001,CCBL001_세라클리닉 더마이드4.0 세라마이드바디로션(공정).xlsx,세라클리닉 더마이드 4.0 세라마이드 바디로션,,Kg,,Kg,,,결 재,담 당,부서장,"*메인탱크에 투입시 100메쉬 여과 거칠 것 *원료 Sepinov EMT-10 뭉친부분 있으면, 철저히 분말화 한후 사용할 것.",총소요시간,,10
68c1d703-026b-4b85-8301-9843a0a0d133,CCCC001,CCCC001_세라클리닉 더마이드 컬링 크림 프로테인퀀치 공정.xlsx,세라클리닉 더마이드 4.0 컬링 크림 프로테인 퀀치,,Kg,,Kg,,,결 재,담 당,부서장,*메인탱크에 투입시 100메쉬 여과 거칠 것,총소요시간,,9
9b083161-9f82-43e8-8495-f2f758b5126f,CCCR001,CCCR_세라크리닉 더마이드4.0인텐시브크림.xlsx,세라크리닉 더마이드4.0 인텐시브 크림,,Kg,,Kg,,,결 재,담 당,부서장,,,*메인탱크에 투입시 100메쉬 여과 거칠 것,10
fb6599bf-5096-4829-8977-f1061e433132,CCHP001,CCHP001_세라클리닉 더마이드 헤어팩 프로테인퀀치 공정.xlsx,세라클리닉 더마이드 4.0 헤어팩 프로테인 퀀치,,Kg,,Kg,,,결 재,담 당,부서장,*유상을 메인탱크에서 용해 *원료 BTAC80 때문에 타 제품들에 비해 용해 온도 높음 *숙성기간: 3일 이상,,,8
33b18707-ffe6-41c7-9368-ee2e6addd50a,CCHW002,CCHW_세라클리닉 보태니컬핸드솝.xlsx,세라클리닉 보태니컬 핸드워시- 포레스트 워크,,Kg,,Kg,,,결 재,담 당,부서장,,,,5
fff3e85d-c5d4-4b87-b73a-ffe826a821e1,CCRS001,CCRS_세라클리닉 더마이드4.0보태니컬트리트먼트플루이드.xlsx,세라클리닉 더마이드 4.0 보태니컬 트리트먼트 플루이드,,Kg,,Kg,,,결 재,담 당,부서장,,,,7
854ad710-b290-4882-b75b-78fc3426672f,CCRW003,CCRW003_세라클리닉 로우 솔루션 판테놀 수용액 5%.xlsx,세라클리닉 로우 솔루션 판테놀 수용액 5%,,Kg,,Kg,,,결 재,담 당,부서장,,,,3
57c9f073-c7ae-4d9e-8836-075761994e0f,CCSP004,CCSP_세라클리닉 더마이드보태니컬샴푸.xlsx,세라클리닉 더마이드 4.0 앰플 샴푸 프로테인 퀀치,,Kg,,Kg,,,결 재,담 당,부서장,,,,6
4d500dee-4abe-4892-95b1-899f235898a1,CCVF000,CCVF_세라클리닉 더마이드 볼륨 픽서 공정.xlsx,세라클리닉 더마이드 4.0 볼륨 픽서 프로테인 퀀치,,Kg,,Kg,,,결 재,담 당,부서장,,,,6
0b69cc16-b762-472b-8220-3b9e281f4d8d,CHHC004,CHHC004_샤샤 아로마틱 시어버터 핸드크림.xlsx,샤샤 아로마틱 시어버터 핸드크림- 엠버바닐라,,Kg,,Kg,,,결 재,담 당,부서장,*메인탱크에 투입시 100메쉬 여과 거칠 것,총소요시간,,10
589179a9-6879-45ec-89f1-0cd4888d7053,CHHC______,CHHC_샤샤 밀크앤허니핸드크림.xlsx,샤샤 밀크 앤 허니 핸드크림,,Kg,,Kg,,,결 재,담 당,부서장,*메인탱크에 투입시 100메쉬 여과 거칠 것,총소요시간,,10
3f726ea2-4f97-44fa-a033-c6e90bd8c5fd,CMHC______,CMHC_청정미인 아르간모이스처핸드크림(기능성).xlsx,청정미인 아르간 모이스처 핸드크림,,Kg,,Kg,,,결 재,담 당,부서장,*메인탱크에 투입시 100메쉬 여과 거칠 것,총소요시간,,10
436cbe08-ac89-424e-ac8a-aca8cb539601,DBCO001,DBCO001_데일리바이 제라늄 딥 클렌징 오일 공정.xlsx,데일리바이 제라늄 딥 클렌징 오일,,Kg,,Kg,,,결 재,담 당,부서장,`- 제조전 제조설비의 물기를 완전히 제거할 것.,,,7
72c10c68-fe69-4f72-b76f-44a79ce24957,DBMT001,DBMT001_데일리바이 제라늄 모이스처 미스트 공정.xlsx,데일리바이 제라늄 모이스처 미스트,,Kg,,Kg,,,결 재,담 당,부서장,,,,4
9fddfaaa-f524-4e3d-80c1-60cab7eeb4d3,DPBB050,DPBB050_디마이너스원 플랜 인텐스컨투어밤.xlsx,디마이너스원 플랜 인텐스 컨투어밤,,Kg,,Kg,,,결 재,담 당,부서장,,,,7
63ec2776-ef73-4bd8-9e86-320b76244ccd,ECHC000,ECHC_에바리카 아프리칸쉐어버터핸드크림.xlsx,,,Kg,,Kg,,,결 재,담 당,부서장,*메인탱크에 투입시 100메쉬 여과 거칠 것,총소요시간,,10
c9fd45d8-86f8-424a-8131-fce1b7d23a05,EHWS000,EHWS000_엘르베 슈퍼하드헤어워터스프레이.xlsx,,,Kg,,Kg,,,결 재,담 당,부서장,,,,6
43035413-bde2-43f8-af4f-b3ad0a04f5dd,ELHS001,ELHS001_엘체 스무스레메디헤어오일세럼 공정.xlsx,엘체 스무스 레메디 헤어 오일 세럼,,Kg,,Kg,,,결 재,담 당,부서장,,,,5
1d0eea32-9163-436c-a04d-5984c08c9078,EVBLN01,EVBLN01_에바스 모이스처로션바셀린로즈.xlsx,,,Kg,,Kg,,,결 재,담 당,부서장,*원료투입시 100메쉬 여과 거칠 것,총소요시간,,10
ce7cc104-7675-4181-94df-9abe6d72dcad,EVHNN01,EVHNN01_에바스 핸드&네일로션바셀린로즈.xlsx,,,Kg,,Kg,,,결 재,담 당,부서장,*원료투입시 100메쉬 여과 거칠 것,총소요시간,,10
9f10ebde-b13f-4859-8e08-ad4ca49af48b,EVTSN01,EVTSN01_에바스 매직실크샴푸&린스.xlsx,,,Kg,,Kg,,,결 재,담 당,부서장,,,,2
17e4cc29-dad4-4c0f-81d5-87eceb89b44f,FJAP001,FJAP001_프레쥬 레틴콜라겐 3D 코어앰플 공정.xlsx,프레쥬 레틴 콜라겐 3D 코어 앰플,,Kg,,Kg,,,결 재,담 당,부서장,,,,7
184bf286-e665-4501-a746-279804291354,FJAP003,FJAP003_프레쥬 프로모이스처 B5히알루 앰플 공정.xlsx,프레쥬 프로모이스처 B5-히알루 앰플,,Kg,,Kg,,,결 재,담 당,부서장,,,,7
1b40777d-359b-4ebf-8c20-ec43a6210f59,FJAP004,FJAP004_프레쥬 유주허니 올리고 써지 앰플 공정.xlsx,프레쥬 유주허니 올리고 써지 앰플,,Kg,,Kg,,,결 재,담 당,부서장,- 300 가마 사용금지 - 성상: 적색투명 점성액상 - 벌크통 물기 제거후 부상할 것. - 동절기엔 가마에 스팀 살짝 넣어 28-33℃ 정도에서 제조할 것,,,8
0e207860-c253-426d-806a-a0db1537a76d,FJAP005,FJAP005_프레쥬 어성초 블레미쉬 리뉴 앰플 공정.xlsx,프레쥬 어성초 블레미쉬 리뉴 앰플,,Kg,,Kg,,,결 재,담 당,부서장,- 성상: 옅은 초록색의 투명 점성액상,,,9
680692a9-277d-4722-8464-c57ba5e12201,FJAP007,FJAP007_프레쥬 바이옴 5-락토 트리트먼트앰플 공정.xlsx,프레쥬 바이옴 5-락토 트리트먼트 앰플,,Kg,,Kg,,,결 재,담 당,부서장,,,,7
321b1961-461c-47b6-9b28-84560ff6aced,FJBB____,FJBB_프레쥬 레틴콜라겐 블레미쉬밤 공정.xlsx,프레쥬 레틴 콜라겐 3D 코어 블레미쉬 밤,,Kg,,Kg,,,결 재,담 당,부서장,- 위 공정은 100kg 제조탱크 제조시 기준이며 적정 제조량은 55-85kg 임. - 300가마 제조금지,,,2
8397a967-f279-4c3d-81a0-c1f6ca8509b8,FJBF001,FJBF001_프레쥬 오리지날인진쑥버블페이셜폼.xlsx,프레쥬 오리지날 인진쑥 버블 페이셜 폼,,Kg,,Kg,,,결 재,담 당,부서장,,,,7
be464bd9-1079-4dfa-95bc-5e1e5974fd71,FJCB001,FJCB001_프레쥬 유주허니올클렌징밤.xlsx,프레쥬 유주허니 올 클렌징밤,,Kg,,Kg,,,결 재,담 당,부서장,`- 제조전 제조설비의 물기를 완전히 제거할 것.,,,6
ef6ddfd4-b369-435d-8480-be848c9fe477,FJCB002,FJCB002_프레쥬 프로모이스처 엔자임 클렌징 밤 공정.xlsx,프레쥬 프로모이스처 엔자임 클렌징 밤,,Kg,,Kg,,,결 재,담 당,부서장,`- 제조전 제조설비의 물기를 완전히 제거할 것.,,,6
3ca0aeb1-eb36-4e24-952e-56569fbe73ab,FJCL001,FJCL001_프레쥬 프로모이스처 버블클렌저 공정.xlsx,프레쥬 프로 모이스처 버블 클렌저,,Kg,,Kg,,,결 재,담 당,부서장,,,,7
4dfa7114-70e0-49ad-aaaf-fa3d63d0478e,FJCO002,FJCO_프레쥬 클렌징오일.xlsx,프레쥬 어성초 포어 멜팅 클렌징 오일,,Kg,,Kg,,,결 재,담 당,부서장,`- 제조전 제조설비의 물기를 완전히 제거할 것.,,,8
9f03c04b-c8ec-495c-ac69-942fa95bcfcb,MAY-0007,FJCP001_프레쥬 자연약쑥 효소 클렌징 팩 공정.xlsx,1210,약쑥추출물,25000,에바스사급원료-2 complex-lq,,,,,,,,,,0
dfc13dc8-d1d5-48f3-ac47-fec627886a36,FJCR001,FJCR001_프레쥬 오리지날허브자연약쑥진정수분크림.xlsx,프레쥬 오리지날 허브 자연약쑥 진정 수분크림,,Kg,,Kg,,,결 재,담 당,부서장,"*메인탱크에 투입시 100메쉬 여과 거칠 것 *원료 Sepinov EMT-10 뭉친부분 있으면, 철저히 분말화 한후 사용할 것.",총소요시간,*제조량은 제조탱크의 60-80% 사이가 되게 할 것.,9
c30b8a64-4505-4bbd-a91e-f01cb1ca9bc3,FJCR002,FJCR002_프레쥬 오리지날자연약쑥진정수분크림.xlsx,프레쥬 오리지날 자연약쑥 진정 수분크림,,Kg,,Kg,,,결 재,담 당,부서장,*메인탱크에 투입시 100메쉬 여과 거칠 것 *투입순서 중요,총소요시간,*제조량은 제조탱크의 60-85% 사이가 되게 할 것. (최대 850kg),9
55bbe929-d7ca-4610-abe0-8908e9e27264,FJCR003,FJCR003_프레쥬 프로모이스처인텐시브크림.xlsx,프레쥬 프로 모이스처 인텐시브 크림,,Kg,,Kg,,,결 재,담 당,부서장,*3일 이상 숙성후 충진할 것,,,8
bd21912f-35f9-4322-a28f-048edac40377,FJCR004,FJCR004_프레쥬 유주허니인리치드크림.xlsx,프레쥬 유주 허니 인리치드 크림,,Kg,,Kg,,,결 재,담 당,부서장,*제조량은 제조탱크의 60-85% 사이가 되게 할 것. (최대 850kg) *유화온도 엄수(메인탱크 유화전 스팀 넣을 것),,,8
5cfb44fe-2920-421a-b3ba-57be47fa9dc2,FJCR005,FJCR005_프레쥬 어성초블레미쉬수분크림.xlsx,프레쥬 어성초 블레미쉬 수분크림,,Kg,,Kg,,,결 재,담 당,부서장,*메인탱크에 투입시 100메쉬 여과 거칠 것 *투입순서 중요,총소요시간,*제조량은 제조탱크의 60-85% 사이가 되게 할 것. (최대 850kg),9
bba61bdf-e2a0-42c4-8572-9ccc436da5be,FJCR006,FJCR006_프레쥬 레틴콜라겐 크림(공정).xlsx,프레쥬 레틴 콜라겐 3D 코어 크림,,Kg,,Kg,,,결 재,담 당,부서장,*메인탱크에 투입시 100메쉬 여과 거칠 것,총소요시간,*제조량은 제조탱크의 60-85% 사이가 되게 할 것. (최대 850kg) *유화온도 엄수(메인탱크 유화전 스팀 넣을 것),9
40bd127d-d36c-46d5-9d34-391420ae6fc5,FJCR007,FJCR007_프레쥬 바이옴 5-락토 모이스처라이저 공정.xlsx,프레쥬 바이옴 5-락토 밸런스 모이스처라이저,,Kg,,Kg,,,결 재,담 당,부서장,*원료투입시 100메쉬 여과 거칠 것,총소요시간,,10
5dbc95a0-319e-412c-ba11-a292ba08e132,FJCR008,FJCR008_프레쥬 알케믹 진세노사이드 인텐스퍼밍 크림 공정.xlsx,프레쥬 알케믹 진세노사이드 인텐스 퍼밍 크림,,Kg,,Kg,,,결 재,담 당,부서장,,,,8
a518c658-bfca-4142-8867-412454f0ba31,FJCR009,FJCR009_프레쥬 프로모이스처 세라토 에어리 크림 공정.xlsx,프레쥬 프로 모이스처 세라토 에어리 크림,,Kg,,Kg,,,결 재,담 당,부서장,*제조량은 제조탱크의 60-85% 사이가 되게 할 것. (최대 850kg),,,8
0d2582f6-6d7f-4cc0-a0b5-38f03026ce9a,FJCW001,FJCW001_프레쥬 오리지날허브자연약쑥클렌징워터.xlsx,프레쥬 오리지날 허브 자연약쑥 클렌징워터,,Kg,,Kg,,,결 재,담 당,부서장,,,,6
1893571f-854c-45d1-b8b9-21dfdc048f80,FJEC001,FJEC001_프레쥬 유주허니 캡슐 아이크림(공정).xlsx,프레쥬 유주허니 캡슐 아이크림,,Kg,,Kg,,,결 재,담 당,부서장,*메인탱크에 투입시 100메쉬 여과 거칠 것,총소요시간,*제조량은 제조탱크의 60-85% 사이가 되게 할 것. (최대 850kg) *유화온도 엄수(메인탱크 유화전 스팀 넣을 것),10
7fddfb42-6400-4c49-8509-065f7c73af47,FJEC006,FJEC006_프레쥬 레틴콜라겐 아이크림(공정).xlsx,프레쥬 레틴 콜라겐 3D 코어 아이크림,,Kg,,Kg,,,결 재,담 당,부서장,*메인탱크에 투입시 100메쉬 여과 거칠 것,총소요시간,"*유화온도 엄수(메인탱크 유화전 스팀 넣을 것) *1,2,3차 유화 중간에 멈춤없이 연속작업으로 진행할 것.",9
740118da-e57f-44e8-a8a5-bf9c677b263a,FJES001,FJES001_프레쥬 알케믹 진세노사이드 컨투어 아이세럼 공정.xlsx,프레쥬 알케믹 진세노사이드 컨투어 아이 세럼,,Kg,,Kg,,,결 재,담 당,부서장,*제조량은 제조탱크의 60-85% 사이가 되게 할 것. (최대 850kg),,,9
8df85edf-eb85-4d2a-a9d7-9129ae3ddf07,FJEX002,FJEX002_프레쥬 어성초인텐시브카밍에센스 공정도.xlsx,프레쥬 어성초 인텐시브 카밍 에센스,,Kg,,Kg,,,결 재,담 당,부서장,- 탈포 최대한 할 것 (자연탈포 잘 안됨) - 특히 동절기에 상온(28-33도)상태의 공정을 유지해야 투명하게 제조된다.,,,8
c63a52b3-6092-4a65-8968-634669a718a7,FJEX003,FJEX003_프레쥬 오리지날자연약쑥 파하필링에센스 공정도.xlsx,프레쥬 오리지날 자연약쑥 파하 필링 에센스,,Kg,,Kg,,,결 재,담 당,부서장,- 탈포 최대한 할 것 (자연탈포 잘 안됨) - 특히 동절기에 상온(28-33도)상태의 공정을 유지해야 투명하게 제조된다.,,,7
574dfb38-c403-40c3-8b4c-d7b57bab9930,FJFC002,FJFC002_프레쥬 오리지날허브자연약쑥클렌징폼.xlsx,프레쥬 오리지날 허브 자연약쑥 클렌징폼,,Kg,,Kg,,,결 재,담 당,부서장,*일정 점/경도가 생성되기 전까지 냉각 교반할 것. *솔잎가루 균일분산에 주의할 것. * 1300가마 기준 830kg 초과 제조하지말 것,,,8
0c2f6079-4490-4571-a9eb-a0d0e2666c1f,FJFC003,FJFC003_프레쥬 어성초 블레미쉬약산성클렌징폼.xlsx,프레쥬 어성초 블레미쉬 약산성 클렌징폼,,Kg,,Kg,,,결 재,담 당,부서장,여드름완화 기능성화장품 제조량 최대 830kg,,,8
783bb32d-42f9-41b4-a839-2f6376d2fdfa,FJFC004,FJFC004_프레쥬 유주허니 올클리어클렌징폼.xlsx,프레쥬 유주허니 올 클리어 클렌징폼,,Kg,,Kg,,,결 재,담 당,부서장,*호모믹서 가마 사용할 것.,,,7
f12608c8-b966-413c-82b4-4e12254258fb,FJFC005,FJFC005_프레쥬 레틴콜라겐3D코어 클렌징폼.xlsx,프레쥬 레틴 콜라겐 3D 코어 클렌징폼,,Kg,,Kg,,,결 재,담 당,부서장,"*호모믹서 가마 사용할 것. *31**분산 공정은 하루전을 넘기지 말것, 하루전 불가시 당일 작업을 택할 것.",,,7
03ecde99-156e-4ae9-be74-369a6ffdf8ce,FJGB001,FJGB001_프레쥬 어성초 블레미쉬 클렌징 젤밤 공정.xlsx,프레쥬 어성초 블레미쉬 클렌징 젤 밤,,Kg,,Kg,,,결 재,담 당,부서장,,,,7
4cae185b-a3c5-4f2e-95a9-0613bc9c6bf2,FJGC007,FJGC007_프레쥬 바이옴 락토-5 밸런스 젤클렌저 공정.xlsx,프레쥬 바이옴 5-락토 밸런스 젤 클렌저,,Kg,,Kg,,,결 재,담 당,부서장,*호모믹서 가마 사용할 것.,,,7
f56e117a-257b-460a-b6f3-3a4ad9c33c85,FJLM002,FJLM_프레쥬 립슬리핑마스크 2종.xlsx,프레쥬 유주허니 립 슬리핑 마스크,,Kg,,Kg,,,결 재,담 당,부서장,,,,5
5dadde4e-b2e6-40ac-8704-76f30c1c8796,FJLO001,FJLO001_프레쥬 레틴콜라겐 립오일 공정.xlsx,프레쥬 레틴콜라겐 3D 코어 립 오일,,Kg,,Kg,,,결 재,담 당,부서장,,,,7
6e753ab8-7b51-4575-b305-5caf311b4b3a,FJMK003,FJMK003_프레쥬 프로모이스처 밀크토닝클레이마스크 공정.xlsx,프레쥬 프로 모이스처 밀크 토닝 클레이 마스크,,Kg,,Kg,,,결 재,담 당,부서장,*메인탱크에 투입시 100메쉬 여과 거칠 것,총소요시간,*제조량은 제조탱크의 50-85% 사이가 되게 할 것. (최대 850kg),10
dfef4646-04e5-452e-82ca-644c3f247bc1,FJMK004,FJMK004_프레쥬 유주허니 안티멜라캡슐마스크 공정.xlsx,프레쥬 유주허니 안티 멜라 캡슐 마스크,,Kg,,Kg,,,결 재,담 당,부서장,*메인탱크에 투입시 100메쉬 여과 거칠 것,총소요시간,*제조량은 제조탱크의 45-85% 사이가 되게 할 것. (최대 850kg),9
c8911758-046c-4a9b-9268-57f2f14f830a,FJMK005,FJMK005_프레쥬 어성초 포어멜팅겔마스크 공정.xlsx,프레쥬 어성초 포어 멜팅 겔 마스크,,Kg,,Kg,,,결 재,담 당,부서장,*제조량은 제조탱크의 45-85% 사이가 되게 할 것. (최대 850kg),,,10
59661e6b-3ff1-4ce3-a8d0-98ff8cfc10a7,FJMK006,FJMK006_프레쥬 레틴콜라겐래디언스마스크 공정.xlsx,프레쥬 레틴 콜라겐 3D 코어 래디언스 마스크,,Kg,,Kg,,,결 재,담 당,부서장,,,,8
1024b440-0de4-4fe6-9041-eee1eca19e8b,FJMK007,FJMK007_프레쥬 바이옴 리텍스처라이징 로지 마스크 공정.xlsx,프레쥬 바이옴 5-락토 리텍스쳐라이징 로지 마스크,,Kg,,Kg,,,결 재,담 당,부서장,*메인탱크에 투입시 100메쉬 여과 거칠 것,총소요시간,*제조량은 제조탱크의 50-85% 사이가 되게 할 것. (최대 850kg),11
a0c229a3-1765-4b59-b93f-df4db18f6b82,FJMK008,FJMK008_프레쥬 알케믹 진세노사이드 엑소랩 마스크 공정.xlsx,프레쥬 알케믹 진세노사이드 엑소 랩 마스크,,Kg,,Kg,,,결 재,담 당,부서장,*피막제 용해는 패들의 속도보다는 고온과 시간에 좌우된다. *제조량 적을시 수상은 외부 Stirring(실온/30분이상)후 메인에서 가온 분산 가능 *부상후 내용물표면에 접하게 비닐커버 할 것. (2중 밀봉),,,9
3ca67361-360e-4c89-9aa7-20b87e0d911f,FJMT001,FJMT001_프레쥬 레틴콜라겐3D코어앰플미스트.xlsx,프레쥬 레틴 콜라겐 3D 코어 앰플미스트,,Kg,,Kg,,,결 재,담 당,부서장,,,,4
23fc9eda-2b9c-41f1-b39c-fd45e51a0308,FJMT002,FJMT002_프레쥬 프로 모이스처크림미스트 공정.xlsx,프레쥬 프로 모이스처 크림 미스트,,Kg,,Kg,,,결 재,담 당,부서장,,,,6
d54b677f-b9e1-4a34-9685-e4bb857ddf56,FJOF001,FJOF001_프레쥬 레틴콜라겐 3D 코어 오일투폼클렌저 공정.xlsx,프레쥬 레틴콜라겐 3D 코어 오일 투 폼클렌저,,Kg,,Kg,,,결 재,담 당,부서장,,,,8
260b01af-22ae-4160-b9fb-3d7009186fe3,FJOF002,FJOF002_프레쥬 알케믹 진세노사이드 오일투폼클렌저 공정.xlsx,프레쥬 알케믹 진세노사이드 오일 투 폼클렌저,,Kg,,Kg,,,결 재,담 당,부서장,,,,8
78bd6521-ceff-46f5-a65b-0a7c1363da39,FJPD001,FJPD001_프레쥬 오리지날허브자연약쑥 포어패드.xlsx,프레쥬 오리지날 허브 자연약쑥 포어 패드,,Kg,,Kg,,,결 재,담 당,부서장,특히 동절기에 상온(30-35도)상태의 공정을 유지해야 투명하게 제조된다.,,,2
fa878fa1-6545-45b4-94d4-ef11af2db80a,FJPG002,FJPG002_프레쥬 오리지날허브약쑥필링젤.xlsx,프레쥬 오리지날 허브 약쑥 필링젤,,Kg,,Kg,,,결 재,담 당,부서장,*실온공정,,,9
3989192f-3952-49be-9245-dbac3aae0491,FJPK001,FJPK001_프레쥬 오리지날허브자연약쑥산소마스크팩.xlsx,프레쥬 오리지날 허브 자연약쑥 산소 마스크팩,,Kg,,Kg,,,결 재,담 당,부서장,* 실온공정 * 기포발생을 최대한 억제하며 제조할 것. * 탈포공정 없음 * 혼합공정에서 호모는 기포발생 최소화하며 혼합하는 적정속도로 할 것.,총소요시간,* 휘발성원료(8110)은 투입직전 계량할 것. * 휘발성 있는 원료가 포함되어 있으므로 가온하지 말 것. * 부상시 맑은 액체부분이 발견되면 연구소 연락할 것. * 벌크 보관시 내용물 표면에도 비닐커버하여 2중 밀봉할 것.,10
03f844d3-4d3d-4f1d-80d3-e6d74beeb1e5,FJPW000,FJPW000_프레쥬 프로모이스처엔자임파우더워시.xlsx,프레쥬 프로 모이스처 엔자임 파우더 워시,,Kg,,Kg,,,결 재,담 당,부서장,*실온공정,,,2
489b7ac5-6b25-44da-9a1d-627632392e21,FJPW001,FJPW001_프레쥬 레틴콜라겐 코어 파우더워시 공정.xlsx,프레쥬 레틴콜라겐 3D 코어 파우더 워시,,Kg,,Kg,,,결 재,담 당,부서장,*실온공정,,,2
a6f9c7f9-0024-4d72-9416-eca217555fbd,FJSC002,FJSC002_프레쥬 어성초 에어리핏 선크림 공정.xlsx,프레쥬 어성초 에어리 핏 선크림,,Kg,,Kg,,,결 재,담 당,부서장,,,,6
2a9f47b0-c329-4f0c-84fc-aaea25787b4e,FJSC001,FJSC_프레쥬 오리지날허브자연약쑥디펜딩썬마스크.xlsx,,,Kg,,Kg,,,결 재,담 당,부서장,,,,7
12ba9a1c-fb1c-40ae-8b88-82640473e211,FJSL001,FJSL001_프레쥬 오리지날허브자연약쑥진정토너.xlsx,프레쥬 오리지날 허브 자연약쑥 진정토너,,Kg,,Kg,,,결 재,담 당,부서장,특히 동절기에 상온(30-35도)상태의 공정을 유지해야 투명하게 제조된다.,,,2
f3430985-f815-4185-adfe-9e1c2e654f18,FJSL002,FJSL002_프레쥬 프로모이스처크리미토너.xlsx,프레쥬 프로 모이스처 크리미 토너,,Kg,,Kg,,,결 재,담 당,부서장,,,,7
81479b92-53a4-4650-8463-5b95a4beb9c3,FJSL003,FJSL003_프레쥬 유주허니에센셜토너.xlsx,프레쥬 유주 허니 에센셜 토너,,Kg,,Kg,,,결 재,담 당,부서장,,,,8
0b1eca22-9b29-4d62-a46c-feb085f0c74d,FJSL004,FJSL004_프레쥬 어성초 블레미쉬토너(공정).xlsx,프레쥬 어성초 블레미쉬 토너,,Kg,,Kg,,,결 재,담 당,부서장,,,,6
c292a8b5-0780-49b1-ac86-171bc2ce0c6d,FJSL006,FJSL006_프레쥬 레틴콜라겐3D코어토너(공정).xlsx,프레쥬 레틴 콜라겐 3D 코어 토너,,Kg,,Kg,,,결 재,담 당,부서장,,,,6
1e8b9f6a-0649-4993-ad44-16b233b0e562,FJSL007,FJSL007_프레쥬 바이옴 5-락토 밸런스토너 공정.xlsx,프레쥬 바이옴 5-락토 밸런스 토너,,Kg,,Kg,,,결 재,담 당,부서장,,,,6
69e2ea2a-fcb7-4daf-9d0f-16e589f7409a,FJSL008,FJSL008_프레쥬 알케믹 진세노사이드 허벌 알엑스 토너 공정.xlsx,프레쥬 알케믹 진세노사이드 허벌 알엑스 토너,,Kg,,Kg,,,결 재,담 당,부서장,,,,6
bcfdae71-60fd-4b7e-9954-80ada973e2ce,FJSM001,FJSM_프레쥬 오리지날 인진쑥 스팀 마스크.xlsx,프레쥬 오리지날 인진쑥 스팀 마스크,,Kg,,Kg,,,결 재,담 당,부서장,* 이물 혼입 안되도록 주의할것.,총소요시간,"* 제조량은 제조탱크의 60-80% 범위로 잡을 것 * 무수타입 제품이므로 제조공정중 수분 혼입되지 않도록 주의할 것. * 색소파트 용해시 PG(가온)에 색소파우더 먼저 완전히 녹인후(1시간이상), FruitMax 투입할 것.",10
debbb01c-c99e-4c4b-8a57-f7e20c3229b5,FJWE001,FJWE001_프레쥬 알케믹 진세노사이드 워터리 에센스 공정.xlsx,프레쥬 알케믹 진세노사이드 워터리 에센스,,Kg,,Kg,,,결 재,담 당,부서장,,,,8
6b538f68-ef3e-4c05-8749-cd9706d2a206,GVHC_____,GVHC_지피엠 플라워인스파이어핸드크림.xlsx,,,Kg,,Kg,,,결 재,담 당,부서장,*메인탱크에 투입시 100메쉬 여과 거칠 것,총소요시간,,10
8514378e-8b89-41a2-91d9-63c78135a8c7,HCBC001,HCBC001_호텔 크레센도 너리싱 바디워시 공정.xlsx,호텔 크레센도 너리싱 바디워시,,Kg,,Kg,,,결 재,담 당,부서장,,,,6
a264e8a2-8a7d-4b7c-ac82-c46f5e7570dd,HCBL001,HCBL001_호텔 크레센도 너리싱 바디로션 공정.xlsx,호텔 크레센도 너리싱 바디로션,,Kg,,Kg,,,결 재,담 당,부서장,*메인탱크에 투입시 100메쉬 여과 거칠 것,총소요시간,,9
5174b7f0-b81f-457d-b2e1-b940e8d56f63,HCHW001,HCHW001_호텔 크레센도 젠틀 핸드워시 공정.xlsx,호텔 크레센도 젠틀 핸드워시,,Kg,,Kg,,,결 재,담 당,부서장,,,,6
35499a01-f4ee-43ed-9f17-b24ac999a34e,HCRS001,HCRS001_호텔 크레센도 너리싱 컨디셔너 공정.xlsx,호텔 크레센도 너리싱 컨디셔너,,Kg,,Kg,,,결 재,담 당,부서장,*유상을 메인탱크에서 용해 *원료 BTAC80 때문에 타 제품들에 비해 용해 온도 높음 *숙성기간: 3일 이상,,,8
a6ecae54-7bad-4406-a800-8db7f6a0f5d7,HCSP001,HCSP001_호텔 크레센도 너리싱 샴푸 공정.xlsx,호텔 크레센도 너리싱 샴푸,,Kg,,Kg,,,결 재,담 당,부서장,,,,6
5be49316-1f69-49b3-998e-c736e1f8a153,HFBC_____,HFBC002-4_하파데이 시카&세라 바디스크럽워시 공정.xlsx,하파데이 시카&세라 바디 스크럽 워시,,Kg,,Kg,,,결 재,담 당,부서장,,,,9
7c8439a6-9748-4873-ae3d-78ff5f477ad1,HFBC001,HFBC_하파데이 밀크 바디워시.xlsx,하파데이 예쓰 밀크 바디워시,,Kg,,Kg,,,결 재,담 당,부서장,,,,5
056c2cf9-2802-4aa7-bdf9-aca6cdeb262f,HFBL001,HFBL_하파데이 밀크 바디로션.xlsx,하파데이 예쓰 밀크 바디로션,,Kg,,Kg,,,결 재,담 당,부서장,*메인탱크에 투입시 100메쉬 여과 거칠 것,총소요시간,,10
0689a5a9-2996-465b-bb36-71bb7a840c82,HFHW_____,HFHW_하파데이 퍼퓸드포밍핸드워시.xlsx,하파데이 퍼퓸드 포밍 핸드워시,,Kg,,Kg,,,결 재,담 당,부서장,,,,5
b512b769-fef6-40db-9140-706964bcfacb,ILMT______,ILMT_이즈리프 인티메이트미스트포맨.xlsx,,,Kg,,Kg,,,결 재,담 당,부서장,,,,6
bce9087c-3749-4833-9622-6b16fa203466,ILWS_______,ILWS001 2 8_이즈리프 인티메이트워시포맨.xlsx,이즈리프 인테메이트 워시 포맨,,Kg,,Kg,,,결 재,담 당,부서장,,,,7
40b4ae5a-4471-4cc9-b4eb-8097a2ff4b57,ILWS_______,ILWS003 4 7_이즈리프 퓨어 페미닌 버블 클렌져.xlsx,이즈리프 퓨어 페미닌 버블클렌져,,Kg,,Kg,,,결 재,담 당,부서장,,,,7
5c8cbc4c-49bd-4d23-9825-a6bfae57c9e9,ILWS_______,ILWS005 6_이즈리프 퀸즈밸런스 페미닌워시.xlsx,이즈리프 퀸즈 밸런스 페미닌 워시,,Kg,,Kg,,,결 재,담 당,부서장,,,,7
e2330f57-ae4e-4ede-9bae-ed19ac5935d3,ILWS009,ILWS009_이즈리프 인티메이트 워시젤 포맨 공정.xlsx,이즈리프 인티메이트 워시 젤 포맨 프레쉬,,Kg,,Kg,,,결 재,담 당,부서장,,,,6
1916f26d-4e50-4811-ac97-7214cd908f2a,ILWSP____,ILWSP_이즈리프 인티메이트워시(파우치).xlsx,이즈리프 인티메이트 워시 (파우치),,Kg,,Kg,,,결 재,담 당,부서장,,,,8
a59007ec-1c01-445e-85a6-bab976a89b76,JOCO001,JOCO001_제이온 버드네스트클렌징오일.xlsx,제이온 버드네스트 클렌징오일,,Kg,,Kg,,,결 재,담 당,부서장,,,,6
fe8f383b-3a82-488b-95f4-401f3cb64d97,JOCO002,JOCO002_제이온 에이씨 더마 레메디알 클렌징오일 공정.xlsx,제이온 에이씨 더마 레메디알 클렌징 오일,,Kg,,Kg,,,결 재,담 당,부서장,`- 제조전 제조설비의 물기를 완전히 제거할 것.,,,7
4c9043ba-69b5-4f6f-9049-3b2d5eda7c41,JOCR001,JOCR001_제이온 에이씨 더마레메디알크림 공정.xlsx,제이온 에이씨 더마 레메디알 크림,,Kg,,Kg,,,결 재,담 당,부서장,*메인탱크에 투입시 100메쉬 여과 거칠 것 *투입순서 중요,총소요시간,*제조량은 제조탱크의 60-85% 사이가 되게 할 것. (최대 850kg),9
f759ace6-7016-43cd-98fa-3b350865d1fd,JOCR002,JOCR002_제이온 누드스킨미라클씨씨크림 공정.xlsx,제이온 누드 스킨 미라클 씨씨크림,,Kg,,Kg,,,결 재,담 당,부서장,,,,7
9b15add4-3488-4eda-827d-7da3fac26b98,JOCR003,JOCR003_제이온 버드네스트 피디알엔크림 공정.xlsx,제이온 버드네스트 피디알엔 크림,,Kg,,Kg,,,결 재,담 당,부서장,*메인탱크에 투입시 100메쉬 여과 거칠 것 *투입순서 중요,총소요시간,*제조량은 제조탱크의 60-85% 사이가 되게 할 것. (최대 850kg),9
45dd176c-f688-4aa6-87f5-90f7b8281f6f,JOEC001,JOEC001_제이온 버드네스트 리바이브아이크림 공정.xlsx,제이온 버드네스트 리바이브 아이크림,,Kg,,Kg,,,결 재,담 당,부서장,*메인탱크에 투입시 100메쉬 여과 거칠 것 *투입순서 중요,총소요시간,*제조량은 제조탱크의 60-85% 사이가 되게 할 것. (최대 850kg),9
06783c61-9577-4ddd-bb6f-d83732b06ddb,JOFC001,JOFC001_제이온 버드네스트클렌징폼.xlsx,제이온 버드네스트 클렌징폼,,Kg,,Kg,,,결 재,담 당,부서장,*일정 점/경도가 생성되기 전까지 교반을 종료하지 말 것,,,8
782d26b9-6d10-4225-88e0-e3795dfd8558,JOFC004,JOFC004_제이온 차콜젠틀폼클렌징.xlsx,제이온 차콜 젠틀 폼클렌징,,Kg,,Kg,,,결 재,담 당,부서장,*일정 점/경도가 생성되기 전까지 교반을 종료하지 말 것,,,8
bc1e5e42-a917-4242-bbd5-0a08982cdc44,JOFC005,JOFC005_제이온 에이씨더마레메디알클렌징폼 공정.xlsx,제이온 에이씨 더마 레메디알 클렌징폼,,Kg,,Kg,,,결 재,담 당,부서장,*메인탱크에 투입시 100메쉬 여과 거칠 것 *가급적 기포생성을 줄일 것,총소요시간,* 기포발생주의. 완전탈포. 종료온도 엄수. 부상전 샘플채취해 파우더 완전용해 확인할 것. * 제조량 책정시 가마 여유공간 고려할 것 (최대 700kg),8
fd000a27-6d4f-4b50-a9f6-2b87756f09f2,JOFC______,JOFC_제이온 젠틀폼클렌저.xlsx,,,Kg,,Kg,,,결 재,담 당,부서장,*일정 점/경도가 생성되기 전까지 교반을 종료하지 말 것,,,8
9bd083d6-4145-4e8b-a1f3-5c8005f44ba8,JOFT003,JOFT_제이온 스네일데일리풋크림.xlsx,제이온 스네일 데일리 풋크림,,Kg,,Kg,,,결 재,담 당,부서장,*메인탱크에 투입시 100메쉬 여과 거칠 것,총소요시간,,10
b211d133-2816-4e42-845f-993a8cc5615d,JOHC______,JOHC_제이온 데일리핸드크림.xlsx,제이온 데일리 핸드크림,,Kg,,Kg,,,결 재,담 당,부서장,*메인탱크에 투입시 100메쉬 여과 거칠 것,총소요시간,,10
528d8c8f-7609-49c8-af7a-87728e4cd077,JOLS001,JOLS001_제이온 립필업세럼.xlsx,제이온 립 필 업 세럼,,Kg,,Kg,,,결 재,담 당,부서장,,,,6
53f84ab2-1d2e-45b3-ab2e-464a2e2c3365,JOLS002,JOLS002_제이온 슈가립스크럽.xlsx,제이온 슈가 립 스크럽,,Kg,,Kg,,,결 재,담 당,부서장,,,,7
aaf09789-8c79-46ef-bb80-409d051f4328,JOPK001,JOPK001_제이온 아티초크 슬리핑팩.xlsx,제이온 아티초크 슬리핑팩,,Kg,,Kg,,,결 재,담 당,부서장,,,,8
afeaadc1-fda4-4184-9e92-adf123322ffc,JOPK002,JOPK002_제이온 허니워시오프마스크팩.xlsx,제이온 허니 워시오프 마스크팩,,Kg,,Kg,,,결 재,담 당,부서장,*메인탱크에 투입시 100메쉬 여과 거칠 것 *투입순서 중요,총소요시간,,9
d211c0fb-587a-4092-b0f9-2c294e85902d,JOPK003,JOPK003_제이온 비타글로우슬리핑팩.xlsx,제이온 비타 글로우 슬리핑팩,,Kg,,Kg,,,결 재,담 당,부서장,*메인탱크에 투입시 100메쉬 여과 거칠 것 *투입순서 중요,총소요시간,*제조량은 제조탱크의 60-85% 사이가 되게 할 것. (최대 850kg),10
b62d3a7d-1c8e-4f82-97e6-d3d828a159f7,JOPK004,JOPK004_제이온 콜라겐슬리핑팩.xlsx,제이온 콜라겐 슬리핑팩,,Kg,,Kg,,,결 재,담 당,부서장,*메인탱크에 투입시 100메쉬 여과 거칠 것 *투입순서 중요,총소요시간,,8
1e72a638-283c-41c7-8fef-f2ec063bebb9,JOPK005,JOPK005_제이온 엘에이치에이필링젤.xlsx,제이온 엘에이치에이 필링젤,,Kg,,Kg,,,결 재,담 당,부서장,*실온공정,,,9
1107ed59-4dc2-42cc-a4f5-2d5d0449c9c8,JOPK006,JOPK006_제이온 펌킨슬리핑팩.xlsx,제이온 펌킨 슬리핑팩,,Kg,,Kg,,,결 재,담 당,부서장,*메인탱크에 투입시 100메쉬 여과 거칠 것 *투입순서 중요,총소요시간,*제조량은 제조탱크의 60-85% 사이가 되게 할 것. (최대 850kg),8
c524e127-dada-4a5a-b230-b266b5ace54a,JOPW001,JOPW001_제이온 마차 엔자임 파우더 워시.xlsx,제이온 마차 엔자임 파우더 워시,,Kg,,Kg,,,결 재,담 당,부서장,*실온공정,,,2
85f4f4fe-630b-4082-862e-b5c15dc88460,JOSC001,JOSC001_제이온 젠틀포어스크럽.xlsx,제이온 젠틀 포어 스크럽,,Kg,,Kg,,,결 재,담 당,부서장,*메인탱크에 투입시 100메쉬 여과 거칠 것,총소요시간,*탈포공정 특히 중요함. *제조량은 제조탱크의 50-75% 내에서 잡을 것. *벌크 외부 발송시 비닐 이중포장(내용물 밀착).,9
a435ebe8-5923-496b-af23-1208445b3c84,JOSL001,JOSL001_제이온 에이씨 더마 레메디알 토너 공정.xlsx,제이온 에이씨 더마 레메디알 토너,,Kg,,Kg,,,결 재,담 당,부서장,,,- 실온 공정 (점증제 분산에만 열수 사용) - 점증제 분산 공정 특히 중요,10
327ec117-52a7-4b47-9b67-f63532fbdfab,JOSR001,JOSR001_제이온 에이씨 레메디알세럼.xlsx,제이온 에이씨 더마 레메디알 세럼,,Kg,,Kg,,,결 재,담 당,부서장,*투명 점액상,,,6
00c57796-f8ee-4564-b6de-85f36c20e945,JOSS______,JOSS_제이온 솔트 바디스크럽.xlsx,,,Kg,,Kg,,,결 재,담 당,부서장,,,,8
3558b6c4-c9f5-4a35-a885-da4ff1166e3e,KBBC______,KBBC_키스바이 로즈마인 스텔라리바디워시 공정.xlsx,키스바이 로즈마인 스텔라리 바디워시,,Kg,,Kg,,,결 재,담 당,부서장,,,,5
13abdeb1-04e4-4400-bedc-7f04f6cbba0e,KBCR_____,KBCR_키스바이 로즈마인 프래그런스크림.xlsx,키스바이 로즈마인 프래그런스 크림,,Kg,,Kg,,,결 재,담 당,부서장,*메인탱크에 투입시 100메쉬 여과 거칠 것,총소요시간,,9
2a184753-3a25-4c05-adbc-078f2eb5b11b,KBHC_____,KBHC_키스바이로즈마인 프래그런스핸드크림.xlsx,키스바이 로즈마인 프래그런스 핸드크림,,Kg,,Kg,,,결 재,담 당,부서장,*메인탱크에 투입시 100메쉬 여과 거칠 것,총소요시간,,9
0614b43d-d7c2-46ff-adee-b56aaf2badf7,KBOW______,KBOW_키스바이 로즈마인프래그런스오일워시 공정.xlsx,키스바이 로즈마인 프래그런스 오일워시,,Kg,,Kg,,,결 재,담 당,부서장,,,,6
1c8d668a-27f7-4ca8-9037-9f60e71b666c,KMHC000,KMHC_켈리스 모이스처크림.xlsx,켈리스 모이스처 크림,,Kg,,Kg,,,결 재,담 당,부서장,*메인탱크에 투입시 100메쉬 여과 거칠 것,총소요시간,,8
ddc1fa34-831d-4d1d-b222-241dcc0a463c,KSAM001,KSAM001_까마 옴므 아크아 바이오모이스처라이저 공정.xlsx,까마 옴므 아쿠아 바이오 모이스처라이저,,Kg,,Kg,,,결 재,담 당,부서장,*메인탱크에 투입시 100메쉬 여과 거칠 것,총소요시간,"*실온공정, 반투명 젤상",10
16ea2405-61e3-4b09-b5b6-285f32c975e3,KSAT001,KSAT001_까마 옴므 아쿠아 바이오 토너 공정.xlsx,까마 옴므 아쿠아 바이오 토너,,Kg,,Kg,,,결 재,담 당,부서장,*특히 동절기에 상온(20-35도)상태의 공정을 유지해야 투명하게 제조된다. *투명액상,,,2
f3e7409d-7dbc-41d1-a762-6215ecf01fc9,KSCL000,KSCL_까마올소 옴므셀발란스로션.xlsx,,,Kg,,Kg,,,결 재,담 당,부서장,*메인탱크에 투입시 100메쉬 여과 거칠 것,총소요시간,,9
85162dd3-1cff-4c69-9971-194adc1dd04c,KSCS000,KSCS_까마올소 옴므셀발란스스킨.xlsx,까마올소 옴므 셀 발란스 스킨,,Kg,,Kg,,,결 재,담 당,부서장,특히 동절기에 상온(30-35도)상태의 공정을 유지해야 투명하게 제조된다.,,,2
ac4130cc-b7dd-4e2b-af7a-eefd95c19bc9,KSMLR00,KSMLR_까마올소 마일드트리트먼트로션.xlsx,까마올소 마일드 트리트먼트 로션,,Kg,,Kg,,,결 재,담 당,부서장,*메인탱크에 투입시 100메쉬 여과 거칠 것,총소요시간,,9
dcd3d7f6-465a-421f-a9d5-75af5f57c941,KSMSR00,KSMSR_까마올소 마일드트리트먼트스킨.xlsx,까마올소 마일드 트리트먼트 스킨,,Kg,,Kg,,,결 재,담 당,부서장,,,,6
d9bcfb32-b33b-4596-95d1-f52e9b0d65f9,LAHC000,LAHC_에바스 레몬에이드핸드크림.xlsx,에바스 레몬에이드 핸드크림,,Kg,,Kg,,,결 재,담 당,부서장,*메인탱크에 투입시 100메쉬 여과 거칠 것,총소요시간,,10
beff6286-cf2f-45dc-947d-f83557b8d4cd,LBCR000,LBCR_로즈문 씨씨크림.xlsx,로즈문 씨씨 크림,,Kg,,Kg,,,결 재,담 당,부서장,,,,7
544e410b-b816-4079-adc4-8a4681bf71fd,MLAL_______,MLAL_미미로린스 어포더블럭셔리.xlsx,,,Kg,,Kg,,,결 재,담 당,부서장,,,,6
4e870634-ffef-4deb-a409-f809d9e03354,MLBC______,MLBC006-010_미미로린스 하니수플레크리미바디워시.xlsx,,,Kg,,Kg,,,결 재,담 당,부서장,,,,5
a5bf0aa1-bc78-428e-95f8-ce7d244f41cb,MLBC______,MLBC_미미로린스 씬트리메인퍼퓸드바디워시.xlsx,,,Kg,,Kg,,,결 재,담 당,부서장,,,,6
ab961004-1256-46e6-9124-05322a7c69be,MLBC______,MLBC_미미로린스 하니수플레크리미인바디워시.xlsx,,,Kg,,Kg,,,결 재,담 당,부서장,,,,5
eec5fbc5-0a33-4016-afe5-bd329eb14880,MLBL_____,MLBL_미미로린스 씬트리메인퍼퓸드바디에멀젼.xlsx,미미로린스 모먼트 바디로션,,Kg,,Kg,,,결 재,담 당,부서장,*메인탱크에 투입시 100메쉬 여과 거칠 것,총소요시간,,9
0b766055-2f60-456b-938e-11bb304894da,MLBM_______,MLBM002-4_미미로린스 모먼트코스트 바디미스트.xlsx,미미로린스 모먼트 코스트 바디미스트,,Kg,,Kg,,,결 재,담 당,부서장,,,,2
4d560cbe-ec65-4825-801b-8df55d82faf2,MLBM001,MLBM_미미로린스 씬트리메인퍼퓸드바디미스트.xlsx,미미로린스 씬트리메인 퍼퓸드 바디미스트,,Kg,,Kg,,,결 재,담 당,부서장,,,,2
d8968160-1f0a-4610-9c8c-c9cef61edda2,MLBS______,MLBS_미미로린스 씬트리메인퍼퓸드바디스플래쉬.xlsx,,,Kg,,Kg,,,결 재,담 당,부서장,,,,2
675c277a-7463-4eec-a7d6-34a9e072cb6f,MLCR_______,MLCR_미미로린스 하니스플레바디크림.xlsx,미미로린스 하니수플레 바디크림,,Kg,,Kg,,,결 재,담 당,부서장,*원료투입시 100메쉬 여과 거칠 것,총소요시간,,9
f9baf688-c1f4-4fa5-af77-26ebe4368fdb,MLDF_______,MLDF_미미로린스 씬트리메인디퓨져.xlsx,,,Kg,,Kg,,,결 재,담 당,부서장,,,,2
129ef96d-d045-41a0-bc8e-f126fc184946,MLDM_______,MLDM011-020_미미로린스 드레스퍼퓸미스트 딥퍼퓸레이블.xlsx,(미미로린스 드레스 퍼퓸 미스트 딥퍼퓸 레이블),,Kg,,Kg,,,결 재,담 당,부서장,,,,2
5c556427-2bc2-417c-be3e-fbcd53d5090c,MLDM_______,MLDM_미미로린스 드레스퍼퓸미스트.xlsx,,,Kg,,Kg,,,결 재,담 당,부서장,,,,2
6cfd77f8-314d-47e3-87de-d0c368161682,MLHA_____,MLHA_미미로린스 씬트리메인EFA프로테인헤어앰플 4종.xlsx,,,Kg,,Kg,,,결 재,담 당,부서장,*수상에서 점증제 완전용해 확인후 12** 투입할 것.,총소요시간,,8
8f636d9d-6679-411f-aa96-30757918df6a,MLHC_____,MLHC006-009_미미로린스 모먼트 플랜트 핸드크림 공정.xlsx,미미로린스 모먼트 플랜트 핸드크림,,Kg,,Kg,,,결 재,담 당,부서장,*메인탱크에 투입시 100메쉬 여과 거칠 것,총소요시간,,10
1556612d-f721-4868-8e10-d5684d568d4d,MLHC_____,MLHC014-017_미미로린스 모먼트핸드크림.xlsx,미미로린스 모먼트 핸드크림,,Kg,,Kg,,,결 재,담 당,부서장,*메인탱크에 투입시 100메쉬 여과 거칠 것,총소요시간,,9
69a2de02-9995-4030-b86a-3fdd2234e00e,MLHC_____,MLHC018-020_미미로린스 모먼트 핸드 포마드크림.xlsx,미미로린스 모먼트 래디언스 핸드 포마드크림,,Kg,,Kg,,,결 재,담 당,부서장,,,,7
73f7ec5b-c402-4bc3-81c1-cddcac721dfd,MLHC_____,MLHC_미미로린스 뷰티레슨핸드크림.xlsx,,,Kg,,Kg,,,결 재,담 당,부서장,*메인탱크에 투입시 100메쉬 여과 거칠 것,총소요시간,,10
a9bbbf07-5be4-4c8c-956e-614b70fcdd98,MLHD______,MLHD_미미로린스 모먼트 래디언스 핸드솝 공정.xlsx,미미로린스 모먼트 래디언스 핸드솝,,Kg,,Kg,,,결 재,담 당,부서장,,,,7
1d94cbb5-772f-4192-bb55-04eb25f7002f,MLHS_______,MLHS_미미로린스 프로테인헤어세럼.xlsx,,,Kg,,Kg,,,결 재,담 당,부서장,,,,6
b8b56fd8-6f08-4ce4-911b-12631e628fb2,MLHW______,MLHW_미미로린스 모먼트플랜트핸드워시.xlsx,미미로린스 모먼트 플랜트 핸드워시,,Kg,,Kg,,,결 재,담 당,부서장,,,,7
7c0fe44a-c88d-438c-89ed-c08e4d1412ca,MLLS_____,MLLS_미미로린스 하니수플레리퀴드핸드솝5종.xlsx,,,Kg,,Kg,,,결 재,담 당,부서장,,,,5
a956528a-05df-4a95-84a8-6e7573b89853,MLPF_______,MLPF_미미로린스 모먼트 래디언스 퍼퓸.xlsx,미미로린스 모먼트 래디언스 퍼퓸,,Kg,,Kg,,,결 재,담 당,부서장,,,,6
96056e89-7543-45eb-8eaf-10b89e06be4d,MLPF_______,MLPF_미미로린스 모먼트오디너리퍼퓸.xlsx,미미로린스 모먼트 오디너리 퍼퓸,,Kg,,Kg,,,결 재,담 당,부서장,,,,5
8b628c47-3850-4d77-a1fd-162b89128b3c,MLPG_______,MLPG_미미로린스 모먼트퍼퓸.xlsx,미미로린스 모먼트 퍼퓸,,Kg,,Kg,,,결 재,담 당,부서장,,,,6
17f25c51-a553-4aa4-9675-b06e03ac1994,MLPP_______,MLPP_미미로린스 모먼트시크릿푸퍼퓸.xlsx,미미로린스 모먼트 시크릿 푸 퍼퓸,,Kg,,Kg,,,결 재,담 당,부서장,,,,2
787849a9-749c-42c7-a2ef-7bff49fd792e,MLRM_______,MLRM_미미로린스 씬트리메인룸미스트.xlsx,,,Kg,,Kg,,,결 재,담 당,부서장,,,,2
95344f47-6d17-4659-bced-e28a4f86a12c,MLRS005,MLRS_미미로린스 씬트리메인프로테인컨디셔너.xlsx,미미롤니스 모먼트 릴렉스 헤어 컨디셔너 그린 블리스,,Kg,,Kg,,,결 재,담 당,부서장,,,,9
23ec0fbe-6216-4056-b06e-1d53865a4f54,MLSC_______,MLSC_미미로린스 씬트리메인소이캔들.xlsx,,,Kg,,Kg,,,결 재,담 당,부서장,,,,4
15cc66f6-695d-4501-a2a7-a760d39452bd,MLSP005,MLSP_미미로린스 씬트리메인프로테인샴푸.xlsx,미미로린스 모먼트 릴렉스 헤어 샴푸 그린 블리스,,Kg,,Kg,,,결 재,담 당,부서장,,,,6
2b8da7c3-d391-4836-b95f-5e7f85139c66,MLST_______,MLST_미미로린스 씬트리메인사쉐.xlsx,,,Kg,,Kg,,,결 재,담 당,부서장,,,,4
c1b8c1cd-bf1c-44c4-916f-4e3f559cc750,MLTO001,MLTO001_미미로린스 태닝오일.xlsx,미미로린스 태닝 오일,,Kg,,Kg,,,결 재,담 당,부서장,,,,5
91940172-0e5c-4fda-9e9f-0bde8f282210,MRRS001,MRRS_미렐라와일 리퀴드펄컨디셔너.xlsx,미렐라 와일 리퀴드 펄 컨디션너,,Kg,,Kg,,,결 재,담 당,부서장,,,,9
14289c18-7c07-440e-9873-cc487fcf3463,MRSC002,MRSC_마르샹 바디베일.xlsx,마르샹 베디베일 (플로럴 퍼플),,Kg,,Kg,,,결 재,담 당,부서장,,,,2
97152a44-c836-4f65-b5a6-20db50c56ab2,MRSP001,MRSP_미렐라와일 리퀴드펄샴푸.xlsx,미렐라 와일 리퀴드 펄 셤푸,,Kg,,Kg,,,결 재,담 당,부서장,,,,2
6e26a5d8-575e-474f-861c-514cf19b1304,NABC_____,NABC-아로마 바디워시.xlsx,,,Kg,,Kg,,,결 재,담 당,부서장,,,,5
d96bd7a5-91d5-4d91-9344-02804e30fbea,NPBC_____,NPBC005_에바스 나뚜리아크리미밀크바디워시 4종.xlsx,에바스 나뚜리아 크리미 밀크 바디워시,,Kg,,Kg,,,결 재,담 당,부서장,,,,5
c29bb0a8-3b6d-4a17-9e25-083295403e3d,NPBC_____,NPBC_나뚜리아 퓨어바디워시 4종.xlsx,나뚜리아 퓨어 바디워시,,Kg,,Kg,,,결 재,담 당,부서장,,,,5
5cb20ea3-9960-44f9-b2fe-7105e1d9a088,NPSS______,NPSS_나뚜리아 크리미 오일솔트스크럽.xlsx,에바스 나뚜리아 크리미 오일 솔트 스크업,,Kg,,Kg,,,결 재,담 당,부서장,,,,8
7cc301fd-e603-4065-915f-b9679a7a80e9,OEBC000,OEBC000_오쎄 퓨어앤내추럴에코바디워시.xlsx,,,Kg,,Kg,,,결 재,담 당,부서장,,,,5
4377377a-77c7-45c3-b43b-595872e23ddb,OEBL000,OEBL000_오쎄 퓨어앤내추럴 바디로션.xlsx,,,Kg,,Kg,,,결 재,담 당,부서장,*원료투입시 100메쉬 여과 거칠 것,총소요시간,,10
74ab5da2-c937-4b5a-8ae3-10bd1fcd9747,OEFC000,OEFC000_오쎄 퓨어앤내추럴 에코 폼클렌저.xlsx,,,Kg,,Kg,,,결 재,담 당,부서장,*일정 점/경도가 생성되기 전까지 교반을 종료하지 말 것,,,8
42750891-90be-4f3e-b187-58b8a369ecbb,OEHC000,OEHC000_오쎄 퓨어앤내추럴에코핸드크림.xlsx,,,Kg,,Kg,,,결 재,담 당,부서장,*메인탱크에 투입시 100메쉬 여과 거칠 것,총소요시간,,10
741cb222-e99b-4123-aa74-2c4dcf86a481,OERS001,OERS001_오쎄 퓨어앤내추럴 에코 헤어 컨디셔너.xlsx,오쎄 퓨어앤내추럴 에코 헤어 컨디셔너,,Kg,,Kg,,,결 재,담 당,부서장,,,,9
f1c794f1-1dd3-41d2-a7c3-2d5014b13cac,OESP001,OESP001_오쎄 퓨어앤내추럴에코헤어샴푸.xlsx,오쎄 퓨어앤내추럴 에코 헤어 샴푸,,Kg,,Kg,,,결 재,담 당,부서장,,,,2
2ce29f47-3c54-4d5d-8660-416678da7070,PDBC004,PDBC003 4_페디슨 인스티튜트보떼 망고리치밸런싱바디워시.xlsx,페디슨 인스티튜트-보떼 자몽 핑크 밸런싱 바디워시,,Kg,,Kg,,,결 재,담 당,부서장,,,,5
4e2a886d-8755-4846-9be2-2ce09760c8c4,PDBC001,PDBC_페디슨 데오드바디클렌저.xlsx,페디슨 데오 드 바디클렌저,,Kg,,Kg,,,결 재,담 당,부서장,,,,6
ee9bd81e-723e-4d0d-a7f5-a5b59fef170e,PDBL000,PDBL_페디슨 바디로션.xlsx,페디슨 뉴트리티브 세라마이드 바디로션,,Kg,,Kg,,,결 재,담 당,부서장,*메인탱크에 투입시 100메쉬 여과 거칠 것,총소요시간,,10
1de1a400-a6b3-4ff7-b546-7c191a4b3b0c,PDCO001,PDCO001_페디슨 아로마틱넥타클렌징오일.xlsx,페디슨 아로마틱 넥타 클렌징 오일,,Kg,,Kg,,,결 재,담 당,부서장,,,,5
ddc0c9c7-2416-456f-92e3-6260ce81a00c,PDCW001,PDCW_페디슨 아이러브그린클렌징워터.xlsx,페디슨 아이러브 그린 클렌징워터,,Kg,,Kg,,,결 재,담 당,부서장,,,,6
f7693d71-2dba-4497-929d-52aa562d8cd9,PDFC001,PDFC_페디슨 폼.xlsx,페디슨 아로마틱 카밍 클렌징 폼,,Kg,,Kg,,,결 재,담 당,부서장,*일정 점/경도가 생성되기 전까지 교반을 종료하지 말 것,,,7
9bbef463-8af8-446a-bdb3-10fb7e628bc6,PDFO_______,PDFO_페디슨 아로마틱페이스오일.xlsx,페디슨 아로마틱 페이스 오일,,Kg,,Kg,,,결 재,담 당,부서장,,,,4
db2b19fb-ee78-4826-87d6-0dd1b7388a14,PDHC_____,PDHC_페디슨 뉴트리티브세라마이드핸드크림.xlsx,,,Kg,,Kg,,,결 재,담 당,부서장,*메인탱크에 투입시 100메쉬 여과 거칠 것,총소요시간,,10
0d5d7629-9ab5-4c46-8e28-38e6dcb3597a,PDHM000,PDHM000_페디슨 옴므인티메이트미스트오리지날.xlsx,페디슨 옴므 인티메이트 미스트 오리지날,,Kg,,Kg,,,결 재,담 당,부서장,,,,6
d482a529-4a13-4c1d-818a-a35a47c4d9a8,PDHM_______,PDHM_페디슨 인스티튜트보떼아르간퍼퓸헤어미스트.xlsx,페디슨 인스티튜트 보떼 아르간&퍼퓸 헤어 미스트,,Kg,,Kg,,,결 재,담 당,부서장,,,,7
f2a51eca-2a74-412e-86a6-22ae1aa1bda7,PDHS_______,PDHS_페디슨 인스티튜트보떼아르간&퍼퓸헤어세럼.xlsx,,,Kg,,Kg,,,결 재,담 당,부서장,,,,5
099a3816-c09e-4a75-ae56-a9726dc33051,PDHW000,PDHW_페디슨 옴므인티메이트워시오리지날.xlsx,페디슨 옴므 인티메이트 워시 오리지날,,Kg,,Kg,,,결 재,담 당,부서장,,,,7
6baf98ec-1444-4177-bb26-fe6425e43b1a,PDIC000,PDIC000_페디슨 뉴트리티브인퓨젼크림.xlsx,페디슨 뉴트리티브 인퓨젼 크림,,Kg,,Kg,,,결 재,담 당,부서장,,,*메인탱크에 투입시 100메쉬 여과 거칠 것,11
e236c5b3-3ccf-40fc-bb94-3f5245e9aab8,PDIR______,PDIR011-012_페디슨 락토 페미닌클렌저.xlsx,페디슨 락토 페미닌 클렌저 (거품타입),,Kg,,Kg,,,결 재,담 당,부서장,,,,7
7dd13468-1433-4f88-9e0e-88a2e4412842,PDIR______,PDIR_페디슨 메터니티퓨어페미닌클렌저_거품타입.xlsx,(거품타입),,Kg,,Kg,,,결 재,담 당,부서장,,,,7
c817d953-f63f-4a16-87a7-2d094fd5622c,PDIR____,PDIR_페디슨 메터니티퓨어페미닌클렌저_펌프타입.xlsx,(펌프타입),,Kg,,Kg,,,결 재,담 당,부서장,,,,8
1ec0935b-b4ba-49f1-8533-9d366861cb7d,PDLB001,PDLB_페디슨 뉴트리티브인퓨젼립수딩밤.xlsx,,,Kg,,Kg,,,결 재,담 당,부서장,,,,5
60387c53-d30e-4e7c-ad18-746da59b094d,PDML001,PDML001_페디슨 뉴트리티브인퓨전모이스처로션.xlsx,페디슨 뉴트리티브 인퓨전 모이스처 로션,,Kg,,Kg,,,결 재,담 당,부서장,,,*메인탱크에 투입시 100메쉬 여과 거칠 것,9
1565e118-6335-47a3-b04a-8fdd03de96cf,PDRS004,PDRS_페디슨 인스티튜트보떼 컨디셔너.xlsx,페디슨 인스티튜트-보떼 망고리치 LPP 트리트먼트,,Kg,,Kg,,,결 재,담 당,부서장,,,,9
3b6a7a23-84b4-4c9c-af24-c5ad40ffb64e,PDSG005,PDSG_페디슨 매터니티에스모이스트겔 외.xlsx,페디슨 차전궁 프레쉬 버진겔,,Kg,,Kg,,,결 재,담 당,부서장,* 메인탱크에 투입시 100메쉬 여과 거칠 것,총소요시간,,10
4d6b4ac5-9957-4bf1-b44d-3fe2cbe5e681,PDSL001,PDSL001_페디슨 아로마틱카밍토너.xlsx,페디슨 아로마틱 카밍 토너,,Kg,,Kg,,,결 재,담 당,부서장,특히 동절기에 상온(30-35도)상태의 공정을 유지해야 투명하게 제조된다.,,,2
5faf2709-026c-443e-b2dc-d05234ba8adf,PDSP003,PDSP_페디슨 인스티튜트보떼 샴푸.xlsx,페디슨 인스티튜트 보떼 한방 뿌리 케어 샴푸,,Kg,,Kg,,,결 재,담 당,부서장,,,,2
16dc89f9-654f-44d0-9d8f-cf5107fa50f2,PFSP000,PFSP000_프로페이스 더패스트샴푸.xlsx,,,Kg,,Kg,,,결 재,담 당,부서장,,,,6
351799a3-cf27-4850-a3a6-0449f6970f88,PFSPR00,PFSPR00_블루밍보떼 더패스트샴푸.xlsx,,,Kg,,Kg,,,결 재,담 당,부서장,,,,6
9168098a-47cf-43a4-89fa-16f4090cf2b0,PNWS001,PNWS001_푸아나니 인티메이트워시포맨.xlsx,푸아나니 인팀이트 포밍 워시 포맨,,Kg,,Kg,,,결 재,담 당,부서장,,,,7
625a2dbc-2e28-4b13-bf17-3ff798f937d5,PTAP001,PTAP001_판테스틱 더마시카에이씨수딩앰플.xlsx,판테스틱 더마 시카 에이씨 수딩 앰플,,Kg,,Kg,,,결 재,담 당,부서장,,,*메인탱크에 투입시 100메쉬 여과 거칠 것 *탈포상태 확인할 것.,10
2c6fb82a-62db-43df-8e13-53835f2680f4,PTBC002,PTBC002_판테스틱 더마시카아크네클렌저.xlsx,판테스틱 더마 시카 아크네 클렌저,,Kg,,Kg,,,결 재,담 당,부서장,,,,8
07c56006-b0c3-4f12-8e5c-2a645037aa5c,PTBL001,PTBL001_판테스틱더마시카AC로션.xlsx,판테스틱 더마 시카 AC로션,,Kg,,Kg,,,결 재,담 당,부서장,*메인탱크에 투입시 100메쉬 여과 거칠 것,총소요시간,,10
389ed7b7-f224-4f45-b0f5-5b216d152345,PTEF003,PTEF_판테스틱 원더필 이펙터 3종.xlsx,판테스틱 원더필 클리어링 이펙터,,Kg,,Kg,,,결 재,담 당,부서장,*투명 점액상,,,6
974c74b4-f1f5-44de-8bd6-94f5837510c1,PTFC001,PTFC_판테스틱 더마시카아크네클렌징폼.xlsx,판테스틱 더마 시카 아크네 클렌징폼,,Kg,,Kg,,,결 재,담 당,부서장,*메인탱크에 투입시 100메쉬 여과 거칠 것 *가급적 기포생성을 줄일 것,총소요시간,* 기포발생주의. 완전탈포. 종료온도 엄수. 부상전 샘플채취해 파우더 완전용해 확인할 것. * 제조량 책정시 가마 여유공간 고려할 것 (최대 700kg),8
fad59b55-6287-4f3a-960b-51baf4ff7008,PTLM001,PTLM001_판테스틱 탑원 6978 비타로닉 립 슬리핑 마스크 공정.xlsx,판테스틱 탑원 6978 비타로닉 립 슬리핑 마스크,,Kg,,Kg,,,결 재,담 당,부서장,,,,5
2b423322-b607-4539-a831-37083c85602f,PTMT001,PTMT001_판테스틱 더마시카에이씨컨트롤미스트.xlsx,판테스틱 더마 시카 에이씨 컨트롤 미스트,,Kg,,Kg,,,결 재,담 당,부서장,,,- 실온 공정 (점증제 분산에만 열수 사용) - 점증제 분산 공정 특히 중요,10
29194d90-5bff-4194-a91a-7dca709c6931,PTPW002,PTPW_판테스틱 더마파우더.xlsx,판테스틱 더마 비타 파우더,,Kg,,Kg,,,결 재,담 당,부서장,,총소요시간,,3
025e9b99-3ca7-47ad-8cb5-c88aebe5f093,RABC004,RABC004_로즈마인 아로마 리 고요 바디워시 공정.xlsx,로즈마인 아로마 리 고요 바디워시,,Kg,,Kg,,,결 재,담 당,부서장,,,,5
1f9050db-0afb-4133-934d-8f96dc1a7a37,RABL004,RABL004_로즈마인 아로마 리 고요 바디로션 공정.xlsx,로즈마인 아로마 리 고요 바디로션,,Kg,,Kg,,,결 재,담 당,부서장,*메인탱크에 투입시 100메쉬 여과 거칠 것,총소요시간,,10
eb9697db-cc5b-4b80-a1a9-56415ac77dbc,RLBC______,RLBC_로즈마인 라파밀리에 바디워시 제조공정도.xlsx,로즈마린 라파밀리에 바디워시,,Kg,,Kg,,,결 재,담 당,부서장,,,,5
3fa51f78-5e18-471b-aa99-0894a98e3f84,RLBL_____,RLBL_로즈마인 라파밀리에바디모이스처.xlsx,,,Kg,,Kg,,,결 재,담 당,부서장,*메인탱크에 투입시 100메쉬 여과 거칠 것,총소요시간,,10
5f0346ee-1bde-458b-9c2d-dfb5b379c90a,RLBM______,RLBM_로즈마인X리사라르손 바디퍼퓸.xlsx,,,Kg,,Kg,,,결 재,담 당,부서장,,,,2
cdf7bd5c-e0de-4b41-9161-50f5ce315907,RMAG000,RMAG_로즈마인 더마슈티컬아쥴렌카밍젤.xlsx,로즈마인 더마슈티컬 아쥴렌 카밍젤,,Kg,,Kg,,,결 재,담 당,부서장,*실온공정,,,8
f7855ef3-653d-45c7-953f-c8d6ba1b9893,RMBL_____,RMBL_로즈마인 퍼퓸드바디로션.xlsx,,,Kg,,Kg,,,결 재,담 당,부서장,*메인탱크에 투입시 100메쉬 여과 거칠 것,총소요시간,,10
997892eb-a0f1-4980-9f58-219f57dd8a42,RMBP___,RMBP_로즈마인 릴렉싱아로마바디퍼퓸.xlsx,(로즈마인 릴렉싱 아로마 바디퍼퓸),,Kg,,Kg,,,결 재,담 당,부서장,,,,6
9463b8ec-97f2-44ac-ae5f-f31b45421671,RMCD_______,RMCD_로즈마인 홈폴리쉬소이캔들.xlsx,,,Kg,,Kg,,,결 재,담 당,부서장,,,,4
4d528405-2c8e-440a-b135-6b7f0dc047a6,RMDF_______,RMDF_로즈마인 홈폴리쉬퍼퓸디퓨져.xlsx,,,Kg,,Kg,,,결 재,담 당,부서장,,,,2
88a5206f-bd39-4a14-83cf-2f87fe776f26,RMDM_______,RMDM_로즈마인 홈폴리쉬드레스퍼퓸.xlsx,,,Kg,,Kg,,,결 재,담 당,부서장,,,,2
001740b9-0063-4575-a65e-9d29af2c4206,RMDO_______,RMDO_로즈마인 퍼퓸드드라이오일미스트.xlsx,로즈마인 퍼퓸드 드라이 오일 미스트,,Kg,,Kg,,,결 재,담 당,부서장,,,,4
dc571377-b6a5-44a2-b1f3-526edc960112,RMFC000,RMFC_로즈마인 플로랄레메디포밍클렌저.xlsx,,,Kg,,Kg,,,결 재,담 당,부서장,,,,8
d885e9f8-0c85-4a26-806f-14282a74bf56,RMHC_____,RMHC022-024_로즈마인 캐시미어 시그니처퍼퓸드핸드크림.xlsx,로즈마인 캐시미어 시그니처 퍼퓸드 핸드크림,,Kg,,Kg,,,결 재,담 당,부서장,*메인탱크에 투입시 100메쉬 여과 거칠 것,총소요시간,,9
5fcda2c0-8b64-4933-8dc1-53686a1ca6d8,RMHC_____,RMHC_로즈마인 퍼퓸드핸드크림.xlsx,,,Kg,,Kg,,,결 재,담 당,부서장,*메인탱크에 투입시 100메쉬 여과 거칠 것,총소요시간,,10
e9da86a2-210a-4445-a7e9-e035c867658d,RMHG001,RMHG_로즈마인 해피블러썸퍼퓸드핸드겔.xlsx,,,Kg,,Kg,,,결 재,담 당,부서장,,,,5
74b18416-0b9d-460d-8987-b9db3be73df3,RMHW______,RMHW_로즈마인 휘핑밀크핸드워시.xlsx,,,Kg,,Kg,,,결 재,담 당,부서장,,,,6
25b65193-d405-4854-938b-863dc5cd10bf,RMLB_______,RMLB-로즈마인 바타민E립밤.xlsx,,,Kg,,Kg,,,결 재,담 당,부서장,,,,5
4b0dfb45-6f44-4fa8-9b75-66e643a5a12e,RMMT______,RMMT_로즈마인 퍼퓸드바디미스트.xlsx,로즈마인 퍼퓸드 바디미스트,,Kg,,Kg,,,결 재,담 당,부서장,,,,2
a859f7ee-5feb-4ae9-9a77-92eb052dbbb8,RMOPR00,RMOPR00_로즈마인 5오데퍼퓸.xlsx,로즈마인 5 오데퍼퓸,,Kg,,Kg,,,결 재,담 당,부서장,,,,2
9f80cbc7-c790-4b3a-a591-ec4c242c74de,RMPG_______,RMPG_로즈마인 퍼퓸터치.xlsx,,,Kg,,Kg,,,결 재,담 당,부서장,,,,7
365ff862-283e-4c25-a29c-fbff4ce5e6dd,RMSC_______,RMSC002-004_에바스 로즈마인 샤워코롱.xlsx,에바스 로즈마인 샤워코롱,,Kg,,Kg,,,결 재,담 당,부서장,,,,2
43931c85-1963-4b6b-890c-c796c1ef506e,RMSCN10,RMSCN10_에바스 로즈마인5샤워코롱.xlsx,,,Kg,,Kg,,,결 재,담 당,부서장,,,,2
aa8c2a83-e43e-4b64-a227-f6de00d23924,RMSG______,RMSG_로즈마인 스팀소프트샤워젤.xlsx,,,Kg,,Kg,,,결 재,담 당,부서장,,,,6
f109eecb-303c-48f0-8752-3058fcbe1cc4,RMST_______,RMST_로즈마인 홈폴리쉬퍼퓸사쉐.xlsx,,,Kg,,Kg,,,결 재,담 당,부서장,,,,4
5e4f91c1-1c1f-4feb-8d39-ca7a3e3e35ba,RMTS_______,RMTS_로즈마인 퍼퓸드소프트스킨티슈.xlsx,,,Kg,,Kg,,,결 재,담 당,부서장,,,,2
38f31a39-f671-4ec5-8641-1ae170cfbeb4,RPBC______,RPBC_로즈마인 퍼퓸드바디워시.xlsx,,,Kg,,Kg,,,결 재,담 당,부서장,,,,6
b47b8a43-9722-4388-b7be-c1d613a639d6,RRBC_____,RRBC_로에랑스 밀키소프트바디워시.xlsx,로에랑스 프루츠 주스 바디워시,,Kg,,Kg,,,결 재,담 당,부서장,,,,5
5d5ae4df-38b4-45f5-b80b-fd037a6396a4,RRBL_______,RRBL_로에랑스 블리스 마이바디 퍼퓸로션 공정.xlsx,로에랑스 블리스 마이 바디 퍼퓸 로션,,Kg,,Kg,,,결 재,담 당,부서장,*메인탱크에 투입시 100메쉬 여과 거칠 것,총소요시간,,10
3103e760-ba58-4028-a7cd-db83e47b9a93,RRBM______,RRBM_로에랑스 블리스 마이바디퍼퓸미스트.xlsx,로에랑스 블리스 마이 바디 퍼퓸 미스트,,Kg,,Kg,,,결 재,담 당,부서장,,,,2
040ccde6-c736-400b-861e-9ed005a0cdfd,RRCR000,RRCR000_로에랑스 마유크림.xlsx,로에랑스 마유크림,,Kg,,Kg,,,결 재,담 당,부서장,*메인탱크에 투입시 100메쉬 여과 거칠 것,총소요시간,,9
1d1aae02-573f-43e7-a87f-e65e5c9d8a4e,RRHC_____,RRHC_로에랑스 터치마이바디프레그런스핸드크림.xlsx,,,Kg,,Kg,,,결 재,담 당,부서장,*메인탱크에 투입시 100메쉬 여과 거칠 것,총소요시간,,10
28c552ad-e5db-4f8b-9125-abe10c98b29d,RRHW______,RRHW_로에랑스 블루밍버블 핸드워시 공정.xlsx,로에랑스 블루밍 버블 핸드워시,,Kg,,Kg,,,결 재,담 당,부서장,,,,6
b1a23938-8f20-42e9-bec9-c763a9000480,RRPM______,RRPM_로에랑스 퍼퓸미스트.xlsx,로에랑스 퍼퓸 미스트,,Kg,,Kg,,,결 재,담 당,부서장,,,,2
0f34710c-4dfe-4d0c-ab97-6b2dcf57fd92,RSCF000,RSCF_로즈문 씨씨파운데이션.xlsx,로즈문 씨씨 파운데이션,,Kg,,Kg,,,결 재,담 당,부서장,,,,7
a08e8105-8f52-48a3-9d26-393ece4bb189,RSCR000,RSCR_로즈문 리치카멜리아(동백)하이드레이팅크림.xlsx,로즈문 리치 카멜리아(동백) 하이드레이팅 크림,,Kg,,Kg,,,결 재,담 당,부서장,- 성상: 적황색의 반투명 젤상,,,9
670a3e9a-1c65-44e0-b226-c7319cccc60d,RSEX000,RSEX_로즈문 리치카멜리아트리트먼트에센스.xlsx,로즈문 리치 카멜리아 트리트먼트 에센스,,Kg,,Kg,,,결 재,담 당,부서장,,,,9
adf6092e-ffdd-4857-ae37-bd6d4a7d8432,RSSC001,RSSC001_로즈문 리치카멜리아브라이트닝올인원베이스썬스크린.xlsx,로즈문 리치 카멜리아(동백) 브라이트닝 올인원 베이스 썬스크린,,Kg,,Kg,,,결 재,담 당,부서장,,,,7
ad7f4b70-76fd-4a1e-b8c3-060b132bf230,SBMPNN___,SBMPNN_밀크샴바드 패밀리바디클렌저.xlsx,,,Kg,,Kg,,,결 재,담 당,부서장,,,,5
09815e2b-31cc-453d-9155-c7c00592d6dc,SIRSN000,SIRSN000_아이리스 골드모이스처컨트롤린스.xlsx,,,Kg,,Kg,,,결 재,담 당,부서장,,,,9
bca14a12-3285-4ffa-9855-2f12db2df161,SISPN000,SISPN000_아이리스 골드모이스처컨트롤샴푸.xlsx,,,Kg,,Kg,,,결 재,담 당,부서장,,,,2
030c12b7-7ac3-4144-885b-4da40bf09148,SMBC003,SMBC003_샴바드 플로리엔탈바디워시.xlsx,샴바드 플로리엔탈 바디워시,,Kg,,Kg,,,결 재,담 당,부서장,,,,5
263e03a5-6c2a-48d1-ad03-938713d67102,SMBC_____,SMBC_샴바드 비타민에너지 바디워시.xlsx,,,Kg,,Kg,,,결 재,담 당,부서장,,,,5
51679ba2-cc6d-4697-8ca0-88f76cc93e5d,SMBL000,SMBL000_쉐마 리페어인텐시브바디로션.xlsx,쉐마 리페어 인텐시브 아르간오일 바디로션,,Kg,,Kg,,,결 재,담 당,부서장,*원료투입시 100메쉬 여과 거칠 것,총소요시간,,10
645e3fc8-6904-4d3c-8f97-a07916d45797,SMBL_____,SMBL_샴바드 오트밀데일리모이스처바디로션.xlsx,,,Kg,,Kg,,,결 재,담 당,부서장,*원료투입시 100메쉬 여과 거칠 것,총소요시간,,10
133b4021-d8ab-4c29-8679-8cfb6155e830,SNIR001,SNIR_수에노라 여성청결제.xlsx,수에노라 프리미엄 여성청결제,,Kg,,Kg,,,결 재,담 당,부서장,,,,8
004a24af-c12d-48f8-852d-450778ba5f06,SOBBP00,SOBBP_어클락 퓨어마일드버블바스.xlsx,,,Kg,,Kg,,,결 재,담 당,부서장,,,,5
fb324043-516f-44b7-9935-7deea6e0bfc7,SOBCLM7,SOBCLM7_샴바드 어클락바디클렌저4000ml.xlsx,,,Kg,,Kg,,,결 재,담 당,부서장,,,,5
112ca587-ed43-461d-943d-75f8969b6546,SOFCP00,SOFCP00_어클락 퓨어마일드클렌징폼.xlsx,어클락 퓨어 마일드 클렌징폼,,Kg,,Kg,,,결 재,담 당,부서장,*일정 점/경도가 생성되기 전까지 교반을 종료하지 말 것,,,8
da77db0f-d749-4c1e-9acc-f6c4454a758d,SOIRP00,SOIRP_어클락 퓨어마일드이너린스.xlsx,어클락 퓨어 마일드 이너린스,,Kg,,Kg,,,결 재,담 당,부서장,* 투명 점액상,,,8
1a039e95-b7b6-4816-9d46-d340c76f59c5,SORSLM2,SORSLM2_샴바드 어클랑프리미엄린스.xlsx,,,Kg,,Kg,,,결 재,담 당,부서장,,,,9
e008b10e-e154-4db7-80fe-a480f0a3de1c,SOSPLM2,SOSPLM2_샴바드 어클락프리미엄샴푸.xlsx,샴바드 어클락 프리미엄 샴푸,,Kg,,Kg,,,결 재,담 당,부서장,,,,2
4d3430f5-eafd-4091-b9cf-9c3da328a4fc,SRHC_____,SRHC_마음이설려 퍼퓸드핸드크림.xlsx,마음이 설려 퍼퓸드 핸드크림,,Kg,,Kg,,,결 재,담 당,부서장,*메인탱크에 투입시 100메쉬 여과 거칠 것,총소요시간,,10
b735fccc-0e85-402d-81df-7924fe22d423,SSBC002,SSBC_스타바스 샤워바디워시 5종.xlsx,,,Kg,,Kg,,,결 재,담 당,부서장,,,,8
e1ee0140-e484-4748-9f22-5ac293d4e937,SSBL_____,SSBL_스타바스 스팀밀크바디로션.xlsx,,,Kg,,Kg,,,결 재,담 당,부서장,*메인탱크에 투입시 100메쉬 여과 거칠 것,총소요시간,"1호, 2호, 4호 Unipearls 함유호수는 투입온도를 50℃ Homo는 30초만 약하게 가할것.",10
a28263d0-33b0-4807-938b-a29c314aa861,SSCD_______,SSCD_스타바스 소이캔들.xlsx,,,Kg,,Kg,,,결 재,담 당,부서장,,,,4
519af87c-8616-41e5-8d7c-8c3d13e31f25,SSHC_____,SSHC_스타바스 스팀밀크핸드크림.xlsx,,,Kg,,Kg,,,결 재,담 당,부서장,*메인탱크에 투입시 100메쉬 여과 거칠 것,총소요시간,,10
2c079b0b-fe74-48af-bfa0-ecebbf103f45,SSSR001,SSSR_스타바스 쉐이크바디스크럽.xlsx,스타바스 쉐이크 바디스크럽- 스파클링쿨라임향,,Kg,,Kg,,,결 재,담 당,부서장,61** (향+유화제 part) 투입전 반드시 교반해 줄 것.,총소요시간,,10
1562859a-fb5c-4ef6-a759-1ff96cb6e604,TOAP001,TOAP001_시온 테카줄렌 블루 카밍 앰플 공정.xlsx,시온 테카줄렌 블루 카밍 앰플,,Kg,,Kg,,,결 재,담 당,부서장,,,,8
6a51d33d-1f70-48fd-9436-e3d6ed3e68fe,TOAP002,TOAP002_시온 세라샷 피디알엔 핑크 리페어앰플 공정.xlsx,시온 세라-샷 피디알엔 핑크 레페어 앰플,,Kg,,Kg,,,결 재,담 당,부서장,*메인탱크에 투입시 100메쉬 여과 거칠 것,총소요시간,,9
56b40860-1d27-4b3b-9863-db68b3c10771,TOAP003,TOAP003_시온 알파알부틴 멀티토닝 앰플 공정.xlsx,시온 알파-알부틴 멀티토닝 앰플,,Kg,,Kg,,,결 재,담 당,부서장,,,,6
f685972f-40e1-4f56-9f73-096d1118ccf3,VMBA001,VMBA001_밸르모나 얼쓰리페어본딩앰플.xlsx,밸르모나 얼쓰리페어 본딩 앰플,,Kg,,Kg,,,결 재,담 당,부서장,* Homo 속도 및 시간에 따라 점도차 크므로 일정하게 할 것. * 100kg제조탱그 기준공정,,,7
51cff0ad-c959-4b01-a87f-cbdfe74e731e,VMBC_____,VMBC_발모나 휘핑 모이스처 바디워시.xlsx,,,Kg,,Kg,,,결 재,담 당,부서장,,,,5
7ba66cdc-b790-48d1-b059-6ad87a4752b9,VMCP001,VMCP001_밸르모나 얼쓰리페어본딩컴파운드.xlsx,밸르모나 얼쓰리페어 본딩 컴파운드,,Kg,,Kg,,,결 재,담 당,부서장,,,,6
349c1900-5c1e-4bf2-ac8d-a9db3d59b96a,VMHS_______,VMHS_밸르모나 얼티밋헤어오일세럼.xlsx,밸르모나 얼티밋 헤어 오일 세럼,,Kg,,Kg,,,결 재,담 당,부서장,,,,6
8d62365b-b420-4965-ad97-f18771fa5706,VMOL001,VMOL_밸르모나 얼쓰리페어본딩오일.xlsx,밸르모나 얼쓰리페어 본딩 오일,,Kg,,Kg,,,결 재,담 당,부서장,,,,7
0b487a00-c239-428c-b006-2913c89193b4,VMPF______,VMPF_밸르모나 프로테인필드.xlsx,,,Kg,,Kg,,,결 재,담 당,부서장,,,,6
7acb8b8d-32c1-44ce-9525-ed893628405f,VMRS005,VMRS_밸르모나 실크프로테인헤어컨디셔너.xlsx,밸르모나 파워풀 솔루션 블랙피오니 서리태 모발 영양팩,,Kg,,Kg,,,결 재,담 당,부서장,*투명용기 제품,,,9
531e57e5-091c-450e-9b6f-4975c342c9f6,VMSF001,VMSF001_밸르모나 얼쓰테라피스칼프퓨리파이어.xlsx,밸르모나 얼쓰테라피 스칼프 퓨리파이어,,Kg,,Kg,,,결 재,담 당,부서장,*메인탱크에 투입시 100메쉬 여과 거칠 것,총소요시간,,10
6e0aea0b-4160-4cf9-a3f4-a8ec2516df60,VMSP007,VMSP004 5 6 7 9_밸르모나 아유르베딕두피솔루션블랙커민샴푸액.xlsx,밸르모나 슈가 벨벳 밀크 샴푸액,,Kg,,Kg,,,결 재,담 당,부서장,,,,2
161d0967-f85d-48f4-a673-4e667d3b9133,VMSP014,VMSP014_밸르모나 얼쓰 아르간오일 샴푸 공정.xlsx,밸르모나 얼쓰 아르간 오일 샴푸,,Kg,,Kg,,,결 재,담 당,부서장,,,,2
ff7507ba-2e96-44f1-8e74-6ab2e7968758,VMSP_____,VMSP_발모나 실크프로테인헤어샴푸.xlsx,,,Kg,,Kg,,,결 재,담 당,부서장,,,,2
3948040c-234a-4d1d-8876-6d7bc8da247d,VMSS001,VMSS001_밸르모나 얼쓰테라피스칼프스켈러.xlsx,밸르모나 얼쓰테라피 스칼프 스켈러,,Kg,,Kg,,,결 재,담 당,부서장,*2차유화 온도 중요함.,,,8
8ee8d0bc-eca5-4682-b6c2-13dea60e35ac,VTBC______,VTBC_에바스 비타민바디워시.xlsx,,,Kg,,Kg,,,결 재,담 당,부서장,,,,5
d9e406c3-615a-4de8-801e-787702195419,VTBL_____,VTBL_에바스 비타민바디로션.xlsx,,,Kg,,Kg,,,결 재,담 당,부서장,*원료투입시 100메쉬 여과 거칠 것,총소요시간,,10
339f1fa2-1af3-4206-b2c2-6c926c7efc29,VTDM______,VTDM_보탬 드레스퍼퓸미스트.xlsx,(보탬 드레스 퍼퓸 미스트),,Kg,,Kg,,,결 재,담 당,부서장,,,,2
56f28509-944d-4565-82e4-8f54173f33b7,VTFC______,VTFC_비타민 클렌징폼.xlsx,,,Kg,,Kg,,,결 재,담 당,부서장,*일정 점/경도가 생성되기 전까지 교반을 종료하지 말 것,,,8
840d44a9-064f-4a31-8998-d1d54e5610b1,VTHC_____,VTHC_에바스 비타민핸드크림.xlsx,,,Kg,,Kg,,,결 재,담 당,부서장,*메인탱크에 투입시 100메쉬 여과 거칠 것,총소요시간,,10
7e0b30fd-8ee4-406f-a1f5-a5df3e00601b,VVCR_____,VVCR_빈시뷰 프래그런스크림.xlsx,,,Kg,,Kg,,,결 재,담 당,부서장,*메인탱크에 투입시 100메쉬 여과 거칠 것,총소요시간,,9
2f122914-7ed1-4114-b3f3-a105819b44da,VVHC_____,VVHC_빈시뷰 프래그런스 핸드크림 공정.xlsx,빈시뷰 프래그런스 핸드크림,,Kg,,Kg,,,결 재,담 당,부서장,*메인탱크에 투입시 100메쉬 여과 거칠 것,총소요시간,,9
6bbe3813-10fa-4c2b-bcfe-f5cccd0c7d84,WMAP001,WMAP001_위드미 판테스틱더마시카카밍앰플.xlsx,위드미 판테스틱 더마 시카 카밍 앰플,,Kg,,Kg,,,결 재,담 당,부서장,* 메인탱크에 투입시 100메쉬 여과 거칠 것,총소요시간,*청색의 투명액상,8
5fffa46a-2995-4fc3-8ee3-0e743912fc8c,WMAP002,WMAP002_위드미 판테스틱더마비타에너지앰플.xlsx,위드미 판테스틱 더마 비타에너지 앰플,,Kg,,Kg,,,결 재,담 당,부서장,* 메인탱크에 투입시 100메쉬 여과 거칠 것,총소요시간,,8
32faaf7a-0044-42f0-a9c8-18f5a898a49f,WMAP003,WMAP003_위드미 판테스틱더마화이트닝컨트롤앰플.xlsx,위드미 판테스틱 더마 화이트닝 컨트롤 앰플,,Kg,,Kg,,,결 재,담 당,부서장,,,* 메인탱크에 투입시 100메쉬 여과 거칠 것 * 냉각종료온도 준수할것.,10
39dd1084-b6b4-42f8-a600-d7b2cf92094d,WMBL001,WMBL001_위드미 판테스틱더마시카AC로션.xlsx,위드미 판테스틱 더마 시카 AC로션,,Kg,,Kg,,,결 재,담 당,부서장,*메인탱크에 투입시 100메쉬 여과 거칠 것,총소요시간,,10
a2915b0d-610a-4730-8a30-690700d02ea6,WMCR004,WMCR004_위드미 판테스틱더마시카크림.xlsx,위드미 판테스틱 더마 시카 크림,,Kg,,Kg,,,결 재,담 당,부서장,,,,8
5a8b2882-574a-4147-b1a6-8fd2d9b8ace2,WMCR003,WMCR_위드미 화이트닝크림.xlsx,위드미 옴므 우디보이 화이트닝 크림,,Kg,,Kg,,,결 재,담 당,부서장,,,*원료투입시 100메쉬 여과 거칠 것 *TiO2분산상태 확인후 진행할 것.,11
c1560669-8ff7-4793-bc67-cb02e1c1f0c0,WMFC000,WMFC000_위드미 화이트퍼펙션포밍클렌저.xlsx,위드미 화이트 퍼펙션 포밍 클렌저,,Kg,,Kg,,,결 재,담 당,부서장,*일정 점/경도가 생성되기 전까지 교반을 종료하지 말 것,,,7
621d5612-3e75-4a0b-9e9a-e86ecc3e4687,WMFO001,WMFO001_위드미 엑스트라너트6딥페이스오일.xlsx,위드미 엑스트라 너트6 딥페이스 오일,,Kg,,Kg,,,결 재,담 당,부서장,,,,4
09b3e71b-642c-463d-85de-5bfd9f0b45a6,WMIT_______,WMIT_위드미 타투아이브로우젤틴트.xlsx,,,Kg,,Kg,,,결 재,담 당,부서장,물보정에 유의한다.,총소요시간,,10
cb10f098-44a7-4a7f-972c-f9e4d86b2f9a,WMMC001,WMMC001_위드미 pH밸런싱모닝클렌저.xlsx,위드미 pH밸런싱 모닝클렌저,,Kg,,Kg,,,결 재,담 당,부서장,,,,8
b2206d97-443c-4bb6-9e31-b217a7a4aea9,WMMO000,WMMO000_위드미 스노우화이트닝너리싱밀크오일.xlsx,위드미 스노우 화이트닝 너리싱 밀크 오일,,Kg,,Kg,,,결 재,담 당,부서장,*메인탱크에 투입시 100메쉬 여과 거칠 것,총소요시간,,9
409473bb-7129-4e99-8700-617ace9bc78e,WMMT001,WMMT001_위드미 하이드레이팅앰플미스트.xlsx,위드미 하이드레이팅 앰플 미스트,,Kg,,Kg,,,결 재,담 당,부서장,,,,7
69f2e399-b828-41d2-8679-61bdd7ae2ccf,WMPK001,WMPK_위드미 어썸블랙포어클리어팩.xlsx,위드미 어썸블랙 포어 클리어 팩,,Kg,,Kg,,,결 재,담 당,부서장,*물보정에 유의한다. (2%내외) *고온에서 진공잡지 말 것.,총소요시간,*피막제 용해는 패들의 속도보다는 고온과 시간에 좌우된다. *부상후 내용물표면에 접하게 비닐커버 할 것. (2중 밀봉),10
8aeb43ec-b66d-4ccc-a45d-6f4a8b8e9807,WMSC002,WMSC_위드미 누드앤쉬어선스틱.xlsx,위드미 누드앤쉬어 선스틱 컨트롤,,Kg,,Kg,,,결 재,담 당,부서장,,,,7
9f4906b3-253c-4608-a739-2e56ed43a1a9,WMSL001,WMSL001_위드미 옴므우디보이올인원스킨로션.xlsx,위드미 옴므 우디보이 올인원 스킨로션,,Kg,,Kg,,,결 재,담 당,부서장,*메인탱크에 투입시 100메쉬 여과 거칠 것,총소요시간,,9
9a1b46ce-8a0c-4d3c-9a6f-2a98a55fa2ef,WMTN001,WMTN001_위드미 스노우화이트닝포어토너.xlsx,위드미 스노우 화이트닝 포어 토너,,Kg,,Kg,,,결 재,담 당,부서장,,,- 실온 공정 (점증제 분산에만 열수 사용) - 점증제 분산 공정 특히 중요,10
4a2b3354-3eed-4e95-9357-31650bbdf689,WMTN002,WMTN002_위드미 판테스틱더마시카퓨리파잉토너.xlsx,위드미 판테스틱 더마 시카 퓨리파잉 토너,,Kg,,Kg,,,결 재,담 당,부서장,특히 동절기에 상온(30-35도)상태의 공정을 유지해야 투명하게 제조된다.,,,6
63880f30-a4df-4307-99ce-bfb472c59993,WMTP000,WMTP_위드미 펄브라이트토닝필.xlsx,위드미 펄 브라이트 토닝 필,,Kg,,Kg,,,결 재,담 당,부서장,,총소요시간,* 첨부된 제조공정 모식도 참조할 것.,9
018c24cf-9e8c-409d-b1ec-8faa5e7c5cbf,ZPDM_______,ZPDM_자코파네 섬유향수.xlsx,자코파네 섬유향수,,Kg,,Kg,,,결 재,담 당,부서장,,,,2
