공급업체,향료코드,향료명,알러젠명,INCI명,CAS번호,향료중함량,제품중함량,Leave-on라벨,Rinse-off라벨,파일명
타임향료,,COLLAGEN 100813,Alpha Iso Methyl Ionone (Methyl Ionone Gamma),Alpha-Isomethyl Ionone,127-51-5,0.00441,,YES,NO,ALLERGENS CERTIFIED_Rosemary Oil.xlsx
타임향료,,COLLAGEN 100813,Amyl Cinnamic Aldehyde,Amyl Cinnamal,122-40-7,9.5e-05,,NO,NO,ALLERGENS CERTIFIED_Rosemary Oil.xlsx
타임향료,,COLLAGEN 100813,Amyl Cinnamic Alcohol,Amyl Cinamyl Alcohol,101-85-9,0,,,,ALLERGENS CERTIFIED_Rosemary Oil.xlsx
타임향료,,COLLAGEN 100813,Anisyl Alcohol,Anisyl Alcohol,105-13-5,0,,,,ALLERGENS CERTIFIED_Rosemary Oil.xlsx
타임향료,,COLLAGEN 100813,Benzyl Alcohol,Benzyl Alcohol,100-51-6,2.5e-05,,NO,NO,ALLERGENS CERTIFIED_Rosemary Oil.xlsx
타임향료,,COLLAGEN 100813,Benzyl Benzoate,Benzyl Benzoate,120-51-4,8.5e-05,,NO,NO,ALLERGENS CERTIFIED_Rosemary Oil.xlsx
타임향료,,COLLAGEN 100813,Benzyl Cinnamate,Benzyl Cinnamate,103-41-3,0,,,,ALLERGENS CERTIFIED_Rosemary Oil.xlsx
타임향료,,COLLAGEN 100813,Benzyl Salicylate,Benzyl Salicylate,118-58-1,0.008659,,YES,NO,ALLERGENS CERTIFIED_Rosemary Oil.xlsx
타임향료,,COLLAGEN 100813,Lilial,2-(4-tert-Butylbenzyl)Propionaldehyde,80-54-6,0.021415,,YES,NO,ALLERGENS CERTIFIED_Rosemary Oil.xlsx
타임향료,,COLLAGEN 100813,Cinnamic Aldehyde,Cinnamal,104-55-2,0,,,,ALLERGENS CERTIFIED_Rosemary Oil.xlsx
타임향료,,COLLAGEN 100813,Cinnamic Alcohol,Cinnamyl Alcohol,104-54-1,1e-06,,NO,NO,ALLERGENS CERTIFIED_Rosemary Oil.xlsx
타임향료,,COLLAGEN 100813,Citral,Citral,5392-40-5,0.001373,,NO,NO,ALLERGENS CERTIFIED_Rosemary Oil.xlsx
타임향료,,COLLAGEN 100813,Citronellol,Citronellol,106-22-9,0.002969,,NO,NO,ALLERGENS CERTIFIED_Rosemary Oil.xlsx
타임향료,,COLLAGEN 100813,Coumarin,Coumarin,91-64-5,0.00019,,NO,NO,ALLERGENS CERTIFIED_Rosemary Oil.xlsx
타임향료,,COLLAGEN 100813,Eugenol,Eugenol,97-53-0,0.000465,,NO,NO,ALLERGENS CERTIFIED_Rosemary Oil.xlsx
타임향료,,COLLAGEN 100813,Treemoss Extract,Treemoss Extract,90028-67-4,0,,,,ALLERGENS CERTIFIED_Rosemary Oil.xlsx
타임향료,,COLLAGEN 100813,Oakmoss Extract,Oakmoss Extract,90028-68-5,0,,,,ALLERGENS CERTIFIED_Rosemary Oil.xlsx
타임향료,,COLLAGEN 100813,Farnesol,Farnesol,4602-84-0,0,,,,ALLERGENS CERTIFIED_Rosemary Oil.xlsx
타임향료,,COLLAGEN 100813,Geraniol,Geraniol,106-24-1,0.003769,,YES,NO,ALLERGENS CERTIFIED_Rosemary Oil.xlsx
타임향료,,COLLAGEN 100813,Hexyl Cinnamic Aldehyde,Hexyl cinnam-aldehyde,101-86-0,0.016765,,YES,NO,ALLERGENS CERTIFIED_Rosemary Oil.xlsx
타임향료,,COLLAGEN 100813,Hydroxycitronellal,Hydroxycitronellal,107-75-5,0.004048,,YES,NO,ALLERGENS CERTIFIED_Rosemary Oil.xlsx
타임향료,,COLLAGEN 100813,Lyral,Hydroxymethylpentylcyclohexane Carboxaldehyde,31906-04-4,0,,,,ALLERGENS CERTIFIED_Rosemary Oil.xlsx
타임향료,,COLLAGEN 100813,Isoeugenol,Isoeugenol,97-54-1,2e-06,,NO,NO,ALLERGENS CERTIFIED_Rosemary Oil.xlsx
타임향료,,COLLAGEN 100813,D-Limonene,D-Limonene,5989-27-5,0.033646,,YES,YES,ALLERGENS CERTIFIED_Rosemary Oil.xlsx
타임향료,,COLLAGEN 100813,Linalool,Linalool,78-70-6,0.010299,,YES,NO,ALLERGENS CERTIFIED_Rosemary Oil.xlsx
타임향료,,COLLAGEN 100813,Folione,Methyl Heptin Carbonate,111-12-6,1.3e-05,,NO,NO,ALLERGENS CERTIFIED_Rosemary Oil.xlsx
타임향료,,COLLAGEN 100813,* EACH FIGURE IS ROUNDED OFF TO THE SECOND DECIMAL PLACE,* EACH FIGURE IS ROUNDED OFF TO THE SECOND DECIMAL PLACE,,,,,,ALLERGENS CERTIFIED_Rosemary Oil.xlsx
타임향료,,COLLAGEN 100813,* BLANK MEANS NOT ADDED ARTIFICIALLY,* BLANK MEANS NOT ADDED ARTIFICIALLY,,,,,,ALLERGENS CERTIFIED_Rosemary Oil.xlsx
타임향료,20211221,STELLA 9111358,Alpha Iso Methyl Ionone (Methyl Ionone Gamma),Alpha-Isomethyl Ionone,127-51-5,0,,,,에바스코스메틱 ALLERGENS CERTIFIED (타임향료 공급원료 총정리)_20211221.xlsx
타임향료,20211221,STELLA 9111358,Amyl Cinnamic Aldehyde,Amyl Cinnamal,122-40-7,0,,,,에바스코스메틱 ALLERGENS CERTIFIED (타임향료 공급원료 총정리)_20211221.xlsx
타임향료,20211221,STELLA 9111358,Amyl Cinnamic Alcohol,Amyl Cinamyl Alcohol,101-85-9,0,,,,에바스코스메틱 ALLERGENS CERTIFIED (타임향료 공급원료 총정리)_20211221.xlsx
타임향료,20211221,STELLA 9111358,Anisyl Alcohol,Anisyl Alcohol,105-13-5,0,,,,에바스코스메틱 ALLERGENS CERTIFIED (타임향료 공급원료 총정리)_20211221.xlsx
타임향료,20211221,STELLA 9111358,Benzyl Alcohol,Benzyl Alcohol,100-51-6,1.7e-05,,NO,NO,에바스코스메틱 ALLERGENS CERTIFIED (타임향료 공급원료 총정리)_20211221.xlsx
타임향료,20211221,STELLA 9111358,Benzyl Benzoate,Benzyl Benzoate,120-51-4,0.004525,,YES,NO,에바스코스메틱 ALLERGENS CERTIFIED (타임향료 공급원료 총정리)_20211221.xlsx
타임향료,20211221,STELLA 9111358,Benzyl Cinnamate,Benzyl Cinnamate,103-41-3,0,,,,에바스코스메틱 ALLERGENS CERTIFIED (타임향료 공급원료 총정리)_20211221.xlsx
타임향료,20211221,STELLA 9111358,Benzyl Salicylate,Benzyl Salicylate,118-58-1,5.5e-05,,NO,NO,에바스코스메틱 ALLERGENS CERTIFIED (타임향료 공급원료 총정리)_20211221.xlsx
타임향료,20211221,STELLA 9111358,Lilial,2-(4-tert-Butylbenzyl)Propionaldehyde,80-54-6,0.0825,,YES,YES,에바스코스메틱 ALLERGENS CERTIFIED (타임향료 공급원료 총정리)_20211221.xlsx
타임향료,20211221,STELLA 9111358,Cinnamic Aldehyde,Cinnamal,104-55-2,5e-06,,NO,NO,에바스코스메틱 ALLERGENS CERTIFIED (타임향료 공급원료 총정리)_20211221.xlsx
타임향료,20211221,STELLA 9111358,Cinnamic Alcohol,Cinnamyl Alcohol,104-54-1,0.0005,,YES,NO,에바스코스메틱 ALLERGENS CERTIFIED (타임향료 공급원료 총정리)_20211221.xlsx
타임향료,20211221,STELLA 9111358,Citral,Citral,5392-40-5,4.8e-05,,NO,NO,에바스코스메틱 ALLERGENS CERTIFIED (타임향료 공급원료 총정리)_20211221.xlsx
타임향료,20211221,STELLA 9111358,Citronellol,Citronellol,106-22-9,0.025033,,YES,YES,에바스코스메틱 ALLERGENS CERTIFIED (타임향료 공급원료 총정리)_20211221.xlsx
타임향료,20211221,STELLA 9111358,Coumarin,Coumarin,91-64-5,0,,,,에바스코스메틱 ALLERGENS CERTIFIED (타임향료 공급원료 총정리)_20211221.xlsx
타임향료,20211221,STELLA 9111358,Eugenol,Eugenol,97-53-0,0.025003,,YES,YES,에바스코스메틱 ALLERGENS CERTIFIED (타임향료 공급원료 총정리)_20211221.xlsx
타임향료,20211221,STELLA 9111358,Treemoss Extract,Treemoss Extract,90028-67-4,0,,,,에바스코스메틱 ALLERGENS CERTIFIED (타임향료 공급원료 총정리)_20211221.xlsx
타임향료,20211221,STELLA 9111358,Oakmoss Extract,Oakmoss Extract,90028-68-5,0,,,,에바스코스메틱 ALLERGENS CERTIFIED (타임향료 공급원료 총정리)_20211221.xlsx
타임향료,20211221,STELLA 9111358,Farnesol,Farnesol,4602-84-0,0,,,,에바스코스메틱 ALLERGENS CERTIFIED (타임향료 공급원료 총정리)_20211221.xlsx
타임향료,20211221,STELLA 9111358,Geraniol,Geraniol,106-24-1,0.000839,,YES,NO,에바스코스메틱 ALLERGENS CERTIFIED (타임향료 공급원료 총정리)_20211221.xlsx
타임향료,20211221,STELLA 9111358,Hexyl Cinnamic Aldehyde,Hexyl cinnam-aldehyde,101-86-0,0,,,,에바스코스메틱 ALLERGENS CERTIFIED (타임향료 공급원료 총정리)_20211221.xlsx
타임향료,20211221,STELLA 9111358,Hydroxycitronellal,Hydroxycitronellal,107-75-5,0,,,,에바스코스메틱 ALLERGENS CERTIFIED (타임향료 공급원료 총정리)_20211221.xlsx
타임향료,20211221,STELLA 9111358,Lyral,Hydroxymethylpentylcyclohexane Carboxaldehyde,31906-04-4,0,,,,에바스코스메틱 ALLERGENS CERTIFIED (타임향료 공급원료 총정리)_20211221.xlsx
타임향료,20211221,STELLA 9111358,Isoeugenol,Isoeugenol,97-54-1,1.2e-05,,NO,NO,에바스코스메틱 ALLERGENS CERTIFIED (타임향료 공급원료 총정리)_20211221.xlsx
타임향료,20211221,STELLA 9111358,LIMONENE,LIMONENE,5989-27-5,0.000261,,NO,NO,에바스코스메틱 ALLERGENS CERTIFIED (타임향료 공급원료 총정리)_20211221.xlsx
타임향료,20211221,STELLA 9111358,Linalool,Linalool,78-70-6,0.045044,,YES,YES,에바스코스메틱 ALLERGENS CERTIFIED (타임향료 공급원료 총정리)_20211221.xlsx
타임향료,20211221,STELLA 9111358,Folione,Methyl Heptin Carbonate,111-12-6,0,,,,에바스코스메틱 ALLERGENS CERTIFIED (타임향료 공급원료 총정리)_20211221.xlsx
타임향료,20211221,STELLA 9111358,* EACH FIGURE IS ROUNDED OFF TO THE SECOND DECIMAL PLACE,* EACH FIGURE IS ROUNDED OFF TO THE SECOND DECIMAL PLACE,,,,,,에바스코스메틱 ALLERGENS CERTIFIED (타임향료 공급원료 총정리)_20211221.xlsx
타임향료,20211221,STELLA 9111358,* BLANK MEANS NOT ADDED ARTIFICIALLY,* BLANK MEANS NOT ADDED ARTIFICIALLY,,,,,,에바스코스메틱 ALLERGENS CERTIFIED (타임향료 공급원료 총정리)_20211221.xlsx
타임향료,200602,ESSENTIAL COMPLEX 200602,Alpha Iso Methyl Ionone (Methyl Ionone Gamma),Alpha-Isomethyl Ionone,127-51-5,0,,,,ESSENTIAL COMPLEX 200602 ALLERGENS CERTIFIED.xls
타임향료,200602,ESSENTIAL COMPLEX 200602,Amyl Cinnamic Aldehyde,Amyl Cinnamal,122-40-7,0,,,,ESSENTIAL COMPLEX 200602 ALLERGENS CERTIFIED.xls
타임향료,200602,ESSENTIAL COMPLEX 200602,Amyl Cinnamic Alcohol,Amyl Cinamyl Alcohol,101-85-9,0,,,,ESSENTIAL COMPLEX 200602 ALLERGENS CERTIFIED.xls
타임향료,200602,ESSENTIAL COMPLEX 200602,Anisyl Alcohol,Anisyl Alcohol,105-13-5,0,,,,ESSENTIAL COMPLEX 200602 ALLERGENS CERTIFIED.xls
타임향료,200602,ESSENTIAL COMPLEX 200602,Benzyl Alcohol,Benzyl Alcohol,100-51-6,0,,,,ESSENTIAL COMPLEX 200602 ALLERGENS CERTIFIED.xls
타임향료,200602,ESSENTIAL COMPLEX 200602,Benzyl Benzoate,Benzyl Benzoate,120-51-4,0,,,,ESSENTIAL COMPLEX 200602 ALLERGENS CERTIFIED.xls
타임향료,200602,ESSENTIAL COMPLEX 200602,Benzyl Cinnamate,Benzyl Cinnamate,103-41-3,0,,,,ESSENTIAL COMPLEX 200602 ALLERGENS CERTIFIED.xls
타임향료,200602,ESSENTIAL COMPLEX 200602,Benzyl Salicylate,Benzyl Salicylate,118-58-1,0,,,,ESSENTIAL COMPLEX 200602 ALLERGENS CERTIFIED.xls
타임향료,200602,ESSENTIAL COMPLEX 200602,Lilial,2-(4-tert-Butylbenzyl)Propionaldehyde,80-54-6,0,,,,ESSENTIAL COMPLEX 200602 ALLERGENS CERTIFIED.xls
타임향료,200602,ESSENTIAL COMPLEX 200602,Cinnamic Aldehyde,Cinnamal,104-55-2,0,,,,ESSENTIAL COMPLEX 200602 ALLERGENS CERTIFIED.xls
타임향료,200602,ESSENTIAL COMPLEX 200602,Cinnamic Alcohol,Cinnamyl Alcohol,104-54-1,0,,,,ESSENTIAL COMPLEX 200602 ALLERGENS CERTIFIED.xls
타임향료,200602,ESSENTIAL COMPLEX 200602,Citral,Citral,5392-40-5,0.211555,,YES,YES,ESSENTIAL COMPLEX 200602 ALLERGENS CERTIFIED.xls
타임향료,200602,ESSENTIAL COMPLEX 200602,Citronellol,Citronellol,106-22-9,0.00875,,NO,NO,ESSENTIAL COMPLEX 200602 ALLERGENS CERTIFIED.xls
타임향료,200602,ESSENTIAL COMPLEX 200602,Coumarin,Coumarin,91-64-5,0,,,,ESSENTIAL COMPLEX 200602 ALLERGENS CERTIFIED.xls
타임향료,200602,ESSENTIAL COMPLEX 200602,Eugenol,Eugenol,97-53-0,0,,,,ESSENTIAL COMPLEX 200602 ALLERGENS CERTIFIED.xls
타임향료,200602,ESSENTIAL COMPLEX 200602,Treemoss Extract,Treemoss Extract,90028-67-4,0,,,,ESSENTIAL COMPLEX 200602 ALLERGENS CERTIFIED.xls
타임향료,200602,ESSENTIAL COMPLEX 200602,Oakmoss Extract,Oakmoss Extract,90028-68-5,0,,,,ESSENTIAL COMPLEX 200602 ALLERGENS CERTIFIED.xls
타임향료,200602,ESSENTIAL COMPLEX 200602,Farnesol,Farnesol,4602-84-0,0,,,,ESSENTIAL COMPLEX 200602 ALLERGENS CERTIFIED.xls
타임향료,200602,ESSENTIAL COMPLEX 200602,Geraniol,Geraniol,106-24-1,0.00383,,NO,NO,ESSENTIAL COMPLEX 200602 ALLERGENS CERTIFIED.xls
타임향료,200602,ESSENTIAL COMPLEX 200602,Hexyl Cinnamic Aldehyde,Hexyl cinnam-aldehyde,101-86-0,0,,,,ESSENTIAL COMPLEX 200602 ALLERGENS CERTIFIED.xls
타임향료,200602,ESSENTIAL COMPLEX 200602,Hydroxycitronellal,Hydroxycitronellal,107-75-5,0,,,,ESSENTIAL COMPLEX 200602 ALLERGENS CERTIFIED.xls
타임향료,200602,ESSENTIAL COMPLEX 200602,Lyral,Hydroxymethylpentylcyclohexane Carboxaldehyde,31906-04-4,0,,,,ESSENTIAL COMPLEX 200602 ALLERGENS CERTIFIED.xls
타임향료,200602,ESSENTIAL COMPLEX 200602,Isoeugenol,Isoeugenol,97-54-1,0,,,,ESSENTIAL COMPLEX 200602 ALLERGENS CERTIFIED.xls
타임향료,200602,ESSENTIAL COMPLEX 200602,D-Limonene,D-Limonene,5989-27-5,0.50826,,YES,YES,ESSENTIAL COMPLEX 200602 ALLERGENS CERTIFIED.xls
타임향료,200602,ESSENTIAL COMPLEX 200602,Linalool,Linalool,78-70-6,0.00843,,NO,NO,ESSENTIAL COMPLEX 200602 ALLERGENS CERTIFIED.xls
타임향료,200602,ESSENTIAL COMPLEX 200602,Folione,Methyl Heptin Carbonate,111-12-6,0,,,,ESSENTIAL COMPLEX 200602 ALLERGENS CERTIFIED.xls
타임향료,190601,ESSENTIAL COMPLEX 190601,Alpha Iso Methyl Ionone (Methyl Ionone Gamma),Alpha-Isomethyl Ionone,127-51-5,0,,,,MFE-0019_ESSENTIAL COMPLEX 190601 ALLERGENS CERTIFIED_stamp.xls
타임향료,190601,ESSENTIAL COMPLEX 190601,Amyl Cinnamic Aldehyde,Amyl Cinnamal,122-40-7,0,,,,MFE-0019_ESSENTIAL COMPLEX 190601 ALLERGENS CERTIFIED_stamp.xls
타임향료,190601,ESSENTIAL COMPLEX 190601,Amyl Cinnamic Alcohol,Amyl Cinamyl Alcohol,101-85-9,0,,,,MFE-0019_ESSENTIAL COMPLEX 190601 ALLERGENS CERTIFIED_stamp.xls
타임향료,190601,ESSENTIAL COMPLEX 190601,Anisyl Alcohol,Anisyl Alcohol,105-13-5,0,,,,MFE-0019_ESSENTIAL COMPLEX 190601 ALLERGENS CERTIFIED_stamp.xls
타임향료,190601,ESSENTIAL COMPLEX 190601,Benzyl Alcohol,Benzyl Alcohol,100-51-6,5e-05,,NO,NO,MFE-0019_ESSENTIAL COMPLEX 190601 ALLERGENS CERTIFIED_stamp.xls
타임향료,190601,ESSENTIAL COMPLEX 190601,Benzyl Benzoate,Benzyl Benzoate,120-51-4,0.006,,NO,NO,MFE-0019_ESSENTIAL COMPLEX 190601 ALLERGENS CERTIFIED_stamp.xls
타임향료,190601,ESSENTIAL COMPLEX 190601,Benzyl Cinnamate,Benzyl Cinnamate,103-41-3,0,,,,MFE-0019_ESSENTIAL COMPLEX 190601 ALLERGENS CERTIFIED_stamp.xls
타임향료,190601,ESSENTIAL COMPLEX 190601,Benzyl Salicylate,Benzyl Salicylate,118-58-1,0.0025,,NO,NO,MFE-0019_ESSENTIAL COMPLEX 190601 ALLERGENS CERTIFIED_stamp.xls
타임향료,190601,ESSENTIAL COMPLEX 190601,Lilial,2-(4-tert-Butylbenzyl)Propionaldehyde,80-54-6,0,,,,MFE-0019_ESSENTIAL COMPLEX 190601 ALLERGENS CERTIFIED_stamp.xls
타임향료,190601,ESSENTIAL COMPLEX 190601,Cinnamic Aldehyde,Cinnamal,104-55-2,0,,,,MFE-0019_ESSENTIAL COMPLEX 190601 ALLERGENS CERTIFIED_stamp.xls
타임향료,190601,ESSENTIAL COMPLEX 190601,Cinnamic Alcohol,Cinnamyl Alcohol,104-54-1,0,,,,MFE-0019_ESSENTIAL COMPLEX 190601 ALLERGENS CERTIFIED_stamp.xls
타임향료,190601,ESSENTIAL COMPLEX 190601,Citral,Citral,5392-40-5,0.005935,,NO,NO,MFE-0019_ESSENTIAL COMPLEX 190601 ALLERGENS CERTIFIED_stamp.xls
타임향료,190601,ESSENTIAL COMPLEX 190601,Citronellol,Citronellol,106-22-9,0.01889,,YES,NO,MFE-0019_ESSENTIAL COMPLEX 190601 ALLERGENS CERTIFIED_stamp.xls
타임향료,190601,ESSENTIAL COMPLEX 190601,Coumarin,Coumarin,91-64-5,0.0001,,NO,NO,MFE-0019_ESSENTIAL COMPLEX 190601 ALLERGENS CERTIFIED_stamp.xls
타임향료,190601,ESSENTIAL COMPLEX 190601,Eugenol,Eugenol,97-53-0,0.000575,,NO,NO,MFE-0019_ESSENTIAL COMPLEX 190601 ALLERGENS CERTIFIED_stamp.xls
타임향료,190601,ESSENTIAL COMPLEX 190601,Treemoss Extract,Treemoss Extract,90028-67-4,0,,,,MFE-0019_ESSENTIAL COMPLEX 190601 ALLERGENS CERTIFIED_stamp.xls
타임향료,190601,ESSENTIAL COMPLEX 190601,Oakmoss Extract,Oakmoss Extract,90028-68-5,0,,,,MFE-0019_ESSENTIAL COMPLEX 190601 ALLERGENS CERTIFIED_stamp.xls
타임향료,190601,ESSENTIAL COMPLEX 190601,Farnesol,Farnesol,4602-84-0,0.002,,NO,NO,MFE-0019_ESSENTIAL COMPLEX 190601 ALLERGENS CERTIFIED_stamp.xls
타임향료,190601,ESSENTIAL COMPLEX 190601,Geraniol,Geraniol,106-24-1,0.010595,,YES,NO,MFE-0019_ESSENTIAL COMPLEX 190601 ALLERGENS CERTIFIED_stamp.xls
타임향료,190601,ESSENTIAL COMPLEX 190601,Hexyl Cinnamic Aldehyde,Hexyl cinnam-aldehyde,101-86-0,0,,,,MFE-0019_ESSENTIAL COMPLEX 190601 ALLERGENS CERTIFIED_stamp.xls
타임향료,190601,ESSENTIAL COMPLEX 190601,Hydroxycitronellal,Hydroxycitronellal,107-75-5,0,,,,MFE-0019_ESSENTIAL COMPLEX 190601 ALLERGENS CERTIFIED_stamp.xls
타임향료,190601,ESSENTIAL COMPLEX 190601,Lyral,Hydroxymethylpentylcyclohexane Carboxaldehyde,31906-04-4,0,,,,MFE-0019_ESSENTIAL COMPLEX 190601 ALLERGENS CERTIFIED_stamp.xls
타임향료,190601,ESSENTIAL COMPLEX 190601,Isoeugenol,Isoeugenol,97-54-1,0.000515,,NO,NO,MFE-0019_ESSENTIAL COMPLEX 190601 ALLERGENS CERTIFIED_stamp.xls
타임향료,190601,ESSENTIAL COMPLEX 190601,D-Limonene,D-Limonene,5989-27-5,0.567965,,YES,YES,MFE-0019_ESSENTIAL COMPLEX 190601 ALLERGENS CERTIFIED_stamp.xls
타임향료,190601,ESSENTIAL COMPLEX 190601,Linalool,Linalool,78-70-6,0.027635,,YES,NO,MFE-0019_ESSENTIAL COMPLEX 190601 ALLERGENS CERTIFIED_stamp.xls
타임향료,190601,ESSENTIAL COMPLEX 190601,Folione,Methyl Heptin Carbonate,111-12-6,0,,,,MFE-0019_ESSENTIAL COMPLEX 190601 ALLERGENS CERTIFIED_stamp.xls
타임향료,100813,COLLAGEN 100813,Alpha Iso Methyl Ionone (Methyl Ionone Gamma),Alpha-Isomethyl Ionone,127-51-5,0.0037813,,NO,NO,에바스코스메틱 COLLAGEN 100813 ALLERGENS CERTIFIED.xls
타임향료,100813,COLLAGEN 100813,Amyl Cinnamic Aldehyde,Amyl Cinnamal,122-40-7,0.0009547,,NO,NO,에바스코스메틱 COLLAGEN 100813 ALLERGENS CERTIFIED.xls
타임향료,100813,COLLAGEN 100813,Amyl Cinnamic Alcohol,Amyl Cinamyl Alcohol,101-85-9,0,,,,에바스코스메틱 COLLAGEN 100813 ALLERGENS CERTIFIED.xls
타임향료,100813,COLLAGEN 100813,Anisyl Alcohol,Anisyl Alcohol,105-13-5,5e-08,,NO,NO,에바스코스메틱 COLLAGEN 100813 ALLERGENS CERTIFIED.xls
타임향료,100813,COLLAGEN 100813,Benzyl Alcohol,Benzyl Alcohol,100-51-6,1.72e-05,,NO,NO,에바스코스메틱 COLLAGEN 100813 ALLERGENS CERTIFIED.xls
타임향료,100813,COLLAGEN 100813,Benzyl Benzoate,Benzyl Benzoate,120-51-4,7.56e-05,,NO,NO,에바스코스메틱 COLLAGEN 100813 ALLERGENS CERTIFIED.xls
타임향료,100813,COLLAGEN 100813,Benzyl Cinnamate,Benzyl Cinnamate,103-41-3,0,,,,에바스코스메틱 COLLAGEN 100813 ALLERGENS CERTIFIED.xls
타임향료,100813,COLLAGEN 100813,Benzyl Salicylate,Benzyl Salicylate,118-58-1,0.0096431,,NO,NO,에바스코스메틱 COLLAGEN 100813 ALLERGENS CERTIFIED.xls
타임향료,100813,COLLAGEN 100813,Lilial,2-(4-tert-Butylbenzyl)Propionaldehyde,80-54-6,0,,,,에바스코스메틱 COLLAGEN 100813 ALLERGENS CERTIFIED.xls
타임향료,100813,COLLAGEN 100813,Cinnamic Aldehyde,Cinnamal,104-55-2,0,,,,에바스코스메틱 COLLAGEN 100813 ALLERGENS CERTIFIED.xls
타임향료,100813,COLLAGEN 100813,Cinnamic Alcohol,Cinnamyl Alcohol,104-54-1,1.5e-07,,NO,NO,에바스코스메틱 COLLAGEN 100813 ALLERGENS CERTIFIED.xls
타임향료,100813,COLLAGEN 100813,Citral,Citral,5392-40-5,0.00142205,,NO,NO,에바스코스메틱 COLLAGEN 100813 ALLERGENS CERTIFIED.xls
타임향료,100813,COLLAGEN 100813,Citronellol,Citronellol,106-22-9,0.003443,,NO,NO,에바스코스메틱 COLLAGEN 100813 ALLERGENS CERTIFIED.xls
타임향료,100813,COLLAGEN 100813,Coumarin,Coumarin,91-64-5,0.0001904,,NO,NO,에바스코스메틱 COLLAGEN 100813 ALLERGENS CERTIFIED.xls
타임향료,100813,COLLAGEN 100813,Eugenol,Eugenol,97-53-0,0.00043735,,NO,NO,에바스코스메틱 COLLAGEN 100813 ALLERGENS CERTIFIED.xls
타임향료,100813,COLLAGEN 100813,Treemoss Extract,Treemoss Extract,90028-67-4,0,,,,에바스코스메틱 COLLAGEN 100813 ALLERGENS CERTIFIED.xls
타임향료,100813,COLLAGEN 100813,Oakmoss Extract,Oakmoss Extract,90028-68-5,0,,,,에바스코스메틱 COLLAGEN 100813 ALLERGENS CERTIFIED.xls
타임향료,100813,COLLAGEN 100813,Farnesol,Farnesol,4602-84-0,0,,,,에바스코스메틱 COLLAGEN 100813 ALLERGENS CERTIFIED.xls
타임향료,100813,COLLAGEN 100813,Geraniol,Geraniol,106-24-1,0.00340545,,NO,NO,에바스코스메틱 COLLAGEN 100813 ALLERGENS CERTIFIED.xls
타임향료,100813,COLLAGEN 100813,Hexyl Cinnamic Aldehyde,Hexyl cinnam-aldehyde,101-86-0,0.01445245,,YES,NO,에바스코스메틱 COLLAGEN 100813 ALLERGENS CERTIFIED.xls
타임향료,100813,COLLAGEN 100813,Hydroxycitronellal,Hydroxycitronellal,107-75-5,0.0040476,,NO,NO,에바스코스메틱 COLLAGEN 100813 ALLERGENS CERTIFIED.xls
타임향료,100813,COLLAGEN 100813,Lyral,Hydroxymethylpentylcyclohexane Carboxaldehyde,31906-04-4,0,,,,에바스코스메틱 COLLAGEN 100813 ALLERGENS CERTIFIED.xls
타임향료,100813,COLLAGEN 100813,Isoeugenol,Isoeugenol,97-54-1,2e-05,,NO,NO,에바스코스메틱 COLLAGEN 100813 ALLERGENS CERTIFIED.xls
타임향료,100813,COLLAGEN 100813,D-Limonene,D-Limonene,5989-27-5,0.02606,,YES,NO,에바스코스메틱 COLLAGEN 100813 ALLERGENS CERTIFIED.xls
타임향료,100813,COLLAGEN 100813,Linalool,Linalool,78-70-6,0.01229515,,YES,NO,에바스코스메틱 COLLAGEN 100813 ALLERGENS CERTIFIED.xls
타임향료,100813,COLLAGEN 100813,Folione,Methyl Heptin Carbonate,111-12-6,1.15e-05,,NO,NO,에바스코스메틱 COLLAGEN 100813 ALLERGENS CERTIFIED.xls
타임향료,100813,COLLAGEN 100813,* EACH FIGURE IS ROUNDED OFF TO THE SECOND DECIMAL PLACE,* EACH FIGURE IS ROUNDED OFF TO THE SECOND DECIMAL PLACE,,,,,,에바스코스메틱 COLLAGEN 100813 ALLERGENS CERTIFIED.xls
타임향료,100813,COLLAGEN 100813,* BLANK MEANS NOT ADDED ARTIFICIALLY,* BLANK MEANS NOT ADDED ARTIFICIALLY,,,,,,에바스코스메틱 COLLAGEN 100813 ALLERGENS CERTIFIED.xls
타임향료,190601,ESSENTIAL COMPLEX 190601,Alpha Iso Methyl Ionone (Methyl Ionone Gamma),Alpha-Isomethyl Ionone,127-51-5,0,,,,에바스코스메틱 ESSENTIAL COMPLEX 190601 ALLERGENS CERTIFIED 26항목.xls
타임향료,190601,ESSENTIAL COMPLEX 190601,Amyl Cinnamic Aldehyde,Amyl Cinnamal,122-40-7,0,,,,에바스코스메틱 ESSENTIAL COMPLEX 190601 ALLERGENS CERTIFIED 26항목.xls
타임향료,190601,ESSENTIAL COMPLEX 190601,Amyl Cinnamic Alcohol,Amyl Cinamyl Alcohol,101-85-9,0,,,,에바스코스메틱 ESSENTIAL COMPLEX 190601 ALLERGENS CERTIFIED 26항목.xls
타임향료,190601,ESSENTIAL COMPLEX 190601,Anisyl Alcohol,Anisyl Alcohol,105-13-5,0,,,,에바스코스메틱 ESSENTIAL COMPLEX 190601 ALLERGENS CERTIFIED 26항목.xls
타임향료,190601,ESSENTIAL COMPLEX 190601,Benzyl Alcohol,Benzyl Alcohol,100-51-6,5e-05,,NO,NO,에바스코스메틱 ESSENTIAL COMPLEX 190601 ALLERGENS CERTIFIED 26항목.xls
타임향료,190601,ESSENTIAL COMPLEX 190601,Benzyl Benzoate,Benzyl Benzoate,120-51-4,0.006,,NO,NO,에바스코스메틱 ESSENTIAL COMPLEX 190601 ALLERGENS CERTIFIED 26항목.xls
타임향료,190601,ESSENTIAL COMPLEX 190601,Benzyl Cinnamate,Benzyl Cinnamate,103-41-3,0,,,,에바스코스메틱 ESSENTIAL COMPLEX 190601 ALLERGENS CERTIFIED 26항목.xls
타임향료,190601,ESSENTIAL COMPLEX 190601,Benzyl Salicylate,Benzyl Salicylate,118-58-1,0.0025,,NO,NO,에바스코스메틱 ESSENTIAL COMPLEX 190601 ALLERGENS CERTIFIED 26항목.xls
타임향료,190601,ESSENTIAL COMPLEX 190601,Lilial,2-(4-tert-Butylbenzyl)Propionaldehyde,80-54-6,0,,,,에바스코스메틱 ESSENTIAL COMPLEX 190601 ALLERGENS CERTIFIED 26항목.xls
타임향료,190601,ESSENTIAL COMPLEX 190601,Cinnamic Aldehyde,Cinnamal,104-55-2,0,,,,에바스코스메틱 ESSENTIAL COMPLEX 190601 ALLERGENS CERTIFIED 26항목.xls
타임향료,190601,ESSENTIAL COMPLEX 190601,Cinnamic Alcohol,Cinnamyl Alcohol,104-54-1,0,,,,에바스코스메틱 ESSENTIAL COMPLEX 190601 ALLERGENS CERTIFIED 26항목.xls
타임향료,190601,ESSENTIAL COMPLEX 190601,Citral,Citral,5392-40-5,0.005955,,NO,NO,에바스코스메틱 ESSENTIAL COMPLEX 190601 ALLERGENS CERTIFIED 26항목.xls
타임향료,190601,ESSENTIAL COMPLEX 190601,Citronellol,Citronellol,106-22-9,0.01857,,YES,NO,에바스코스메틱 ESSENTIAL COMPLEX 190601 ALLERGENS CERTIFIED 26항목.xls
타임향료,190601,ESSENTIAL COMPLEX 190601,Coumarin,Coumarin,91-64-5,0.0002,,NO,NO,에바스코스메틱 ESSENTIAL COMPLEX 190601 ALLERGENS CERTIFIED 26항목.xls
타임향료,190601,ESSENTIAL COMPLEX 190601,Eugenol,Eugenol,97-53-0,0.000575,,NO,NO,에바스코스메틱 ESSENTIAL COMPLEX 190601 ALLERGENS CERTIFIED 26항목.xls
타임향료,190601,ESSENTIAL COMPLEX 190601,Treemoss Extract,Treemoss Extract,90028-67-4,0,,,,에바스코스메틱 ESSENTIAL COMPLEX 190601 ALLERGENS CERTIFIED 26항목.xls
타임향료,190601,ESSENTIAL COMPLEX 190601,Oakmoss Extract,Oakmoss Extract,90028-68-5,0,,,,에바스코스메틱 ESSENTIAL COMPLEX 190601 ALLERGENS CERTIFIED 26항목.xls
타임향료,190601,ESSENTIAL COMPLEX 190601,Farnesol,Farnesol,4602-84-0,0.002,,NO,NO,에바스코스메틱 ESSENTIAL COMPLEX 190601 ALLERGENS CERTIFIED 26항목.xls
타임향료,190601,ESSENTIAL COMPLEX 190601,Geraniol,Geraniol,106-24-1,0.01045,,YES,NO,에바스코스메틱 ESSENTIAL COMPLEX 190601 ALLERGENS CERTIFIED 26항목.xls
타임향료,190601,ESSENTIAL COMPLEX 190601,Hexyl Cinnamic Aldehyde,Hexyl cinnam-aldehyde,101-86-0,0,,,,에바스코스메틱 ESSENTIAL COMPLEX 190601 ALLERGENS CERTIFIED 26항목.xls
타임향료,190601,ESSENTIAL COMPLEX 190601,Hydroxycitronellal,Hydroxycitronellal,107-75-5,0,,,,에바스코스메틱 ESSENTIAL COMPLEX 190601 ALLERGENS CERTIFIED 26항목.xls
타임향료,190601,ESSENTIAL COMPLEX 190601,Lyral,Hydroxymethylpentylcyclohexane Carboxaldehyde,31906-04-4,0,,,,에바스코스메틱 ESSENTIAL COMPLEX 190601 ALLERGENS CERTIFIED 26항목.xls
타임향료,190601,ESSENTIAL COMPLEX 190601,Isoeugenol,Isoeugenol,97-54-1,0.000515,,NO,NO,에바스코스메틱 ESSENTIAL COMPLEX 190601 ALLERGENS CERTIFIED 26항목.xls
타임향료,190601,ESSENTIAL COMPLEX 190601,D-Limonene,D-Limonene,5989-27-5,0.5683,,YES,YES,에바스코스메틱 ESSENTIAL COMPLEX 190601 ALLERGENS CERTIFIED 26항목.xls
타임향료,190601,ESSENTIAL COMPLEX 190601,Linalool,Linalool,78-70-6,0.02757,,YES,NO,에바스코스메틱 ESSENTIAL COMPLEX 190601 ALLERGENS CERTIFIED 26항목.xls
타임향료,190601,ESSENTIAL COMPLEX 190601,Folione,Methyl Heptin Carbonate,111-12-6,0,,,,에바스코스메틱 ESSENTIAL COMPLEX 190601 ALLERGENS CERTIFIED 26항목.xls
타임향료,60891,TEVB 60891,Alpha Iso Methyl Ionone (Methyl Ionone Gamma),Alpha-Isomethyl Ionone,127-51-5,2e-05,,NO,NO,에바스코스메틱 TEVB 60891 ALLERGENS CERTIFIED.xls
타임향료,60891,TEVB 60891,Amyl Cinnamic Aldehyde,Amyl Cinnamal,122-40-7,0.00179,,NO,NO,에바스코스메틱 TEVB 60891 ALLERGENS CERTIFIED.xls
타임향료,60891,TEVB 60891,Amyl Cinnamic Alcohol,Amyl Cinamyl Alcohol,101-85-9,0,,,,에바스코스메틱 TEVB 60891 ALLERGENS CERTIFIED.xls
타임향료,60891,TEVB 60891,Anisyl Alcohol,Anisyl Alcohol,105-13-5,4.5e-08,,NO,NO,에바스코스메틱 TEVB 60891 ALLERGENS CERTIFIED.xls
타임향료,60891,TEVB 60891,Benzyl Alcohol,Benzyl Alcohol,100-51-6,1.024e-05,,NO,NO,에바스코스메틱 TEVB 60891 ALLERGENS CERTIFIED.xls
타임향료,60891,TEVB 60891,Benzyl Benzoate,Benzyl Benzoate,120-51-4,0.00029346,,NO,NO,에바스코스메틱 TEVB 60891 ALLERGENS CERTIFIED.xls
타임향료,60891,TEVB 60891,Benzyl Cinnamate,Benzyl Cinnamate,103-41-3,0,,,,에바스코스메틱 TEVB 60891 ALLERGENS CERTIFIED.xls
타임향료,60891,TEVB 60891,Benzyl Salicylate,Benzyl Salicylate,118-58-1,1.23e-06,,NO,NO,에바스코스메틱 TEVB 60891 ALLERGENS CERTIFIED.xls
타임향료,60891,TEVB 60891,Lilial,2-(4-tert-Butylbenzyl)Propionaldehyde,80-54-6,0,,,,에바스코스메틱 TEVB 60891 ALLERGENS CERTIFIED.xls
타임향료,60891,TEVB 60891,Cinnamic Aldehyde,Cinnamal,104-55-2,0,,,,에바스코스메틱 TEVB 60891 ALLERGENS CERTIFIED.xls
타임향료,60891,TEVB 60891,Cinnamic Alcohol,Cinnamyl Alcohol,104-54-1,0,,,,에바스코스메틱 TEVB 60891 ALLERGENS CERTIFIED.xls
타임향료,60891,TEVB 60891,Citral,Citral,5392-40-5,0.01677336,,YES,NO,에바스코스메틱 TEVB 60891 ALLERGENS CERTIFIED.xls
타임향료,60891,TEVB 60891,Citronellol,Citronellol,106-22-9,0.00211581,,NO,NO,에바스코스메틱 TEVB 60891 ALLERGENS CERTIFIED.xls
타임향료,60891,TEVB 60891,Coumarin,Coumarin,91-64-5,0,,,,에바스코스메틱 TEVB 60891 ALLERGENS CERTIFIED.xls
타임향료,60891,TEVB 60891,Eugenol,Eugenol,97-53-0,1.5e-08,,NO,NO,에바스코스메틱 TEVB 60891 ALLERGENS CERTIFIED.xls
타임향료,60891,TEVB 60891,Treemoss Extract,Treemoss Extract,90028-67-4,0,,,,에바스코스메틱 TEVB 60891 ALLERGENS CERTIFIED.xls
타임향료,60891,TEVB 60891,Oakmoss Extract,Oakmoss Extract,90028-68-5,0,,,,에바스코스메틱 TEVB 60891 ALLERGENS CERTIFIED.xls
타임향료,60891,TEVB 60891,Farnesol,Farnesol,4602-84-0,4.5e-08,,NO,NO,에바스코스메틱 TEVB 60891 ALLERGENS CERTIFIED.xls
타임향료,60891,TEVB 60891,Geraniol,Geraniol,106-24-1,0.003595255,,NO,NO,에바스코스메틱 TEVB 60891 ALLERGENS CERTIFIED.xls
타임향료,60891,TEVB 60891,Hexyl Cinnamic Aldehyde,Hexyl cinnam-aldehyde,101-86-0,0.00012,,NO,NO,에바스코스메틱 TEVB 60891 ALLERGENS CERTIFIED.xls
타임향료,60891,TEVB 60891,Hydroxycitronellal,Hydroxycitronellal,107-75-5,0,,,,에바스코스메틱 TEVB 60891 ALLERGENS CERTIFIED.xls
타임향료,60891,TEVB 60891,Lyral,Hydroxymethylpentylcyclohexane Carboxaldehyde,31906-04-4,0,,,,에바스코스메틱 TEVB 60891 ALLERGENS CERTIFIED.xls
타임향료,60891,TEVB 60891,Isoeugenol,Isoeugenol,97-54-1,0,,,,에바스코스메틱 TEVB 60891 ALLERGENS CERTIFIED.xls
타임향료,60891,TEVB 60891,D-Limonene,D-Limonene,5989-27-5,0.555274615,,YES,YES,에바스코스메틱 TEVB 60891 ALLERGENS CERTIFIED.xls
타임향료,60891,TEVB 60891,Linalool,Linalool,78-70-6,0.019894895,,YES,NO,에바스코스메틱 TEVB 60891 ALLERGENS CERTIFIED.xls
타임향료,60891,TEVB 60891,Folione,Methyl Heptin Carbonate,111-12-6,0,,,,에바스코스메틱 TEVB 60891 ALLERGENS CERTIFIED.xls
타임향료,60891,TEVB 60891,* EACH FIGURE IS ROUNDED OFF TO THE SECOND DECIMAL PLACE,* EACH FIGURE IS ROUNDED OFF TO THE SECOND DECIMAL PLACE,,,,,,에바스코스메틱 TEVB 60891 ALLERGENS CERTIFIED.xls
타임향료,60891,TEVB 60891,* BLANK MEANS NOT ADDED ARTIFICIALLY,* BLANK MEANS NOT ADDED ARTIFICIALLY,,,,,,에바스코스메틱 TEVB 60891 ALLERGENS CERTIFIED.xls
