제품코드,일련번호,개정년월일,개정사항
FJSL002,일련번호,개정년월일,
FJCRM03,일련번호,개정년월일,
FJCR003,일련번호,개정년월일,
FJPK001,일련번호,개정년월일,
MLDM029,일련번호,개정년월일,
MLDM030,일련번호,개정년월일,
MLDM031,일련번호,개정년월일,
JOFC001,일련번호,개정년월일,
JOFC001,1.0,2023.02.07,
JOFC001,2.0,2023.02.01,
JOCO001,일련번호,개정년월일,
JOCO001,1.0,2023.02.07,
JOCO001,2.0,2023.05.31,
NPBC005,일련번호,개정년월일,
NPBC005,1.0,2022.09.02,
NPBC006,일련번호,개정년월일,
NPBC007,일련번호,개정년월일,
NPBC008,일련번호,개정년월일,
ILWSP02,일련번호,개정년월일,
FJPW000,일련번호,개정년월일,
NPSS001,일련번호,개정년월일,
NPSS002,일련번호,개정년월일,
NPSS003,일련번호,개정년월일,
NPSS004,일련번호,개정년월일,
JOSC001,일련번호,개정년월일,
JOSC001,1.0,2020.09.14,
JOSC001,2.0,2023.05.31,
JOSC001,3.0,2023.12.06,
JOSCP01,일련번호,개정년월일,
JOSCP01,1.0,2020.09.14,
JOSCP01,2.0,2023.05.31,
JOSCP01,3.0,2023.12.06,
JOFC002,일련번호,개정년월일,
JOFC003,일련번호,개정년월일,
JOHC002,일련번호,개정년월일,
JOHC003,일련번호,개정년월일,
JOFT003,일련번호,개정년월일,
PDML001,일련번호,개정년월일,
BTBC003,일련번호,개정년월일,
BTBL003,일련번호,개정년월일,
MLHC006,일련번호,개정년월일,
MLHC007,일련번호,개정년월일,
MLHC008,일련번호,개정년월일,
PTPW001,일련번호,개정년월일,
PTPW002,일련번호,개정년월일,
MLHC014,일련번호,개정년월일,
MLHC015,일련번호,개정년월일,
MLHC016,일련번호,개정년월일,
MLHC017,일련번호,개정년월일,
PTFC001,일련번호,개정년월일,
VMSS001,일련번호,개정년월일,
VMSS001,1.0,2020.07.24,
VMBA001,일련번호,개정년월일,
VMSF001,일련번호,개정년월일,
BDFD001,일련번호,개정년월일,
PTEF001,일련번호,개정년월일,
PTEF002,일련번호,개정년월일,
PTEF003,일련번호,개정년월일,
BTMD001,일련번호,개정년월일,
ILWS003,일련번호,개정년월일,
ILWS004,일련번호,개정년월일,
ILMT003,일련번호,개정년월일,
ILMT004,일련번호,개정년월일,
VMOL001,일련번호,개정년월일,
VMCP001,일련번호,개정년월일,
PTBC002,일련번호,개정년월일,
MLPF001,비      고,,
MLPF001,일련번호,개정년월일,
MLPF002,비      고,,
MLPF002,일련번호,개정년월일,
MLPF003,비      고,,
MLPF003,일련번호,개정년월일,
MLPF004,비      고,,
MLPF004,일련번호,개정년월일,
MLPF005,비      고,,
MLPF005,일련번호,개정년월일,
BDFS002,일련번호,개정년월일,
RRBM010,일련번호,개정년월일,
RRBM010,1.0,2021.11.01,
RRBM010,2.0,2023.01.02,
RRBM010,3.0,2023.04.28,
RRBM011,일련번호,개정년월일,
RRBM011,1.0,2021.11.01,
RRBM011,2.0,2023.01.02,
RRBM011,3.0,2023.04.28,
NPSS005,일련번호,개정년월일,
ILWSP01,일련번호,개정년월일,
HFHW001,일련번호,개정년월일,
HFHW002,일련번호,개정년월일,
HFHW003,일련번호,개정년월일,
NPBC009,일련번호,개정년월일,
MLBL007,일련번호,개정년월일,
MLBL008,일련번호,개정년월일,
MLBL009,일련번호,개정년월일,
CCHW001,일련번호,개정년월일,
CCHW002,일련번호,개정년월일,
JOPK003,일련번호,개정년월일,
JOPKP03,일련번호,개정년월일,
JOSS001,일련번호,개정년월일,
JOSS002,일련번호,개정년월일,
JOPK001,일련번호,개정년월일,
JOPKP01,일련번호,개정년월일,
JOPK002,일련번호,개정년월일,
JOPKP02,일련번호,개정년월일,
FJSL003,일련번호,개정년월일,
FJCR004,일련번호,개정년월일,
FJCR004,1.0,2023.10.23,
FJCB001,일련번호,개정년월일,
FJCB001,1.0,2024.11.22,
JOPK004,일련번호,개정년월일,
JOPK004,1.0,2023.05.31,
JOPKP04,일련번호,개정년월일,
JOPKP04,1.0,2023.05.31,
JOPK005,일련번호,개정년월일,
JOPK005,1.0,2023.01.31,
JOPK005,2.0,2023.06.01,
JOPKP05,일련번호,개정년월일,
JOPKP05,1.0,2023.01.31,
JOPKP05,2.0,2023.06.01,
JOPK006,일련번호,개정년월일,
JOPK006,1.0,2023.05.16,
JOPK006,2.0,2024.02.23,
JOFC004,일련번호,개정년월일,
JOSS003,일련번호,개정년월일,
JOCB001,일련번호,개정년월일,
KBHC006,일련번호,개정년월일,
KBHC007,일련번호,개정년월일,
KBHC008,일련번호,개정년월일,
KBHC009,일련번호,개정년월일,
KBHC010,일련번호,개정년월일,
VMSP011,일련번호,개정년월일,
VMRS011,일련번호,개정년월일,
HFBC001,일련번호,개정년월일,
HFBL001,일련번호,개정년월일,
MLPP001,재활용 등급,,
MLPP001,비       고,,
MLPP002,재활용 등급,,
MLPP002,비       고,,
KBCR006,재 활 용 등 급,,
KBCR006,비      고,,
KBCR007,재 활 용 등 급,,
KBCR007,비      고,,
FJMK001,비      고,,
FJMK001,일련번호,개정년월일,
FJMK002,비      고,,
FJMK002,일련번호,개정년월일,
AOSP001,재 활 용 등 급,,
AOSP001,비      고,,
PDBC003,재 활 용 등 급,,
PDBC003,비      고,,
PDBC002,재 활 용 등 급,,
PDBC002,비      고,,
JOLS002,재 활 용 등 급,,
JOLS002,비      고,,
KBOW001,재 활 용 등 급,,
KBOW001,비      고,,
KBOW002,재 활 용 등 급,,
KBOW002,비      고,,
KBOW003,재 활 용 등 급,,
KBOW003,비      고,,
KBOW004,재 활 용 등 급,,
KBOW004,비      고,,
KBOW005,재 활 용 등 급,,
KBOW005,비      고,,
BDFS003,재 활 용 등 급,,
BDFS003,비      고,,
BDMK001,재 활 용 등 급,,
BDMK001,비      고,,
FJSL004,재 활 용 등 급,,
FJSL004,비      고,,
PDIR010,재 활 용 등 급,,
PDIR010,비      고,,
MLBM002,재 활 용 등 급,,
MLBM002,비      고,,
MLBM003,재 활 용 등 급,,
MLBM003,비      고,,
MLBM004,재 활 용 등 급,,
MLBM004,비      고,,
VMSP010,재 활 용 등 급,,
VMSP010,비      고,,
VMST001,재 활 용 등 급,,
VMST001,비      고,,
VMRS010,재 활 용 등 급,,
VMRS010,비      고,,
BDMK002,재 활 용 등 급,,
BDMK002,비      고,,
BTPP001,재 활 용 등 급,,
BTPP001,비      고,,
CCSP002,재 활 용 등 급,,
CCSP002,비      고,,
MRSP001,재 활 용 등 급,,
MRSP001,비      고,,
MRRS001,재 활 용 등 급,,
MRRS001,비      고,,
RLBC001,재 활 용 등 급,,
RLBC001,비      고,,
RLBC002,재 활 용 등 급,,
RLBC002,비      고,,
MLHW004,재 활 용 등 급,,
MLHW004,비      고,,
MLHC009,재 활 용 등 급,,
MLHC009,비      고,,
RRBM012,재 활 용 등 급,,
RRBM012,비      고,,
RRBM013,재 활 용 등 급,,
RRBM013,비      고,,
MLDM032,재활용 등급,,
MLDM032,비       고,,
MLDM033,재활용 등급,,
MLDM033,비       고,,
MLDM034,재활용 등급,,
MLDM034,비       고,,
MLDM035,재활용 등급,,
MLDM035,비       고,,
MLDM036,재활용 등급,,
MLDM036,비       고,,
AOSP002,재 활 용 등 급,,
AOSP002,비      고,,
CCRS002,재 활 용 등 급,,
CCRS002,비      고,,
CCAT001,재 활 용 등 급,,
CCAT001,비      고,,
CCSP003,재 활 용 등 급,,
CCSP003,비      고,,
FJEX002,재 활 용 등 급,,
FJEX002,비      고,,
AORS001,재 활 용 등 급,,
AORS001,비      고,,
CCBL001,재 활 용 등 급,,
CCBL001,비      고,,
FJCR005,재 활 용 등 급,,
FJCR005,비      고,,
FJFC003,재 활 용 등 급,,
FJFC003,비      고,,
JODM001,재활용 등급,,
JODM001,비       고,,
FJFC004,재 활 용 등 급,,
FJFC004,비      고,,
BTSB001,재 활 용 등 급,,
BTSB001,비      고,,
BTSB002,재 활 용 등 급,,
BTSB002,비      고,,
BTSB003,재 활 용 등 급,,
BTSB003,비      고,,
BTSB004,재 활 용 등 급,,
BTSB004,비      고,,
BTSB005,재 활 용 등 급,,
BTSB005,비      고,,
FJCO001,재 활 용 등 급,,
FJCO001,비      고,,
FJLM001,재 활 용 등 급,,
FJLM001,비      고,,
FJLM002,재 활 용 등 급,,
FJLM002,비      고,,
RRHW001,재 활 용 등 급,,
RRHW001,비      고,,
RRHWR01,재 활 용 등 급,,
RRHWR01,비      고,,
RRHW002,재 활 용 등 급,,
RRHW002,비      고,,
RRHWR02,재 활 용 등 급,,
RRHWR02,비      고,,
RRHW003,재 활 용 등 급,,
RRHW003,비      고,,
RRHWR03,재 활 용 등 급,,
RRHWR03,비      고,,
BTBC004,비      고,,
BTBC005,재 활 용 등 급,,
BTBC005,비      고,,
ADML000,재 활 용 등 급,,
ADML000,비      고,,
FJEC006,재 활 용 등 급,,
FJEC006,비      고,,
FJCR006,재 활 용 등 급,,
FJCR006,비      고,,
FJSL006,재 활 용 등 급,,
FJSL006,비      고,,
ELHS001,재 활 용 등 급,,
ELHS001,비      고,,
VVCR001,재 활 용 등 급,,
VVCR001,비      고,,
VVCR002,재 활 용 등 급,,
VVCR002,비      고,,
VVCR003,재 활 용 등 급,,
VVCR003,비      고,,
VVHC001,재 활 용 등 급,,
VVHC001,비      고,,
VVHC002,재 활 용 등 급,,
VVHC002,비      고,,
VVHC003,재 활 용 등 급,,
VVHC003,비      고,,
RLBC003,재 활 용 등 급,,
RLBC003,비      고,,
VMSP012,재 활 용 등 급,,
VMSP012,비      고,,
BTBC006,비      고,,
HFBC002,비      고,,
HFBC003,비      고,,
HFBC004,비      고,,
MLDF028,재활용 등급,,
MLDF028,비       고,,
MLDF029,재활용 등급,,
MLDF029,비       고,,
MLDF030,재활용 등급,,
MLDF030,비       고,,
MLHC018,재 활 용 등 급,,
MLHC018,비      고,,
MLHC019,재 활 용 등 급,,
MLHC019,비      고,,
MLHC020,재 활 용 등 급,,
MLHC020,비      고,,
PNWS001,비      고,,
KBCR008,재 활 용 등 급,,
KBCR008,비      고,,
FJFC005,재 활 용 등 급,,
FJFC005,비      고,,
RMSC002,재 활 용 등 급,,
RMSC002,비      고,,
RMSC003,재 활 용 등 급,,
RMSC003,비      고,,
RMSC004,재 활 용 등 급,,
RMSC004,비      고,,
FJMT001,재 활 용 등 급,,
FJMT001,비      고,,
CCSPN02,재 활 용 등 급,,
CCSPN02,비      고,,
CCRSN02,재 활 용 등 급,,
CCRSN02,비      고,,
BTSS001,재 활 용 등 급,,
BTSS001,비      고,,
BTSS002,재 활 용 등 급,,
BTSS002,비      고,,
BTSS003,재 활 용 등 급,,
BTSS003,비      고,,
BDFS004,재 활 용 등 급,,
BDFS004,비      고,,
RRPM001,재 활 용 등 급,,
RRPM001,비      고,,
RRPM002,재 활 용 등 급,,
RRPM002,비      고,,
RRPM003,재 활 용 등 급,,
RRPM003,비      고,,
CHHC004,재 활 용 등 급,,
CHHC004,비      고,,
FJPD001,재 활 용 등 급,,
FJPD001,비      고,,
FJPDR01,재 활 용 등 급,,
FJPDR01,비      고,,
FJEC001,재 활 용 등 급,,
FJEC001,비      고,,
FJAP007,재 활 용 등 급,,
FJAP007,비      고,,
FJCR007,재 활 용 등 급,,
FJCR007,비      고,,
FJGC007,재 활 용 등 급,,
FJGC007,비      고,,
FJSL007,재 활 용 등 급,,
FJSL007,비      고,,
JOSR001,재 활 용 등 급,,
JOSR001,비      고,,
JOCO002,재 활 용 등 급,,
JOCO002,비      고,,
JOCOM02,재 활 용 등 급,,
JOCOM02,비      고,,
JOSL001,재 활 용 등 급,,
JOSL001,비      고,,
JOSLM01,재 활 용 등 급,,
JOSLM01,비      고,,
JOCR001,재 활 용 등 급,,
JOCR001,비      고,,
JOCRM01,재 활 용 등 급,,
JOCRM01,비      고,,
JOFC005,재 활 용 등 급,,
JOFC005,비      고,,
JOFCM05,재 활 용 등 급,,
JOFCM05,비      고,,
ILWS007,재 활 용 등 급,,
ILWS007,비      고,,
AOSPN01,재 활 용 등 급,,
AOSPN01,비      고,,
JOCR002,재 활 용 등 급,,
JOCR002,비      고,,
AOBL004,재 활 용 등 급,,
AOBL004,비      고,,
AOBC004,재 활 용 등 급,,
AOBC004,비      고,,
AOSG0000,재 활 용 등 급,,
AOSG0000,비      고,,
VMSP013,재 활 용 등 급,,
VMSP013,비      고,,
FJAP001,재 활 용 등 급,,
FJAP001,비      고,,
FJSC003,재 활 용 등 급,,
FJSC003,비      고,,
JOCR003,재 활 용 등 급,,
JOCR003,비      고,,
JOCRM03,재 활 용 등 급,,
JOCRM03,비      고,,
AOSP004,재 활 용 등 급,,
AOSP004,비      고,,
PDIR011,재 활 용 등 급,,
PDIR011,비      고,,
PDIR012,재 활 용 등 급,,
PDIR012,비      고,,
AORS004,재 활 용 등 급,,
AORS004,비      고,,
JOPW001,재 활 용 등 급,,
JOPW001,비      고,,
FJOF001,재 활 용 등 급,,
FJOF001,비      고,,
JOEC001,재 활 용 등 급,,
JOEC001,비      고,,
FJMK003,재 활 용 등 급,,
FJMK003,비      고,,
FJMK004,재 활 용 등 급,,
FJMK004,비      고,,
FJMK005,재 활 용 등 급,,
FJMK005,비      고,,
FJMK006,재 활 용 등 급,,
FJMK006,비      고,,
FJMK007,재 활 용 등 급,,
FJMK007,비      고,,
BTBC007,비      고,,
FJCP001,재 활 용 등 급,,
FJCP001,비      고,,
FJMT002,재 활 용 등 급,,
FJMT002,비      고,,
FJPW001,재 활 용 등 급,,
FJPW001,비      고,,
KBHC011,재 활 용 등 급,,
KBHC011,비      고,,
KBHC012,재 활 용 등 급,,
KBHC012,비      고,,
KBHC013,재 활 용 등 급,,
KBHC013,비      고,,
MLBL010,재 활 용 등 급,,
MLBL010,비      고,,
MLBC016,재 활 용 등 급,,
MLBC016,비      고,,
MLSP005,재 활 용 등 급,,
MLSP005,비      고,,
MLRS005,재 활 용 등 급,,
MLRS005,비      고,,
ILWS008,재 활 용 등 급,,
ILWS008,비      고,,
CCHP001,재 활 용 등 급,,
CCHP001,비      고,,
CCHPB01,재 활 용 등 급,,
CCHPB01,비      고,,
FJLO001,재 활 용 등 급,,
FJLO001,비      고,,
BTBO003,재 활 용 등 급,,
BTBO003,비      고,,
BTBO001,재 활 용 등 급,,
BTBO001,비      고,,
BTBO002,재 활 용 등 급,,
BTBO002,비      고,,
CCAB001,재 활 용 등 급,,
CCAB001,비      고,,
FJBB001,재 활 용 등 급,,
FJBB001,비      고,,
ILMT005,재 활 용 등 급,,
ILMT005,비      고,,
CCAO001,재 활 용 등 급,,
CCAO001,비      고,,
FJCR008,재 활 용 등 급,,
FJCR008,비      고,,
FJCRM08,재 활 용 등 급,,
FJCRM08,비      고,,
FJES001,재 활 용 등 급,,
FJES001,비      고,,
FJSL008,재 활 용 등 급,,
FJSL008,비      고,,
FJSLM08,재 활 용 등 급,,
FJSLM08,비      고,,
FJWE001,재 활 용 등 급,,
FJWE001,비      고,,
FJWEM01,재 활 용 등 급,,
FJWEM01,비      고,,
FJOF002,재 활 용 등 급,,
FJOF002,비      고,,
FJOFM02,재 활 용 등 급,,
FJOFM02,비      고,,
BTBC008,재 활 용 등 급,,
BTBC008,비      고,,
BTDM002,재활용 등급,,
BTDM002,비       고,,
BTDM003,재활용 등급,,
BTDM003,비       고,,
CCCC001,재 활 용 등 급,,
CCCC001,비      고,,
FJCL001,재 활 용 등 급,,
FJCL001,비      고,,
CCSP004,재 활 용 등 급,,
CCSP004,비      고,,
BTCR003,재 활 용 등 급,,
BTCR003,비      고,,
FJCO002,재 활 용 등 급,,
FJCO002,비      고,,
CCATR01,재 활 용 등 급,,
CCATR01,비      고,,
CCVF000,재 활 용 등 급,,
CCVF000,비      고,,
"MLHD001
MLHD002
MLHD003",재 활 용 등 급,,
"MLHD001
MLHD002
MLHD003",비      고,,
AOSP003,재 활 용 등 급,,
AOSP003,비      고,,
FJCR009,재 활 용 등 급,,
FJCR009,비      고,,
FJCRM09,재 활 용 등 급,,
FJCRM09,비      고,,
CCRT001,재 활 용 등 급,,
CCRT001,비      고,,
PDBC004,재 활 용 등 급,,
PDBC004,비      고,,
SNIR002,재 활 용 등 급,,
SNIR002,비      고,,
FJAP003,재 활 용 등 급,,
FJAP003,비      고,,
FJAP004,재 활 용 등 급,,
FJAP004,비      고,,
FJAP005,재 활 용 등 급,,
FJAP005,비      고,,
AOBL005,재 활 용 등 급,,
AOBL005,비      고,,
AOFC001,재 활 용 등 급,,
AOFC001,비      고,,
KBBC001,재 활 용 등 급,,
KBBC001,비      고,,
KBBC002,재 활 용 등 급,,
KBBC002,비      고,,
KBBC003,재 활 용 등 급,,
KBBC003,비      고,,
KBBC004,재 활 용 등 급,,
KBBC004,비      고,,
KSAM001,재 활 용 등 급,,
KSAM001,비      고,,
KSAMM01,재 활 용 등 급,,
KSAMM01,비      고,,
KSAT001,재 활 용 등 급,,
KSAT001,비      고,,
KSAMT01,재 활 용 등 급,,
KSAMT01,비      고,,
DBCO001,재 활 용 등 급,,
DBCO001,비      고,,
DBCOM01,재 활 용 등 급,,
DBCOM01,비      고,,
SBMPR02,재 활 용 등 급,,
SBMPR02,비      고,,
SBMPR03,재 활 용 등 급,,
SBMPR03,비      고,,
SBMPR05,재 활 용 등 급,,
SBMPR05,비      고,,
SBMPR07,재 활 용 등 급,,
SBMPR07,비      고,,
RABL004,재 활 용 등 급,,
RABL004,비      고,,
RABC004,재 활 용 등 급,,
RABC004,비      고,,
FJCB002,재 활 용 등 급,,
FJCB002,비      고,,
HCBC001,재 활 용 등 급,,
HCBC001,비      고,,
HCBL001,재 활 용 등 급,,
HCBL001,비      고,,
HCSP001,재 활 용 등 급,,
HCSP001,비      고,,
HCRS001,재 활 용 등 급,,
HCRS001,비      고,,
HCHW001,재 활 용 등 급,,
HCHW001,비      고,,
FJMK008,재 활 용 등 급,,
FJMK008,비      고,,
AOBC005,재 활 용 등 급,,
AOBC005,비      고,,
RPBC001,2.0,,2018.12.6
RPBC002,2.0,,2017.08.23
RPBC003,2.0,,2017.08.11
RMSG001,2.0,,2024.06.10
RMSG002,2.0,,2024.06.10
RSCO000,2.0,,2016.02.03
RSCO000,3.0,,2016.09.20
RSCO000,4.0,,2016.09.20
PDIR001,2.0,,2019.02.08
RPBC004,2.0,,2017.11.20
RPBC005,2.0,,2018.04.26
RPBC006,2.0,,2018.12.06
RPBC006,3.0,,2022.0
RPBC007,2.0,,2017.11.09
DPBB050,일련번호,개정년월일,
PDIC000,1.0,,2018.12.20
AOBC000,2.0,,2016.09.30
AOBC000,3.0,,2022.06.16
BBHC001,2.0,,2022.07.14
BBHC002,2.0,,2022.07.14
BBHC003,2.0,,2022.07.14
BBHC004,2.0,,2022.07.14
BBHC005,2.0,,2022.07.14
BBHC006,2.0,,2022.07.14
PDIR002,2.0,,2016.10.12
RPBC008,1.0,,2016.11.1
RPBC008,2.0,,2018.02.26
MLBC003,1.0,,2016.11.1
PDIR003,1.0,,2016.10.12
PDIR003,2.0,,2019.02.08
NABC011,1.0,,2016.11.1
RMTS001,일련번호,,개정년월일
RMTS002,일련번호,,개정년월일
RMTS003,일련번호,,개정년월일
RRCR000,1.0,,2015.10.26
MLHA001,1.0,,18.01.10
MLHA002,1.0,,2018.01.10
MLHA003,1.0,,2018.01.10
MLHA004,1.0,,2018.01.10
RMES3T1,비      고,,
RMES3T1,일련번호,,개정년월일
RMES3T2,비      고,,
RMES3T2,일련번호,,개정년월일
RMESR01,비      고,,
RMESR01,일련번호,,개정년월일
RMESR02,비      고,,
RMESR02,일련번호,,개정년월일
RMESR03,비      고,,
RMESR03,일련번호,,개정년월일
RMESR04,비      고,,
RMESR04,일련번호,,개정년월일
RMESR05,비      고,,
RMESR05,일련번호,,개정년월일
RMESR06,비      고,,
RMESR06,일련번호,,개정년월일
FJPG002,1.0,,17.5.29
SSBC005,1.0,,2016.11.1
MLLS001,1.0,,2018.12.12
MLLS002,1.0,,2018.12.12
MLLS003,1.0,,2018.12.12
MLLS004,1.0,,2018.12.12
MLLS005,1.0,,2018.12.12
BDFS001,1.0,,2018.07.26
PDIR005,1.0,,2016.10.12
PDIR005,2.0,,2019.02.08
RPBC015,1.0,,2016.11.1
RPBC015,2.0,,2018.04.26
RPBC016,1.0,,2016.11.1
RPBC016,2.0,,2018.05.09
RPBC017,1.0,,2016.11.1
RPBC017,2.0,,2018.12.06
RMBL015,1.0,,2016.11.04
MLDM011,1.0,,2016.05.10
MLDM011,2.0,,2017.02.01
MLDM012,1.0,,2016.05.10
MLDM012,2.0,,2017.02.01
MLDM013,1.0,,2016.05.10
MLDM013,2.0,,2017.02.01
MLDM014,1.0,,2016.05.10
MLDM014,2.0,,2017.02.01
MLDM015,1.0,,2016.05.10
MLDM015,2.0,,2017.02.01
VTDM001,비      고,,
VTDM001,일련번호,,개정년월일
VTDM002,비      고,,
VTDM002,일련번호,,개정년월일
VTDM003,비      고,,
VTDM003,일련번호,,개정년월일
VTDM004,비      고,,
VTDM004,일련번호,,개정년월일
VTDM005,비      고,,
VTDM005,일련번호,,개정년월일
VTDM006,비      고,,
VTDM006,일련번호,,개정년월일
SSBC006,일련번호,개정년월일,
SSBC007,일련번호,개정년월일,
SSBC008,일련번호,개정년월일,
SSBC009,일련번호,개정년월일,
MLBC006,일련번호,개정년월일,
MLBC007,일련번호,개정년월일,
MLBC008,일련번호,개정년월일,
MLBC009,일련번호,개정년월일,
MLBC010,일련번호,개정년월일,
MLDM016,일련번호,개정년월일,
MLDM016,1.0,2016.05.10,
MLDM016,2.0,2017.02.13,
MLDM017,일련번호,개정년월일,
MLDM017,1.0,2016.05.10,
MLDM017,2.0,2017.02.13,
MLDM018,일련번호,개정년월일,
MLDM018,1.0,2016.05.10,
MLDM018,2.0,2017.02.13,
MLDM019,일련번호,개정년월일,
MLDM019,1.0,2016.05.10,
MLDM019,2.0,2017.02.13,
MLDM020,일련번호,개정년월일,
MLDM020,1.0,2016.05.10,
MLDM020,2.0,2017.02.13,
PDSP002,일련번호,개정년월일,
PDSP002,1.0,2016.10.20,
PDSP002,2.0,2017.06.22,
PDRS000,일련번호,개정년월일,
VMSP004,일련번호,개정년월일,
VMSP004,1.0,2015.11.18,
VMSP004,2.0,2016.12.27,
VMSP004,3.0,2019.02.11,
MLDF020,일련번호,개정년월일,
MLDF021,일련번호,개정년월일,
MLDF022,일련번호,개정년월일,
MLDF023,일련번호,개정년월일,
MLDF024,일련번호,개정년월일,
PDLB002,일련번호,개정년월일,
SMBL002,일련번호,개정년월일,
SSHC001,일련번호,개정년월일,
SSHC002,일련번호,개정년월일,
SSHC003,일련번호,개정년월일,
SSHC004,일련번호,개정년월일,
SSHC005,일련번호,개정년월일,
SSHC006,일련번호,개정년월일,
SSHC008,일련번호,개정년월일,
SSHC009,일련번호,개정년월일,
FJFC002,일련번호,개정년월일,
FJFC002,1.0,2024.02.23,
FJFCPN2,일련번호,개정년월일,
FJFCPN2,1.0,2024.02.23,
PDHS001,일련번호,개정년월일,
PDHS002,일련번호,개정년월일,
PDHS003,일련번호,개정년월일,
AOHE000,일련번호,개정년월일,
AOWS000,일련번호,개정년월일,
PDBL000,일련번호,개정년월일,
PDBL000,1.0,2016.11.08,
PDBLB00,일련번호,개정년월일,
PDBLB00,1.0,2016.11.08,
RPBC018,일련번호,개정년월일,
RPBC018,1.0,2019.02.01,
RMBL018,일련번호,개정년월일,
MLBC011,일련번호,개정년월일,
MLBL004,일련번호,개정년월일,
MLHC002,일련번호,개정년월일,
MLHC003,일련번호,개정년월일,
MLHC004,일련번호,개정년월일,
MLBC012,일련번호,개정년월일,
MLBC012,1.0,2016.11.1,
MLBL005,일련번호,개정년월일,
MLBS011,일련번호,개정년월일,
ECHC000,일련번호,개정년월일,
RPBC019,일련번호,개정년월일,
RPBC019,1.0,2019.08.05,
RMBL019,일련번호,개정년월일,
RMHC020,일련번호,개정년월일,
RMBP001,일련번호,개정년월일,
RPBC020,일련번호,개정년월일,
RPBC020,1.0,2019.08.05,
RMHC021,일련번호,개정년월일,
MLSC020,일련번호,개정년월일,
MLSC020,1.0,16.7.14,
MLSC020,2.0,16.11.30,
MLSC021,일련번호,개정년월일,
MLSC021,1.0,16.7.14,
MLSC021,2.0,16.11.30,
MLSC022,일련번호,개정년월일,
MLSC022,1.0,16.7.14,
MLSC022,2.0,16.11.30,
MLSC023,일련번호,개정년월일,
MLSC023,1.0,16.7.14,
MLSC023,2.0,16.11.30,
MLSC024,일련번호,개정년월일,
MLSC024,1.0,16.7.14,
MLSC024,2.0,16.11.30,
MLDF025,일련번호,개정년월일,
MLDF026,일련번호,개정년월일,
PDSP003,일련번호,개정년월일,
PDSP003,1.0,2019.01.23,
PDSP003,2.0,2022.09.02,
PDRS001,일련번호,개정년월일,
PDRS001,1.0,2016.11.1,
PDRS001,2.0,2019.01.23,
RMHW001,일련번호,개정년월일,
RMHW002,일련번호,개정년월일,
RMHW003,일련번호,개정년월일,
RMHW003,1.0,2018.12.12,
FJSC001,일련번호,개정년월일,
RMTT001,비      고,,
RMTT001,일련번호,개정년월일,
RMTT002,비      고,,
RMTT002,일련번호,개정년월일,
RMTT003,비      고,,
RMTT003,일련번호,개정년월일,
RMTT004,비      고,,
RMTT004,일련번호,개정년월일,
RMTT005,비      고,,
RMTT005,일련번호,개정년월일,
RSSC001,일련번호,개정년월일,
RPBCM21,일련번호,개정년월일,
RPBCM21,1.0,2016.11.1,
RPBCM21,2.0,2016.08.16,
RPBCM21,3.0,2018.11.12,
RPBCM22,일련번호,개정년월일,
RPBCM22,1.0,2016.11.1,
RPBCM23,일련번호,개정년월일,
RPBCM23,1.0,2016.11.1,
RPBCM23,2.0,2016.8.16,
RPBCM23,3.0,2018.12.06,
RPBCM24,일련번호,개정년월일,
RPBCM24,1.0,2016.11.1,
MLAL028,비      고,,
MLAL028,일련번호,개정년월일,
MLAL046,비      고,,
MLAL046,일련번호,개정년월일,
MLAL047,비      고,,
MLAL047,일련번호,개정년월일,
MLAL050,비      고,,
MLAL050,일련번호,개정년월일,
MLAL052,비      고,,
MLAL052,일련번호,개정년월일,
MLAL054,비      고,,
MLAL054,일련번호,개정년월일,
MLAL075,비      고,,
MLAL075,일련번호,개정년월일,
MLAL097,비      고,,
MLAL097,일련번호,개정년월일,
MLAL112,비      고,,
MLAL112,일련번호,개정년월일,
MLAL123,비      고,,
MLAL123,일련번호,개정년월일,
PDSP004,일련번호,개정년월일,
PDSP004,1.0,2016.10.20,
PDSP004,2.0,2017.06.22,
PDRS002,일련번호,개정년월일,
WMCR001,일련번호,개정년월일,
WMCR001,1.0,16.06.23,
WMCR001,2.0,16.07.28,
WMCR001,3.0,17.04.03,
WMCRM01,일련번호,개정년월일,
WMCRM01,1.0,16.06.23,
WMCRM01,2.0,16.07.28,
WMCRM01,3.0,17.04.03,
PDBC001,일련번호,개정년월일,
PDBC001,1.0,17.07.05,
PDBC001,2.0,23.04.25,
RMBLM21,일련번호,개정년월일,
RMBLM21,1.0,2016.09.01,
RMBLM21,2.0,2016.10.13,
RMBLM22,일련번호,개정년월일,
RMBLM23,일련번호,개정년월일,
RMBLM23,1.0,2016.09.01,
RMBLM23,2.0,2016.10.13,
RMBLM24,일련번호,개정년월일,
SSBL001,일련번호,개정년월일,
SSBL002,일련번호,개정년월일,
SSBL003,일련번호,개정년월일,
SSBL004,일련번호,개정년월일,
SSBL005,일련번호,개정년월일,
SSBL006,일련번호,개정년월일,
SSBL007,일련번호,개정년월일,
SSBL008,일련번호,개정년월일,
SSBL009,일련번호,개정년월일,
RMMT006,비      고,,
RMMT006,일련번호,개정년월일,
RMMT007,비      고,,
RMMT007,일련번호,개정년월일,
RMMT008,비      고,,
RMMT008,일련번호,개정년월일,
RMMT009,비      고,,
RMMT009,일련번호,개정년월일,
RMMT010,비      고,,
RMMT010,일련번호,개정년월일,
ANHP001,일련번호,개정년월일,
FJSL001,일련번호,개정년월일,
FJSL001,1.0,2018.12.13,
PDSG004,일련번호,개정년월일,
RRBC001,일련번호,개정년월일,
RRBC002,일련번호,개정년월일,
RRBC003,일련번호,개정년월일,
MLAL015,비      고,,
MLAL015,일련번호,개정년월일,
MLAL018,비      고,,
MLAL018,일련번호,개정년월일,
MLAL025,비      고,,
MLAL025,일련번호,개정년월일,
MLAL026,비      고,,
MLAL026,일련번호,개정년월일,
SNIR001,일련번호,개정년월일,
SSBC010,일련번호,개정년월일,
SSBC011,일련번호,개정년월일,
MLRO001,일련번호,개정년월일,
ANSP001,일련번호,개정년월일,
SSSR001,일련번호,개정년월일,
SSSR002,일련번호,개정년월일,
SSSR003,일련번호,개정년월일,
SSCD001,일련번호,개정년월일,
SSCD002,일련번호,개정년월일,
SSCD003,일련번호,개정년월일,
MLAL130,비      고,,
MLAL130,일련번호,개정년월일,
MLAL132,비      고,,
MLAL132,일련번호,개정년월일,
MLAL133,비      고,,
MLAL133,일련번호,개정년월일,
MLAL135,비      고,,
MLAL135,일련번호,개정년월일,
PDHW000,일련번호,개정년월일,
PDHM000,일련번호,개정년월일,
BPBC002,일련번호,개정년월일,
BPHC001,일련번호,개정년월일,
BPHC002,일련번호,개정년월일,
BPMT001,일련번호,개정년월일,
BPBL002,일련번호,개정년월일,
RMHC022,일련번호,개정년월일,
RMHC023,일련번호,개정년월일,
RMHC024,일련번호,개정년월일,
PDHS004,일련번호,개정년월일,
PDHS005,일련번호,개정년월일,
PDFO001,일련번호,개정년월일,
PDFO002,일련번호,개정년월일,
PDFO003,일련번호,개정년월일,
SSBB001,일련번호,개정년월일,
SSBB002,일련번호,개정년월일,
SSBB003,일련번호,개정년월일,
SNCT000,일련번호,개정년월일,
WMTP000,일련번호,개정년월일,
RRHC001,일련번호,개정년월일,
RRHC002,일련번호,개정년월일,
RRHC003,일련번호,개정년월일,
PDSP005,일련번호,개정년월일,
PDSP005,1.0,2019.04.15,
PDSP005,2.0,2022.09.02,
PDRS003,일련번호,개정년월일,
PDRS003,1.0,2019.04.15,
PDHC001,일련번호,개정년월일,
PDIR006,일련번호,개정년월일,
PDIR006,1.0,23.02.09,
PDIR007,일련번호,개정년월일,
PDIR007,1.0,2019.02.08,
PDIR008,일련번호,개정년월일,
PDIR009,일련번호,개정년월일,
PDIR009,1.0,2019.02.08,
WMMK001,일련번호,개정년월일,
PDHM001,일련번호,개정년월일,
PDHM002,일련번호,개정년월일,
PDHM003,일련번호,개정년월일,
WMFD001,일련번호,개정년월일,
WMFD002,일련번호,개정년월일,
MLDF027,일련번호,개정년월일,
OESP001,일련번호,개정년월일,
OERS001,일련번호,개정년월일,
MLAL085,비      고,,
MLAL085,일련번호,개정년월일,
MLAL136,비      고,,
MLAL136,일련번호,개정년월일,
MLAL140,비      고,,
MLAL140,일련번호,개정년월일,
MLAL141,비      고,,
MLAL141,일련번호,개정년월일,
WMMT001,일련번호,개정년월일,
WMMT001,1.0,2017.02.01,
WMMT001,2.0,2018.07.05,
BPMT002,일련번호,개정년월일,
BPMT003,일련번호,개정년월일,
BPMT004,일련번호,개정년월일,
BPMT005,일련번호,개정년월일,
BPMT006,일련번호,개정년월일,
WMMO000,일련번호,개정년월일,
WMMO000,1.0,17.04.03,
WMFO001,일련번호,개정년월일,
MLDM021,일련번호,개정년월일,
MLDMA01,일련번호,개정년월일,
MLDMA05,일련번호,개정년월일,
MLDMA08,일련번호,개정년월일,
PDSL001,일련번호,개정년월일,
MLDM022,일련번호,개정년월일,
WMMC001,일련번호,개정년월일,
WMIT001,일련번호,개정년월일,
WMIT001,1.0,17.05.15,
WMIT002,일련번호,개정년월일,
WMIT002,1.0,17.05.15,
WMCR002,일련번호,개정년월일,
MLSC030,일련번호,개정년월일,
MLSC031,일련번호,개정년월일,
MLST009,일련번호,개정년월일,
MLST010,일련번호,개정년월일,
MLST011,일련번호,개정년월일,
PDSP006,일련번호,개정년월일,
PDRS004,일련번호,개정년월일,
PDSP007,일련번호,개정년월일,
FJCW001,일련번호,개정년월일,
RLBM001,비      고,,
RLBM001,일련번호,개정년월일,
RLBM002,비      고,,
RLBM002,일련번호,개정년월일,
RLBM003,비      고,,
RLBM003,일련번호,개정년월일,
RLBM004,비      고,,
RLBM004,일련번호,개정년월일,
RLBM005,비      고,,
RLBM005,일련번호,개정년월일,
RLBM006,비      고,,
RLBM006,일련번호,개정년월일,
RLBM007,비      고,,
RLBM007,일련번호,개정년월일,
RLBM008,비      고,,
RLBM008,일련번호,개정년월일,
RLBM009,비      고,,
RLBM009,일련번호,개정년월일,
RLBM010,비      고,,
RLBM010,일련번호,개정년월일,
PDFC001,일련번호,개정년월일,
PDFC002,일련번호,개정년월일,
WMPK001,일련번호,개정년월일,
AJSP002,일련번호,개정년월일,
AJSP002,1.0,22.04.01,
AJSP002,2.0,25.04.29,
AJBC002,일련번호,개정년월일,
AJBC002,1.0,22.04.01,
AJBC002,2.0,25.04.29,
BDFC001,일련번호,개정년월일,
RMPG010,비      고,,
RMPG010,일련번호,개정년월일,
RMPG011,비      고,,
RMPG011,일련번호,개정년월일,
RMPG012,비      고,,
RMPG012,일련번호,개정년월일,
RRBC004,일련번호,개정년월일,
RRBC005,일련번호,개정년월일,
RRBC006,일련번호,개정년월일,
RRBC007,일련번호,개정년월일,
AOHE001,일련번호,개정년월일,
BPBB001,일련번호,개정년월일,
BPBB002,일련번호,개정년월일,
BPBB003,일련번호,개정년월일,
BPBB004,일련번호,개정년월일,
BPBB005,일련번호,개정년월일,
BPHC003,일련번호,개정년월일,
BPHC004,일련번호,개정년월일,
BPHC005,일련번호,개정년월일,
BPHC006,일련번호,개정년월일,
BPHC007,일련번호,개정년월일,
MLBC013,일련번호,개정년월일,
MLBL006,일련번호,개정년월일,
RMHC025,일련번호,개정년월일,
MLHC005,일련번호,개정년월일,
BDFM001,일련번호,개정년월일,
WMMK002,일련번호,개정년월일,
WMMK003,일련번호,개정년월일,
WMHM001,일련번호,개정년월일,
WMHM002,일련번호,개정년월일,
BPDF001,일련번호,개정년월일,
BPDF002,일련번호,개정년월일,
BPDF003,일련번호,개정년월일,
PDSP008,일련번호,개정년월일,
PDRS005,일련번호,개정년월일,
MLBC014,일련번호,개정년월일,
MLBC015,일련번호,개정년월일,
PDSP009,일련번호,개정년월일,
PDRS006,일련번호,개정년월일,
PDRS006,1.0,2023.04.25,
CCCR001,일련번호,개정년월일,
CCCRM01,일련번호,개정년월일,
VMRS004,일련번호,개정년월일,
VMRS004,1.0,2019.02.11,
MLLS006,일련번호,개정년월일,
MLLS006,1.0,2018.12.12,
MLCR006,일련번호,개정년월일,
MLCR007,일련번호,개정년월일,
WMTN001,일련번호,개정년월일,
WMTN001,1.0,2019.03.08,
CCSP001,일련번호,개정년월일,
CCRS001,일련번호,개정년월일,
CCRS001,1.0,2017.12.15,
CCRW001,일련번호,개정년월일,
CCRW001,1.0,2017.12.19,
CCRW002,일련번호,개정년월일,
CCRW002,1.0,2018.3.2,
CCRW003,일련번호,개정년월일,
CCRW003,1.0,2018.3.2,
WMEM001,일련번호,개정년월일,
WMEM002,일련번호,개정년월일,
WMLT001,일련번호,개정년월일,
WMLT002,일련번호,개정년월일,
WMLT003,일련번호,개정년월일,
WMLT004,일련번호,개정년월일,
WMLT005,일련번호,개정년월일,
WMLT006,일련번호,개정년월일,
WMCR003,일련번호,개정년월일,
CHHC001,일련번호,개정년월일,
CHHC002,일련번호,개정년월일,
CHHC003,일련번호,개정년월일,
PFSPR00,일련번호,개정년월일,
PFSPR00,1.0,2019.01.23,
PDSG005,일련번호,개정년월일,
FJCR001,일련번호,개정년월일,
PDCO001,일련번호,개정년월일,
MLHS005,일련번호,개정년월일,
MLHS006,일련번호,개정년월일,
BTPF001,비      고,,
BTPF001,일련번호,개정년월일,
BTPF002,비      고,,
BTPF002,일련번호,개정년월일,
BTPF003,비      고,,
BTPF003,일련번호,개정년월일,
BTPF004,비      고,,
BTPF004,일련번호,개정년월일,
BTPF005,비      고,,
BTPF005,일련번호,개정년월일,
WMSC001,일련번호,개정년월일,
WMSC002,일련번호,개정년월일,
WMCR004,일련번호,개정년월일,
AOBC001,일련번호,개정년월일,
AOBC002,일련번호,개정년월일,
AOBC003,일련번호,개정년월일,
AOBL001,일련번호,개정년월일,
AOBL002,일련번호,개정년월일,
AOBL003,일련번호,개정년월일,
WMTN002,일련번호,개정년월일,
WMBL001,일련번호,개정년월일,
MLDM023,일련번호,개정년월일,
MLDM024,일련번호,개정년월일,
MLDM025,일련번호,개정년월일,
VMSP006,일련번호,개정년월일,
VMSPP06,일련번호,개정년월일,
VMSP005,일련번호,개정년월일,
VMSP005,1.0,2018.09.10,
VMSP005,2.0,2019.02.11,
VMSP005,3.0,2024.11.15,
VMRS005,일련번호,개정년월일,
VMRS005,1.0,2019.02.11,
VMRS005,2.0,2024.11.15,
WMLT007,일련번호,개정년월일,
WMLT008,일련번호,개정년월일,
WMLT009,일련번호,개정년월일,
WMLT010,일련번호,개정년월일,
WMLT101,일련번호,개정년월일,
WMLT102,일련번호,개정년월일,
WMLT103,일련번호,개정년월일,
WMLT104,일련번호,개정년월일,
WMLT105,일련번호,개정년월일,
WMLG001,일련번호,개정년월일,
WMLG002,일련번호,개정년월일,
WMLG003,일련번호,개정년월일,
BTBS001,일련번호,개정년월일,
BTBS002,일련번호,개정년월일,
BTBS003,일련번호,개정년월일,
BTBS004,일련번호,개정년월일,
BTBS005,일련번호,개정년월일,
BTMS001,일련번호,개정년월일,
BTBC001,일련번호,개정년월일,
BTBL001,일련번호,개정년월일,
BTHC001,일련번호,개정년월일,
BTHS001,일련번호,개정년월일,
WMAP001,일련번호,개정년월일,
WMAP002,일련번호,개정년월일,
WMAP003,일련번호,개정년월일,
CCRW004,일련번호,개정년월일,
CCRWB04,일련번호,개정년월일,
PDRS007,일련번호,개정년월일,
PDSP010,일련번호,개정년월일,
VMRS007,일련번호,개정년월일,
VMRS007,1.0,2019.02.11,
VMRS007,2.0,2024.11.15,
VMSP007,일련번호,개정년월일,
VMSP007,1.0,2019.02.11,
VMSP007,2.0,2024.11.15,
KBCR001,일련번호,개정년월일,
KBCR002,일련번호,개정년월일,
KBCR003,일련번호,개정년월일,
KBCR004,일련번호,개정년월일,
KBCR005,일련번호,개정년월일,
SRHC001,일련번호,개정년월일,
SRHC002,일련번호,개정년월일,
SRHC003,일련번호,개정년월일,
VMHS001,일련번호,개정년월일,
VMHS002,일련번호,개정년월일,
VMHS003,일련번호,개정년월일,
VMHS004,일련번호,개정년월일,
VMHS005,일련번호,개정년월일,
KBHC001,일련번호,개정년월일,
KBHC002,일련번호,개정년월일,
KBHC003,일련번호,개정년월일,
KBHC004,일련번호,개정년월일,
KBHC005,일련번호,개정년월일,
FJEX001,일련번호,개정년월일,
BTBC002,일련번호,개정년월일,
BTBL002,일련번호,개정년월일,
FJBF001,일련번호,개정년월일,
FJBF001,1.0,2022.09.02,
FJSM001,일련번호,개정년월일,
PTBL001,일련번호,개정년월일,
PTBL001,1.0,2019.02.13,
VMSP008,일련번호,개정년월일,
VMRS008,일련번호,개정년월일,
VMSP009,일련번호,개정년월일,
VMRS009,일련번호,개정년월일,
MLDM026,일련번호,개정년월일,
MLDM026,1.0,2019.08.05,
MLDM027,일련번호,개정년월일,
MLDM027,1.0,2019.08.05,
MLDM028,일련번호,개정년월일,
MLDM028,1.0,2019.08.05,
VMPF008,일련번호,개정년월일,
VMPF009,일련번호,개정년월일,
BTCR001,일련번호,개정년월일,
BTCR002,일련번호,개정년월일,
MLPG001,일련번호,개정년월일,
MLPG002,일련번호,개정년월일,
MLPG003,일련번호,개정년월일,
MLPG004,일련번호,개정년월일,
MLPG005,일련번호,개정년월일,
MLHW001,일련번호,개정년월일,
MLHW001,1.0,2022.11.01,
MLHW002,일련번호,개정년월일,
MLHW002,1.0,2022.11.01,
MLHW003,일련번호,개정년월일,
MLHW003,1.0,2022.11.01,
WMSG001,일련번호,개정년월일,
ILMT001,일련번호,개정년월일,
ILMT001,1.0,2020.09.14,
ILMT002,일련번호,개정년월일,
ILMT002,1.0,2020.09.14,
ILWS001,일련번호,개정년월일,
ILWS001,1.0,2020.09.14,
ILWS002,일련번호,개정년월일,
ILWS002,1.0,2020.09.14,
PTMT001,일련번호,개정년월일,
PTAP001,일련번호,개정년월일,
FJCR002,일련번호,개정년월일,
FJCR002,1.0,2022.01.25,
FJCR002,2.0,2022.12.26,
FJCR002,3.0,2023.12.11,
AOHA001,일련번호,개정년월일,
JOLS001,일련번호,개정년월일,
