관리번호,파일명,제품명칭,영문명칭,내용물관련사항,생산시주의사항,제품코드,제품명,표시용량,충진용량,색상,비고
EVCO-1000,제품표준서_EVCO1000_(FJSL002)-프레쥬 프로 모이스처 크리미 토너.xls,,,유백색 액상,,FJSL002,프레쥬 프로 모이스처 크리미 토너,500 mL,505g 이상,유백색,비중=1.01
EVCO-1001,제품표준서_EVCO1001_(FJCR003)-프레쥬 프로 모이스처 인텐시브 크림.xls,,,유백색 크림상,,FJCRM03,프레쥬 프로 모이스처 인텐시브 크림,10 mL,10 g,백색,비중=0.956
EVCO-1001,제품표준서_EVCO1001_(FJCR003)-프레쥬 프로 모이스처 인텐시브 크림.xls,,,유백색 크림상,,FJCR003,프레쥬 프로 모이스처 인텐시브 크림,10 mL,10 g,백색,비중=0.956
EVCO-1002,제품표준서_EVCO1002_(FJPK001)-프레쥬 오리지날 허브 자연약쑥 산소 마스크팩.xls,,,유백색 점액상,,FJPK001,프레쥬 오리지날 허브 자연약쑥 산소 마스크팩,300 mL,312g,유백색,비중=1.038
EVCO-1003,제품표준서_EVCO1003_(MLDM029~031)-미미로린스 드레스 퍼퓸 모먼트 레스트.xls,,,색 상 : 성 상 :,,MLDM029,미미로린스 드레스 퍼퓸 모먼트 레스트-로즈부쉬,500mL,492g,무색,비중=0.984
EVCO-1003,제품표준서_EVCO1003_(MLDM029~031)-미미로린스 드레스 퍼퓸 모먼트 레스트.xls,,,색 상 : 성 상 :,,MLDM030,미미로린스 드레스 퍼퓸 모먼트 레스트-로즈부쉬,500mL,492g,무색,비중=0.984
EVCO-1003,제품표준서_EVCO1003_(MLDM029~031)-미미로린스 드레스 퍼퓸 모먼트 레스트.xls,,,색 상 : 성 상 :,,MLDM031,미미로린스 드레스 퍼퓸 모먼트 레스트-로즈부쉬,500mL,492g,무색,비중=0.984
EVCO-1004,제품표준서_EVCO1004_(JOFC001)-제이온 버드 네스트 클렌징 폼.xls,,,백색의 크림상,,JOFC001,제이온 버드 네스트 클렌징 폼,100 ml / 30 ml,95g,,
EVCO-1004,제품표준서_EVCO1004_(JOFC001)-제이온 버드 네스트 클렌징 폼.xls,,,백색의 크림상,,JOFCM01,제이온 버드 네스트 클렌징 폼,100 ml / 30 ml,95g,,
EVCO-1005,제품표준서_EVCO1005_(JOCO001)-제이온 버드 네스트 클렌징 오일.xls,,,미황색의 오일상,,JOCO001,제이온 버드 네스트 클렌징 오일,150 ml / 55ml,139g,,
EVCO-1005,제품표준서_EVCO1005_(JOCO001)-제이온 버드 네스트 클렌징 오일.xls,,,미황색의 오일상,,JOCOM01,제이온 버드 네스트 클렌징 오일,150 ml / 55ml,139g,,
EVCO-1005,제품표준서_EVCO1005_(JOCO001)-제이온 버드 네스트 클렌징 오일.xls,,,미황색의 오일상,,JOCM2T1,제이온 버드 네스트 클렌징 오일,150 ml / 55ml,139g,,
EVCO-1006,제품표준서_EVCO1006_(NPBC005)-에바스 나뚜리아 크리미 밀크 바디워시 - 밀크 미.xls,,,백색 불투명 점액상,,NPBC005,에바스 나뚜리아 크리미 밀크 바디워시 - 밀크 미,750 mL,764g,백색,비중=1.018
EVCO-1007,제품표준서_EVCO1007_(NPBC006)-에바스 나뚜리아 크리미 밀크 바디워시 - 쏘 바닐라.xls,,,미색 불투명 점액상,,NPBC006,에바스 나뚜리아 크리미 밀크 바디워시 - 쏘 바닐라,750 mL,764g,미색,비중=1.018
EVCO-1008,제품표준서_EVCO1008_(NPBC007)-에바스 나뚜리아 크리미 밀크 바디워시 - 초코 라떼.xls,,,갈색 불투명 점액상,,NPBC007,에바스 나뚜리아 크리미 밀크 바디워시 - 초코 라떼,750 mL,764g,갈색,비중=1.018
EVCO-1009,제품표준서_EVCO1009_(NPBC008)-에바스 나뚜리아 크리미 밀크 바디워시 - 그린 티.xls,,,녹색 불투명 점액상,,NPBC008,에바스 나뚜리아 크리미 밀크 바디워시 - 그린 티,750 mL,764g,녹색,비중=1.018
EVCO-1010,제품표준서_EVCO1010_(ILWSP02)-이즈리프 인티메이트 워시 포 맨 프레쉬(파우치).xls,,,미황색의 투명 점액상,,ILWSP02,이즈리프 인티메이트 워시 포 맨 프레쉬(파우치),5 mL,5g,미황색,비중=1.024
EVCO-1011,제품표준서_EVCO1011_(FJPW000)-프레쥬 프로 모이스처 엔자임 파우더 워시.xls,,,백색의 파우더상,,FJPW000,프레쥬 프로 모이스처 엔자임 파우더 워시,1g,,,
EVCO-1011,제품표준서_EVCO1011_(FJPW000)-프레쥬 프로 모이스처 엔자임 파우더 워시.xls,,,백색의 파우더상,,FJPWK00,프레쥬 프로 모이스처 엔자임 파우더 워시,1g,,,
EVCO-1012,제품표준서_EVCO1012_(NPSS001)-에바스 나뚜리아 크리미 오일 솔트 스크럽-밀크 미.xls,,,알갱이가 있는 옅은 갈색 페이스트상,,NPSS001,에바스 나뚜리아 크리미 오일 솔트 스크럽-밀크 미,250 g,,,
EVCO-1013,제품표준서_EVCO1013_(NPSS002)-에바스 나뚜리아 크리미 오일 솔트 스크럽-쏘 바닐라.xls,,,알갱이가 있는 황색 페이스트상,,NPSS002,에바스 나뚜리아 크리미 오일 솔트 스크럽-쏘 바닐라,250 g,,,
EVCO-1014,제품표준서_EVCO1014_(NPSS003)-에바스 나뚜리아 크리미 오일 솔트 스크럽-초코 라떼.xls,,,알갱이가 있는 갈색 페이스트상,,NPSS003,에바스 나뚜리아 크리미 오일 솔트 스크럽-초코 라떼,250 g,,,
EVCO-1015,제품표준서_EVCO1015_(NPSS004)-에바스 나뚜리아 크리미 오일 솔트 스크럽-그린 티.xls,,,알갱이가 있는 녹색 페이스트상,,NPSS004,에바스 나뚜리아 크리미 오일 솔트 스크럽-그린 티,250 g,,,
EVCO-1016,제품표준서_EVCO1016_(JOSC001)-제이온 젠틀 포어 스크럽.xls,,,작은 알갱이가 있는 백색 점액상,,JOSC001,제이온 젠틀 포어 스크럽,50g,50g,백색,비중=1.199
EVCO-1016,제품표준서_EVCO1016_(JOSC001)-제이온 젠틀 포어 스크럽.xls,,,작은 알갱이가 있는 백색 점액상,,JOSCP01,제이온 젠틀 포어 스크럽,50g,50g,백색,비중=1.199
EVCO-1017,제품표준서_EVCO1017_(JOFC002)-제이온 콜라겐 젠틀 폼 클렌징.xls,,,백색 크림상,,JOFC002,제이온 콜라겐 젠틀 폼 클렌징,100 mL,,,
EVCO-1018,제품표준서_EVCO1018_(JOFC003)-제이온 스네일 젠틀 폼 클렌징.xls,,,백색 크림상,,JOFC003,제이온 스네일 젠틀 폼 클렌징,100 mL,,,
EVCO-1019,제품표준서_EVCO1019_(JOHC002)-제이온 콜라겐 데일리 핸드크림.xls,,,백색 크림상,,JOHC002,제이온 콜라겐 데일리 핸드크림,100 mL,,,
EVCO-1020,제품표준서_EVCO1020_(JOHC003)-제이온 스네일 데일리 핸드크림.xls,,,백색 크림상,,JOHC003,제이온 스네일 데일리 핸드크림,100 mL,,,
EVCO-1021,제품표준서_EVCO1021_(JOFT003)-제이온 스네일 데일리 풋크림.xls,,,백색 크림상,,JOFT003,제이온 스네일 데일리 풋크림,100 mL,,,
EVCO-1022,제품표준서_EVCO1022_(PDML001)-페디슨 뉴트리티브 인퓨전 모이스처 로션.xls,,,백색 크림상,,PDML001,페디슨 뉴트리티브 인퓨전 모이스처 로션,500 mL,,,
EVCO-1023,제품표준서_EVCO1023_(BTBC003)-바스파 아로마 라운지 로얄허니 바디 워시.xls,,,무색 투명 점액상,,BTBC003,바스파 아로마 라운지 로얄허니 바디 워시,300 mL,,,
EVCO-1024,제품표준서_EVCO1024_(BTBL003)-바스파 아로마 라운지 로얄허니 바디 에멀젼.xls,,,백색 로션상,,BTBL003,바스파 아로마 라운지 로얄허니 바디 에멀젼,300 mL,,,
EVCO-1025,"제품표준서_EVCO1025_(MLHC006)-미미로린스 모먼트 플랜트 핸드크림-헤이, 그린.xls",,,녹색의 크림상,,MLHC006,"미미로린스 모먼트 플랜트 핸드크림-헤이, 그린",500 mL,496g,녹색,비중=0.992
EVCO-1026,제품표준서_EVCO1026_(MLHC007)-미미로린스 모먼트 플랜트 핸드크림-베리 비트.xls,,,분홍색의 크림상,,MLHC007,미미로린스 모먼트 플랜트 핸드크림-베리 비트,500 mL,496g,분홍색,비중=0.992
EVCO-1027,제품표준서_EVCO1027_(MLHC008)-미미로린스 모먼트 플랜트 핸드크림-해피 텐져린.xls,,,황색의 크림상,,MLHC008,미미로린스 모먼트 플랜트 핸드크림-해피 텐져린,500 mL,496g,황색,비중=0.992
EVCO-1028,제품표준서_EVCO1028_(PTPW001)-판테스틱 더마 시카 파우더.xls,,,백색의 가루,,PTPW001,판테스틱 더마 시카 파우더,7 g,,,
EVCO-1029,제품표준서_EVCO1029_(PTPW002)-판테스틱 더마 비타 파우더.xls,,,백색의 가루,,PTPW002,판테스틱 더마 비타 파우더,7 g,,,
EVCO-1030,제품표준서_EVCO1030_(MLHC014)-미미로린스 모먼트 핸드크림-뮤즈.xls,,,백색의 크림상,,MLHC014,미미로린스 모먼트 핸드크림-뮤즈,60 mL,,,
EVCO-1031,제품표준서_EVCO1031_(MLHC015)-미미로린스 모먼트 핸드크림-멜리플루어스.xls,,,백색의 크림상,,MLHC015,미미로린스 모먼트 핸드크림-멜리플루어스,60 mL,,,
EVCO-1032,제품표준서_EVCO1032_(MLHC016)-미미로린스 모먼트 핸드크림-스칼렛.xls,,,백색의 크림상,,MLHC016,미미로린스 모먼트 핸드크림-스칼렛,60 mL,,,
EVCO-1033,제품표준서_EVCO1033_(MLHC017)-미미로린스 모먼트 핸드크림-가드니아.xls,,,백색의 크림상,,MLHC017,미미로린스 모먼트 핸드크림-가드니아,60 mL,,,
EVCO-1034,제품표준서_EVCO1034_(PTFC001)-판테스틱 더마 시카 아크네 클렌징 폼.xls,,,백색의 크림상,,PTFC001,판테스틱 더마 시카 아크네 클렌징 폼,140 mL,,,
EVCO-1035,제품표준서_EVCO1035_(VMSS001)-밸르모나 얼쓰 테라피 스칼프 스켈러.xls,,,녹색의 점액상,,VMSS001,밸르모나 얼쓰 테라피 스칼프 스켈러,15ml,,,
EVCO-1036,제품표준서_EVCO1036_(VMBA001 )-밸르모나 얼쓰 리페어 본딩 앰플.xls,,,백색의 로션상,,VMBA001,밸르모나 얼쓰 리페어 본딩 앰플,15 mL,,,
EVCO-1037,제품표준서_EVCO1037_(VMSF001)-밸르모나 얼쓰 테라피 스칼프 퓨리파이어.xls,,,황색의 투명 점액상,,VMSF001,밸르모나 얼쓰 테라피 스칼프 퓨리파이어,25 mL,,,
EVCO-1038,제품표준서_EVCO1038_(BDFD001)-보르도 민트 쿨링 풋 데오드란트.xls,,,유백색 액상,,BDFD001,보르도 민트 쿨링 풋 데오드란트,80 ml,,,
EVCO-1039,제품표준서_EVCO1039_(PTEF001)-판테스틱 원더필 하이드라 뮤신 이펙터.xls,,,무색 투명 점액상,,PTEF001,판테스틱 원더필 하이드라 뮤신 이펙터,35 mL,,,
EVCO-1040,제품표준서_EVCO1040_(PTEF002)-판테스틱 원더필 써마필 이펙터.xls,,,붉은색 투명 점액상,,PTEF002,판테스틱 원더필 써마필 이펙터,35 mL,,,
EVCO-1041,제품표준서_EVCO1041_(PTEF003)-판테스틱 원더필 클리어링 이펙터.xls,,,미색 투명 액상,,PTEF003,판테스틱 원더필 클리어링 이펙터,35 mL,,,
EVCO-1042,제품표준서_EVCO1042_(BTDM001)-바스파 아로마 라운지 무드 퍼퓸 드레스 미스트.xls,,,색 상 : 성 상 :,,BTMD001,,,,,
EVCO-1042,제품표준서_EVCO1042_(BTDM001)-바스파 아로마 라운지 무드 퍼퓸 드레스 미스트.xls,,,색 상 : 성 상 :,,BTDM001,,,,,
EVCO-1043,제품표준서_EVCO1043_(ILWS003)-이즈리프 퓨어 페미닌 버블 클렌져-그린티.xls,,,무색 투명 액상,,ILWS003,이즈리프 퓨어 페미닌 버블 클렌져-그린티,250 mL,,,
EVCO-1044,제품표준서_EVCO1044_(ILWS004)-이즈리프 퓨어 페미닌 버블 클렌져-비쥬.xls,,,무색 투명 액상,,ILWS004,이즈리프 퓨어 페미닌 버블 클렌져-비쥬,250 mL,,,
EVCO-1045,제품표준서_EVCO1045_(ILMT003)-이즈리프 퓨어 이너 퍼퓸 미스트-그린티.xls,,,무색 투명 액상,,ILMT003,이즈리프 퓨어 이너 퍼퓸 미스트-그린티,50 mL,,,
EVCO-1046,제품표준서_EVCO1046_(ILMT004)-이즈리프 퓨어 이너 퍼퓸 미스트-비쥬.xls,,,무색 투명 액상,,ILMT004,이즈리프 퓨어 이너 퍼퓸 미스트-비쥬,50 mL,,,
EVCO-1047,제품표준서_EVCO1047_(VMOL001)-밸르모나 얼쓰 리페어 본딩 오일.xls,,,옅은 분홍색의 오일상,,VMOL001,밸르모나 얼쓰 리페어 본딩 오일,30 mL,,,
EVCO-1048,제품표준서_EVCO1048_(VMCP001)-밸르모나 얼쓰 리페어 본딩 컴파운드.xls,,,옅은 분홍색의 액상,,VMCP001,밸르모나 얼쓰 리페어 본딩 컴파운드,40 mL,,,
EVCO-1049,제품표준서_EVCO1049_(PTBC002)-판테스틱 더마 시카 아크네 클렌저.xls,,,미황색 투명 액상,,PTBC002,판테스틱 더마 시카 아크네 클렌저,500 mL,,,
EVCO-1050,제품표준서_EVCO1050_(MLPF001~005)-미미로린스 모먼트 오디너리 퍼퓸.xls,,,무색~미색의 투명 액상,,MLPF001,미미로린스 모먼트 오디너리 퍼퓸,20 mL,,,
EVCO-1050,제품표준서_EVCO1050_(MLPF001~005)-미미로린스 모먼트 오디너리 퍼퓸.xls,,,무색~미색의 투명 액상,,MLPF002,미미로린스 모먼트 오디너리 퍼퓸,20 mL,,,
EVCO-1050,제품표준서_EVCO1050_(MLPF001~005)-미미로린스 모먼트 오디너리 퍼퓸.xls,,,무색~미색의 투명 액상,,MLPF003,미미로린스 모먼트 오디너리 퍼퓸,20 mL,,,
EVCO-1050,제품표준서_EVCO1050_(MLPF001~005)-미미로린스 모먼트 오디너리 퍼퓸.xls,,,무색~미색의 투명 액상,,MLPF004,미미로린스 모먼트 오디너리 퍼퓸,20 mL,,,
EVCO-1050,제품표준서_EVCO1050_(MLPF001~005)-미미로린스 모먼트 오디너리 퍼퓸.xls,,,무색~미색의 투명 액상,,MLPF005,미미로린스 모먼트 오디너리 퍼퓸,20 mL,,,
EVCO-1051,제품표준서_EVCO1051_(BDFS002)-보르도 드래곤 풋 필링 스프레이.xls,,,유백색 액상,,BDFS002,보르도 드래곤 풋 필링 스프레이,150 mL,,,
EVCO-1052,제품표준서_EVCO1052_(RRBM010~011)-로에랑스 터치 마이바디 퍼퓸 미스트.xls,,,무색 투명 액상,,RRBM010,로에랑스 터치 마이바디 퍼퓸 미스트,250 mL,,,
EVCO-1052,제품표준서_EVCO1052_(RRBM010~011)-로에랑스 터치 마이바디 퍼퓸 미스트.xls,,,무색 투명 액상,,RRBM011,로에랑스 터치 마이바디 퍼퓸 미스트,250 mL,,,
EVCO-1053,제품표준서_EVCO1053_(NPSS005)-에바스 나뚜리아 크리미 오일 솔트 스크럽-휘그 펄프.xls,,,알갱이가 있는 황색 페이스트상,,NPSS005,에바스 나뚜리아 크리미 오일 솔트 스크럽-휘그 펄프,250g,,,
EVCO-1054,제품표준서_EVCO1054_(ILWSP01)-이즈리프 인티메이트 워시 포 맨(파우치).xls,,,미황색의 투명 점액상,,ILWSP01,이즈리프 인티메이트 워시 포 맨(파우치),5 mL,,,
EVCO-1055,제품표준서_EVCO1055_(HFHW001)-하파데이 퍼퓸드 포밍 핸드워시- 소프트 라벤더.xls,,,황색 투명 점액상,,HFHW001,하파데이 퍼퓸드 포밍 핸드워시-소프트 라벤더,500 mL,510g,황색,
EVCO-1056,제품표준서_EVCO1056_(HFHW002)-하파데이 퍼퓸드 포밍 핸드워시-프레쉬 프루트.xls,,,분홍색 투명 점액상,,HFHW002,하파데이 퍼퓸드 포밍 핸드워시-프레쉬 프루트,500 mL,510g,분홍색,
EVCO-1057,제품표준서_EVCO1057_(HFHW003)-하파데이 퍼퓸드 포밍 핸드워시-파우더리 머스크.xls,,,보라색 투명 점액상,,HFHW003,하파데이 퍼퓸드 포밍 핸드워시-파우더리 머스크,500 mL,510g,보라색,
EVCO-1058,제품표준서_EVCO1058_(NPBC009)-에바스 나뚜리아 크리미 밀크 바디워시-휘그 펄프.xls,,,황색 불투명 점액상,,NPBC009,에바스 나뚜리아 크리미 밀크 바디워시-휘그 펄프,750 mL,,,
EVCO-1059,제품표준서_EVCO1059_(MLBL007)-미미로린스 모먼트 바디로션-뮤즈.xls,,,백색의 로션상,,MLBL007,미미로린스 모먼트 바디로션-뮤즈,500 mL,,,
EVCO-1060,제품표준서_EVCO1060_(MLBL008)-미미로린스 모먼트 바디로션-멜리플루어스.xls,,,백색의 로션상,,MLBL008,미미로린스 모먼트 바디로션-멜리플루어스,500 mL,,,
EVCO-1061,제품표준서_EVCO1061_(MLBL009)-미미로린스 모먼트 바디로션-가드니아.xls,,,백색의 로션상,,MLBL009,미미로린스 모먼트 바디로션-가드니아,500 mL,,,
EVCO-1062,제품표준서_EVCO1062_(CCHW001)-세라클리닉 보태니컬 핸드솝-로즈 오브 예리코.xls,,,무색 투명 점액상,,CCHW001,세라클리닉 보태니컬 핸드솝-로즈 오브 예리코,300 mL,,,
EVCO-1063,제품표준서_EVCO1063_(CCHW002)-세라클리닉 보태니컬 핸드솝-포레스트 워크.xls,,,무색 투명 점액상,,CCHW002,세라클리닉 보태니컬 핸드솝-포레스트 워크,300 mL,,,
EVCO-1064,제품표준서_EVCO1064_(JOPK003)-제이온 비타 글로우 슬리핑 팩.xls,,,황색의 로션상,,JOPK003,제이온 비타 글로우 슬리핑팩,50 mL,50g,황색,
EVCO-1064,제품표준서_EVCO1064_(JOPK003)-제이온 비타 글로우 슬리핑 팩.xls,,,황색의 로션상,,JOPKP03,제이온 비타 글로우 슬리핑팩,50 mL,50g,황색,
EVCO-1065,제품표준서_EVCO1065_(JOSS001)-제이온 핫 카이엔 솔트 바디스크럽.xls,,,알갱이가 있는 적색 페이스트상,,JOSS001,제이온 핫 카이엔 솔트 바디 스크럽,250 g,250g,,
EVCO-1066,제품표준서_EVCO1066_(JOSS002)-제이온 쿨 민트 솔트 바디스크럽.xls,,,알갱이가 있는 청색 페이스트상,,JOSS002,제이온 쿨 민트 솔트 바디스크럽,250 g,250g,,
EVCO-1067,제품표준서_EVCO1067_(JOPK001)-제이온 아티초크 슬리핑팩.xls,,,백색의 크림상,,JOPK001,제이온 아티초크 슬리핑팩,50 mL,48g,,초도는 53g 충진
EVCO-1067,제품표준서_EVCO1067_(JOPK001)-제이온 아티초크 슬리핑팩.xls,,,백색의 크림상,,JOPKP01,제이온 아티초크 슬리핑팩,50 mL,48g,,초도는 53g 충진
EVCO-1068,제품표준서_EVCO1068_(JOPK002)-제이온 허니 워시오프 마스크팩.xls,,,갈색의 로션상,,JOPK002,제이온 허니 워시오프 마스크팩,50 mL,53g,,
EVCO-1068,제품표준서_EVCO1068_(JOPK002)-제이온 허니 워시오프 마스크팩.xls,,,갈색의 로션상,,JOPKP02,제이온 허니 워시오프 마스크팩,50 mL,53g,,
EVCO-1069,제품표준서_EVCO1069_(FJSL003)-프레쥬 유주 허니 에센셜 토너.xls,,,미색 투명 점액상,,FJSL003,프레쥬 유주 허니 에센셜 토너,250 mL,274g,,
EVCO-1070,제품표준서_EVCO1070_(FJCR004)-프레쥬 유주 허니 인리치드 크림.xls,,,황색의 크림상,,FJCR004,프레쥬 유주 허니 인리치드 크림,50 mL,49g,,
EVCO-1071,제품표준서_EVCO1071_(FJCB001)-프레쥬 유주 허니 올 클렌징 밤.xls,,,황색의 왁스상,,FJCB001,프레쥬 유주 허니 올 클렌징 밤,50 mL,49g,,
EVCO-1072,제품표준서_EVCO1072_(JOPK004)-제이온 콜라겐 슬리핑팩.xls,,,반투명 젤상,,JOPK004,제이온 콜라겐 슬리핑팩,50 mL,51g,,
EVCO-1072,제품표준서_EVCO1072_(JOPK004)-제이온 콜라겐 슬리핑팩.xls,,,반투명 젤상,,JOPKP04,제이온 콜라겐 슬리핑팩,50 mL,51g,,
EVCO-1073,제품표준서_EVCO1073_(JOPK005)-제이온 엘에이치에이 필링젤.xls,,,미색의 젤상,,JOPK005,제이온 엘에이치에이 필링젤,50 mL,52g,,
EVCO-1073,제품표준서_EVCO1073_(JOPK005)-제이온 엘에이치에이 필링젤.xls,,,미색의 젤상,,JOPKP05,제이온 엘에이치에이 필링젤,50 mL,52g,,
EVCO-1074,제품표준서_EVCO1074_(JOPK006)-제이온 펌킨 슬리핑팩.xls,,,주황색 크림상,,JOPK006,제이온 펌킨 슬리핑팩,50 mL,50g,,
EVCO-1075,제품표준서_EVCO1075_(JOFC004)-제이온 차콜 젠틀 폼클렌징.xls,,,회색 크림상,,JOFC004,제이온 차콜 젠틀 폼클렌징,100 mL,,,
EVCO-1076,제품표준서_EVCO1076_(JOSS003)-제이온 트로피칼 망고 스무딩 슈가 바디스크럽.xls,,,알갱이가 있는 황색 페이스트상,,JOSS003,제이온 트로피칼 망고 스무딩 슈가 바디스크럽,250 g,250g,,
EVCO-1077,제품표준서_EVCO1077_(JOCB001)-제이온 메이크업 이레이져 엑스트라 딥클렌징밤.xls,,,백색의 왁스상,,JOCB001,제이온 메이크업 이레이져 엑스트라 딥클렌징밤,100 mL,,,
EVCO-1078,제품표준서_EVCO1078_(KBHC006)-키스바이 로즈마인 프래그런스 핸드크림-글래머 센슈얼리티.xls,,,백색의 크림상,,KBHC006,키스바이 로즈마인 프래그런스 핸드크림-글래머 센슈얼리티,30 mL,30g,백색,
EVCO-1079,제품표준서_EVCO1079_(KBHC007)-키스바이 로즈마인 프래그런스 핸드크림-글래머 판타지.xls,,,백색의 크림상,,KBHC007,키스바이 로즈마인 프래그런스 핸드크림-글래머 판타지,30 mL,30g,백색,
EVCO-1080,제품표준서_EVCO1080_(KBHC008)-키스바이 로즈마인 프래그런스 핸드크림-글래머 프레셔스.xls,,,백색의 크림상,,KBHC008,키스바이 로즈마인 프래그런스 핸드크림-글래머 프레셔스,30 mL,30g,백색,
EVCO-1081,"제품표준서_EVCO1081_(KBHC009)-키스바이 로즈마인 프래그런스 핸드크림- 오,프레쉬 포에버.xls",,,백색의 크림상,,KBHC009,"키스바이 로즈마인 프래그런스 핸드크림-오,프레쉬 포에버",30 mL,30g,백색,
EVCO-1082,"제품표준서_EVCO1082_(KBHC010)-키스바이 로즈마인 프래그런스 핸드크림- 오,프레쉬 허브가든.xls",,,백색의 크림상,,KBHC010,"키스바이 로즈마인 프래그런스 핸드크림-오,프레쉬 허브가든",30 mL,30g,백색,
EVCO-1083,제품표준서_EVCO1083_(VMSP011)-밸르모나 얼쓰 리페어 본딩 샴푸.xls,,,반투명 점액상,,VMSP011,밸르모나 얼쓰 리페어 본딩 샴푸,500 mL,,,
EVCO-1084,제품표준서_EVCO1084_(VMRS011)-밸르모나 얼쓰 리페어 본딩 트리트먼트.xls,,,백삭의 로션상,,VMRS011,밸르모나 얼쓰 리페어 본딩 트리트먼트,500 mL,,,
EVCO-1085,"제품표준서_EVCO1085_(HFBC001)-하파데이 예쓰, 밀크 바디워시.xls",,,백색 불투명 점액상,,HFBC001,"하파데이 예쓰, 밀크 바디워시",1000 mL,1014g,,
EVCO-1086,"제품표준서_EVCO1086_(HFBL001)-하파데이 예쓰, 밀크 바디로션.xls",,,백색의 로션상,,HFBL001,"하파데이 예쓰, 밀크 바디로션",1000 mL,1000g,,
EVCO-1087,제품표준서_EVCO1087_(MLPP001)-미미로린스 모먼트 시크릿 푸 퍼퓸-라즈베리 만다린.xls,,,색 상 : 유백색 성 상 : 액상,,MLPP001,미미로린스 모먼트 시크릿 푸 퍼퓸-라즈베리 만다린,50ml,50g,유백색,비중=0.991
EVCO-1088,제품표준서_EVCO1088_(MLPP002)-미미로린스 모먼트 시크릿 푸 퍼퓸-시트러스 베르가못.xls,,,색 상 : 유백색 성 상 : 액상,,MLPP002,미미로린스 모먼트 시크릿 푸 퍼퓸-시트러스 베르가못,50ml,50g,유백색,비중=0.991
EVCO-1089,제품표준서_EVCO1089_(KBCR006)-키스 바이 로즈마인 프래그런스 크림-글래머 대즐링.xls,,,백색의 크림상,,KBCR006,키스 바이 로즈마인 프래그런스 크림-글래머 대즐링,140 mL,140.0,백색,
EVCO-1090,제품표준서_EVCO1090_(KBCR007)-키스 바이 로즈마인 프래그런스 크림-글래머 멜로우.xls,,,백색의 크림상,,KBCR007,키스 바이 로즈마인 프래그런스 크림-글래머 멜로우,140 mL,,하얀색,
EVCO-1091,제품표준서_EVCO1091_(FJMK001)-프레쥬 오리지널 허브 자연약쑥 시트마스크.xls,,,연한 갈색의 투명한 점액상,,FJMK001,프레쥬 오리지날 허브 자연약쑥 시트 마스크,23 mL,23g,,
EVCO-1092,제품표준서_EVCO1092_(FJMK001)-프레쥬 프로 모이스처 시트 마스크.xls,,,유백색의 점액상,,FJMK002,프레쥬 프로 모이스처 시트 마스크,23 mL,23g,,
EVCO-1093,제품표준서_EVCO1093_(AOSP001)-샤샤 아르간오일 어성초 안티헤어로스 샴푸.xls,,,반투명 점액상,,AOSP001,샤샤 아르간오일 어성초 안티헤어로스 샴푸,1500mL,,반투명,
EVCO-1094,제품표준서_EVCO1094_(PDBC003)-페디슨 인스티튜트-보떼 망고리치 밸런싱 바디워시.xls,,,노란색 점액상,,PDBC003,페디슨 인스티튜트-보떼 망고리치 밸런싱 바디워시,2000mL,2000g 이상,노란색,
EVCO-1095,제품표준서_EVCO1095_(PDBC002)-페디슨 데오 드 바디클렌저 패션프루츠.xls,,,투명 점액상,,PDBC002,페디슨 데오 드 바디클렌저 패션프루츠,750mL,,투명,
EVCO-1096,제품표준서_EVCO1096_(JOLS002)-제이온 슈가 립 스크럽.xls,,,알갱이가 있는 붉은색 스크럽제,,JOLS002,제이온 슈가 립 스크럽,12 g,12g,,
EVCO-1097,제품표준서_EVCO1097_(KBOW001)-키스바이 로즈마인 프래그런스 오일워시- 글래머 센슈얼리티.xls,,,분홍색의 이층분리형 액상,,KBOW001,키스바이 로즈마인 프래그런스 오일워시- 글래머 센슈얼리티,300 mL,,분홍색,
EVCO-1098,제품표준서_EVCO1098_(KBOW002)-키스바이 로즈마인 프래그런스 오일워시- 글래머 판타지.xls,,,주황색의 이층분리형 액상,,KBOW002,키스바이 로즈마인 프래그런스 오일워시- 글래머 판타지,300 mL,,주황색,
EVCO-1099,제품표준서_EVCO1099_(KBOW003)-키스바이 로즈마인 프래그런스 오일워시- 글래머 프레셔스.xls,,,옅은갈색의 이층분리형 액상,,KBOW003,키스바이 로즈마인 프래그런스 오일워시- 글래머 프레셔스,300 mL,,옅은갈색,
EVCO-1100,"제품표준서_EVCO1100_(KBOW004)-키스바이 로즈마인 프래그런스 오일워시-오,프레쉬 포에버.xls",,,보라색의 이층분리형 액상,,KBOW004,"키스바이 로즈마인 프래그런스 오일워시- 오,프레쉬 포에버",300 mL,,보라색,
EVCO-1101,"제품표준서_EVCO1101_(KBOW005)-키스바이 로즈마인 프래그런스 오일워시-오,프레쉬 허브가든.xls",,,하늘색의 이층분리형 액상,,KBOW005,"키스바이 로즈마인 프래그런스 오일워시- 오,프레쉬 허브가든",300 mL,,하늘색,
EVCO-1102,제품표준서_EVCO1102_(BDFS003)-보르도 드래곤 풋 샴푸.xls,,,분홍색의 투명 점액상,,BDFS003,보르도 드래곤 풋 샴푸,300mL,306.0,분홍색,
EVCO-1103,제품표준서_EVCO1103_(BDMK001)-보르도 드래곤 힐 마스크.xls,,,유백색~연붉은색의 점액상,,BDMK001,보르도 드래곤 힐 마스크,10g,,,
EVCO-1104,제품표준서_EVCO1104_(FJSL004)-프레쥬 어성초 블레미쉬 토너.xls,,,투명 액상,,FJSL004,프레쥬 어성초 블레미쉬 토너,500mL,520~530,투명,
EVCO-1105,제품표준서_EVCO1105_(PDIR010)-페디슨 두 프레쉬 소다 페미닌 클렌져.xls,,,무색의 투명점액상,,PDIR010,페디슨 두 프레쉬 소다 페미닌 클렌져,300mL,306g,무색,
EVCO-1106,제품표준서_EVCO1106_(MLBM002)-미미로린스 모먼트 코스트 바디미스트-오션딥.xls,,,연한 하늘색 투명 액상,,MLBM002,미미로린스 모먼트 코스트 바디미스트 오션딥,100mL,90g,연하늘,
EVCO-1107,제품표준서_EVCO1107_(MLBM003)-미미로린스 모먼트 코스트 바디미스트-마린브리즈.xls,,,아주 연한 녹색 투명 액상,,MLBM003,미미로린스 모먼트 코스트 바디미스트 마린브리즈,100mL,90g,연한녹색,
EVCO-1108,제품표준서_EVCO1108_(MLBM004)-미미로린스 모먼트 코스트 바디미스트-블루웨이브.xls,,,연한 청록색 투명 액상,,MLBM004,미미로린스 모먼트 코스트 바디미스트 블루웨이브,100mL,90g,연한청록색,
EVCO-1109,제품표준서_EVCO1109_(VMSP010)-밸르모나 얼쓰 안티 헤어 로스 샴푸.xls,,,투명 액상,,VMSP010,밸르모나 얼쓰 안티 헤어 로스 샴푸,500mL,,투명,
EVCO-1110,제품표준서_EVCO1110_(VMST001)-밸르모나 얼쓰 안티 헤어 로스 스칼프 토닉.xls,,,반투명 녹색 액상,,VMST001,밸르모나 얼쓰 안티 헤어 로스 스칼프 토닉,40mL,,반투명 녹색,
EVCO-1111,제품표준서_EVCO1111_(VMRS010)-밸르모나 얼쓰 안티 헤어 로스 트리트먼트.xls,,,백색의 크림상,,VMRS010,밸르모나 얼쓰 안티 헤어 로스 트리트먼트,120mL,,백색,
EVCO-1112,제품표준서_EVCO1112_(BDMK002)-보르도 쿨링 레그 마스크.xls,,,흰색의 로션상,,BDMK002,보르도 쿨링 레그 마스크,40g,,흰색,
EVCO-1114,제품표준서_EVCO1114_(BTPP001)-바스파 아로마 라운지 바디필링패드-블랙베리.xls,,,무색 ~ 연황색의 액상,,BTPP001,바스파 아로마 라운지 바디필링패드- 블랙베리,20 g,,무색-연황색,
EVCO-1114,제품표준서_EVCO1114_(BTPP001)-바스파 아로마 라운지 바디필링패드-블랙베리.xls,,,무색 ~ 연황색의 액상,,CCSP002,바스파 아로마 라운지 바디필링패드- 블랙베리,20 g,,무색-연황색,
EVCO-1114,제품표준서_EVCO1114_(CCSP002)-세라클리닉 더마이드 4.0 안티헤어로스 샴푸 그린클렌즈.xls,,,무색~미황색 반투명 점액상,,BTPP001,세라클리닉 더마이드 4.0 안티헤어로스 샴푸 그린클렌즈,1000 ml,,반투명,
EVCO-1114,제품표준서_EVCO1114_(CCSP002)-세라클리닉 더마이드 4.0 안티헤어로스 샴푸 그린클렌즈.xls,,,무색~미황색 반투명 점액상,,CCSP002,세라클리닉 더마이드 4.0 안티헤어로스 샴푸 그린클렌즈,1000 ml,,반투명,
EVCO-1115,제품표준서_EVCO1115_(MRSP001)-미렐라 와일 리퀴드 펄 샴푸.xls,,,흰색 펄 점액상,,MRSP001,미렐라 와일 리퀴드 펄 샴푸,300 ml,310g,흰색펄,
EVCO-1116,제품표준서_EVCO1116_(MRRS001)-미렐라 와일 리퀴드 펄 컨디셔너.xls,,,흰색 로션상,,MRRS001,미렐라 와일 리퀴드 펄 컨디셔너,300 ml,295g,흰색,
EVCO-1117,제품표준서_EVCO1117_(RLBC001)-로즈마인 라파밀리에 바디워시-로즈마인5.xls,,,분홍색 점액상,,RLBC001,로즈마인 라파밀리에 바디워시 로즈마인5,1000 ml,1015g,분홍색,
EVCO-1118,제품표준서_EVCO1118_(RLBC002)-로즈마인 라파밀리에 바디워시-플로랄파우더.xls,,,보라색 점액상,,RLBC002,로즈마인 라파밀리에 바디워시 플로랄파우더,1000 ml,1015g,보라색,
EVCO-1119,제품표준서_EVCO1119_(MLHW004)-미미로린스 모먼트 플랜트 핸드워시-퓨어피치.xls,,,연한 분홍색 점액상,,MLHW004,미미로린스 모먼트 플랜트 핸드워시-퓨어피치,500ml,,연한 분홍색,
EVCO-1120,제품표준서_EVCO1120_(MLHC009)-미미로린스 모먼트 플랜트 핸드크림-퓨어피치.xls,,,백색의 크림상,,MLHC009,미미로린스 모먼트 플랜트 핸드크림-퓨어피치,500ml,,흰색,
EVCO-1121,제품표준서_EVCO1121_(RRBM012)-로에랑스 터치 마이바디 퍼퓸미스트- 체리블러썸.xls,,,무색 투명 액상,,RRBM012,로에랑스 터치 마이바디 퍼퓸미스트- 체리블러썸,250 ml,,투명,
EVCO-1122,제품표준서_EVCO1122_(RRBM013)-로에랑스 터치 마이바디 퍼퓸미스트- 브리즈.xls,,,무색 투명 액상,,RRBM013,로에랑스 터치 마이바디 퍼퓸미스트- 브리즈,250 ml,,투명,
EVCO-1123,제품표준서_EVCO1123_(MLDM032~36)-미미로린스 드레스 퍼퓸 미스트 딥 퍼퓸 300ml 5종.xls,,,색 상 : 백색 반투명 ~ 무색 투명 성 상 : 액상,,MLDM032,미미로린스 드레스 퍼퓸 미스트 딥 퍼퓸-네트와제,300ml,295g,약간 뿌연 투명,비중=0.984
EVCO-1123,제품표준서_EVCO1123_(MLDM032~36)-미미로린스 드레스 퍼퓸 미스트 딥 퍼퓸 300ml 5종.xls,,,색 상 : 백색 반투명 ~ 무색 투명 성 상 : 액상,,MLDM033,미미로린스 드레스 퍼퓸 미스트 딥 퍼퓸-네트와제,300ml,295g,약간 뿌연 투명,비중=0.984
EVCO-1123,제품표준서_EVCO1123_(MLDM032~36)-미미로린스 드레스 퍼퓸 미스트 딥 퍼퓸 300ml 5종.xls,,,색 상 : 백색 반투명 ~ 무색 투명 성 상 : 액상,,MLDM034,미미로린스 드레스 퍼퓸 미스트 딥 퍼퓸-네트와제,300ml,295g,약간 뿌연 투명,비중=0.984
EVCO-1123,제품표준서_EVCO1123_(MLDM032~36)-미미로린스 드레스 퍼퓸 미스트 딥 퍼퓸 300ml 5종.xls,,,색 상 : 백색 반투명 ~ 무색 투명 성 상 : 액상,,MLDM035,미미로린스 드레스 퍼퓸 미스트 딥 퍼퓸-네트와제,300ml,295g,약간 뿌연 투명,비중=0.984
EVCO-1123,제품표준서_EVCO1123_(MLDM032~36)-미미로린스 드레스 퍼퓸 미스트 딥 퍼퓸 300ml 5종.xls,,,색 상 : 백색 반투명 ~ 무색 투명 성 상 : 액상,,MLDM036,미미로린스 드레스 퍼퓸 미스트 딥 퍼퓸-네트와제,300ml,295g,약간 뿌연 투명,비중=0.984
EVCO-1124,제품표준서_EVCO1124_(AOSP002)-샤샤 아르간오일 진저 쿨링 케어 샴푸.xls,,,백색 점액상,,AOSP002,샤샤 아르간오일 진저 쿨링 케어 샴푸,1000 ml,1014g,백색,
EVCO-1125,제품표준서_EVCO1125_(CCRS001)-세라클리닉 더마이드 4.0 안티헤어로스 헤어팩 그린클렌즈.xls,,,백색 크림상,,CCRS002,세라클리닉 더마이드 4.0 안티헤어로스 헤어팩 그린클렌즈,1000ml,,백색,
EVCO-1126,제품표준서_EVCO1126_(CCAT001)-세라클리닉 더마이드 4.0 앰플 트리트먼트(노린스) 프로테인 퀀치.xls,,,백색 액상,,CCAT001,세라클리닉 더마이드 4.0 앰플 트리트먼트(노린스)프로테인 퀀치,200 ml,202g,백색,
EVCO-1127,제품표준서_EVCO1127_(CCSP003)-세라클리닉 더마이드 4.0 노 옐로우 샴푸 프로테인 퀀치.xls,,,보라색 점액상,,CCSP003,세라클리닉 더마이드 4.0 노 옐로우 샴푸 프로테인 퀀치,500 ml,507.0,보라색,
EVCO-1128,제품표준서_EVCO1128_(FJEX002)-프레쥬 어성초 인텐시브 카밍 에센스.xls,,,무색 투명 점액상,,FJEX002,프레쥬 어성초 인텐시브 카밍 에센스,120ml,122g,무색 투명,
EVCO-1129,제품표준서_EVCO1129_(AORS001)-샤샤 아르간오일 어성초 엘피피 프로테인 헤어팩.xls,,,백색 크림상,,AORS001,샤샤 아르간오일 어성초 엘피피 프로테인 헤어팩,1500ml,1480g,백색,
EVCO-1131,제품표준서_EVCO1131_(CCBL001)-세라클리닉 더마이드 4.0 세라마이드 바디로션.xls,,,백색 로션상,,CCBL001,세라클리닉 더마이드 4.0 세라마이드 바디 로션,500ml,490g,백색,
EVCO-1132,제품표준서_EVCO1132_(FJCR005)-프레쥬 어성초 블레미쉬 수분크림.xls,,,백색 크림상,,FJCR005,프레쥬 어성초 블레미쉬 수분크림,100ml,102g,백색,
EVCO-1133,제품표준서_EVCO1133_(FJFC003)-프레쥬 어성초 블레미쉬 약산성 클렌징폼.xls,,,백색 크림상,,FJFC003,프레쥬 어성초 블레미쉬 약산성 클렌징폼,250 ml,230g,백색,
EVCO-1134,"제품표준서_EVCO1134_(JODM001)-제이온 드링크미 콜라겐 100,000 ppm.xls",,,색 상 : 주황색 성 상 : 투명 액상,,JODM001,"제이온 드링크미 콜라겐 100,000 ppm",50ml,50ml,주황색,
EVCO-1135,제품표준서_EVCO1135_(FJFC004)-프레쥬 유주허니 올 클리어 클렌징 폼.xls,,,노란색 점액상,,FJFC004,프레쥬 유주허니 올 클리어 클렌징 폼,250 ml,255g 이상,노란색,
EVCO-1136,제품표준서_EVCO1136_(BTSB001)-바스파 오스트레일리안 솔트 버블 소프트 로지.xls,,,핑크색의 분말,,BTSB001,바스파 오스트레일리안 솔트 버블-소프트 로지,500 g,,핑크,
EVCO-1137,제품표준서_EVCO1137_(BTSB002)-바스파 오스트레일리안 솔트 버블 프레쉬 유자.xls,,,황색의 분말,,BTSB002,바스파 오스트레일리안 솔트 버블-프레쉬 유자,500 g,,황색,
EVCO-1138,제품표준서_EVCO1138_(BTSB003)-바스파 오스트레일리안 솔트 버블 피치 캄.xls,,,주황색의 분말,,BTSB003,바스파 오스트레일리안 솔트 버블-피치 캄,500 g,,주황색,
EVCO-1139,제품표준서_EVCO1139_(BTSB004)-바스파 오스트레일리안 솔트 버블 컴포트 라벤더.xls,,,연보라색의 분말,,BTSB004,바스파 오스트레일리안 솔트 버블-컴포트 라벤더,500 g,,연보라,
EVCO-1140,제품표준서_EVCO1140_(BTSB005)-바스파 오스트레일리안 솔트 버블 밀크 바나나.xls,,,백색의 분말,,BTSB005,바스파 오스트레일리안 솔트 버블-밀크 바나나,500 g,,백색,
EVCO-1141,제품표준서_EVCO1141_(FJCO001)-프레쥬 오리지널 허브 자연약쑥 클렌징오일.xls,,,미황색 투명 오일,,FJCO001,프레쥬 오리지널 허브 자연약쑥 클렌징오일,210 ml,184.0,미황색 투명,
EVCO-1142,제품표준서_EVCO1142_(FJLM001)-프레쥬 자연약쑥 립 슬리핑 마스크.xls,,,옅은 초록 점액상,,FJLM001,프레쥬 자연약쑥 립 슬리핑 마스크,12g,12g,옅은 초록,
EVCO-1143,제품표준서_EVCO1143_(FJLM002)-프레쥬 유주허니 립 슬리핑 마스크.xls,,,황색 점액상,,FJLM002,프레쥬 유주허니 립 슬리핑 마스크,12 g,12g,황색,
EVCO-1143,제품표준서_EVCO1143_(FJLM002)-프레쥬 유주허니 립 슬리핑 마스크.xls,,,황색 점액상,,PDBC004,프레쥬 유주허니 립 슬리핑 마스크,12 g,12g,황색,
EVCO-1144,"제품표준서_EVCO1144_(RRHW001,RRHWR01)-로에랑스 블루밍 버블 핸드워시 화이트머스크.xls",,,하늘색 투명 액상,,RRHW001,로에랑스 블루밍 버블 핸드워시 화이트 머스크,300ml / 250ml,312g/260g,하늘색 투명,
EVCO-1144,"제품표준서_EVCO1144_(RRHW001,RRHWR01)-로에랑스 블루밍 버블 핸드워시 화이트머스크.xls",,,하늘색 투명 액상,,RRHWR01,로에랑스 블루밍 버블 핸드워시 화이트 머스크,300ml / 250ml,312g/260g,하늘색 투명,
EVCO-1145,"제품표준서_EVCO1145_(RRHW002,RRHWR02)-로에랑스 블루밍 버블 핸드워시 문라이트.xls",,,주황색 투명 액상,,RRHW002,로에랑스 블루밍 버블 핸드워시 문라이트,300 ml / 250ml,312g/260g,주황색 투명,
EVCO-1145,"제품표준서_EVCO1145_(RRHW002,RRHWR02)-로에랑스 블루밍 버블 핸드워시 문라이트.xls",,,주황색 투명 액상,,RRHWR02,로에랑스 블루밍 버블 핸드워시 문라이트,300 ml / 250ml,312g/260g,주황색 투명,
EVCO-1146,"제품표준서_EVCO1146_(RRHW003,RRHWR03)-로에랑스 블루밍 버블 핸드워시 퓨어솝.xls",,,연두색 투명 액상,,RRHW003,로에랑스 블루밍 버블 핸드워시 퓨어 솝,300ml / 250ml,312g/260g,연두색 투명,
EVCO-1146,"제품표준서_EVCO1146_(RRHW003,RRHWR03)-로에랑스 블루밍 버블 핸드워시 퓨어솝.xls",,,연두색 투명 액상,,RRHWR03,로에랑스 블루밍 버블 핸드워시 퓨어 솝,300ml / 250ml,312g/260g,연두색 투명,
EVCO-1147,제품표준서_EVCO1147_(BTBC004)-바스파 바쓰 솔트 스크럽 바디 워시 소프트 로지.xls,,,알갱이가 있는 연한 분홍색 점액상,,BTBC004,바스파 바쓰 솔트 스크럽 바디 워시 소프트 로지,1000 ml,970g,연한 분홍색,
EVCO-1148,제품표준서_EVCO1148_(BTBC005)-바스파 바쓰 솔트 스크럽 바디 워시 컴포트 라벤더.xls,,,알갱이가 있는 연한 보라색 점액상,,BTBC005,바스파 바쓰 솔트 스크럽 바디 워시 컴포트 라벤더,1000 ml,970g,연한 보라색,
EVCO-1149,제품표준서_EVCO1149_(ADML000)-케어미 어르신 전용 고보습 바디로션.xls,,,백색 로션상,,ADML000,케어미 어르신 전용 고보습 바디로션,1000 ml / 50ml,992g,백색,
EVCO-1149,제품표준서_EVCO1149_(ADML000)-케어미 어르신 전용 고보습 바디로션.xls,,,백색 로션상,,ADML000,케어미 어르신 전용 고보습 바디로션,1000 ml / 50ml,992g,백색,
EVCO-1150,제품표준서_EVCO1150_(FJEC006)-프레쥬 레틴 콜라겐 3D 코어 아이 크림.xls,,,연한 황색 크림상,,FJEC006,프레쥬 레틴 콜라겐 3D 코어 아이 크림,15ml,16.0,연한 황색,
EVCO-1151,제품표준서_EVCO1151_(FJCR006)-프레쥬 레틴 콜라겐 3D 코어 크림.xls,,,연한 황색 크림상,,FJCR006,프레쥬 레틴 콜라겐 3D 코어 크림,50ml / 10ml,50.0,연한 황색,
EVCO-1152,제품표준서_EVCO1152_(FJSL006)-프레쥬 레틴 콜라겐 3D 코어 토너.xls,,,투명 액상,,FJSL006,프레쥬 레틴 콜라겐 3D 코어 토너,250 ml,260.0,투명,
EVCO-1153,제품표준서_EVCO1153_(ELHS001)-엘체 스무스 레메디 헤어 오일 세럼.xls,,,투명 오일상,,ELHS001,엘체 스무스 레메디 헤어 오일 세럼,100 ml,93g,투명,
EVCO-1154,제품표준서_EVCO1154_(VVCR001-003)-빈시뷰 프래그런스 크림 3종.xls,,,백색의 크림상,,VVCR001,빈시뷰 글래머 센슈얼리티 프래그런스 크림,140 ml,140 g,백색,
EVCO-1154,제품표준서_EVCO1154_(VVCR001-003)-빈시뷰 프래그런스 크림 3종.xls,,,백색의 크림상,,VVCR002,빈시뷰 글래머 센슈얼리티 프래그런스 크림,140 ml,140 g,백색,
EVCO-1154,제품표준서_EVCO1154_(VVCR001-003)-빈시뷰 프래그런스 크림 3종.xls,,,백색의 크림상,,VVCR003,빈시뷰 글래머 센슈얼리티 프래그런스 크림,140 ml,140 g,백색,
EVCO-1155,제품표준서_EVCO1155_(VVHC001-003)-빈시뷰 프래그런스 핸드크림 3종.xls,,,백색의 크림상,,VVHC001,빈시뷰 글래머 센슈얼리티 프래그런스 핸드크림,60 ml,60 g,백색,
EVCO-1155,제품표준서_EVCO1155_(VVHC001-003)-빈시뷰 프래그런스 핸드크림 3종.xls,,,백색의 크림상,,VVHC002,빈시뷰 글래머 센슈얼리티 프래그런스 핸드크림,60 ml,60 g,백색,
EVCO-1155,제품표준서_EVCO1155_(VVHC001-003)-빈시뷰 프래그런스 핸드크림 3종.xls,,,백색의 크림상,,VVHC003,빈시뷰 글래머 센슈얼리티 프래그런스 핸드크림,60 ml,60 g,백색,
EVCO-1156,제품표준서_EVCO1156_(RLBC003)-로즈마인 라파밀리에 바디워시 - 보타닉 가든.xls,,,백색 점액상,,RLBC003,로즈마인 라파밀리에 바디워시 - 보타닉 가든,1000 ml,1015g,백색,
EVCO-1157,제품표준서_EVCO1157_(VMSP012)-밸르모나 얼쓰 블랙 샴푸.xls,,,짙은 갈색 점액상,,VMSP012,밸르모나 얼쓰 블랙 샴푸,480 g,,짙은 갈색,
EVCO-1158,제품표준서_EVCO1158_(BTBC006)-바스파 바쓰 솔트 스크럽 바디 워시 쏠티 씨.xls,,,알갱이가 있는 하늘색 점액상,,BTBC006,바스파 바쓰 솔트 스크럽 바디 워시 쏠티 씨,1000 ml,990g,하늘색,
EVCO-1159,"제품표준서_EVCO1159_(HFBC002,HFBC003,HFBC004)-하파데이 시카&세라 바디 스크럽 워시 3종.xls",,,"1) 알갱이가 있는 분홍색 불투명 점액상
2) 알갱이가 있는 연녹색 불투명 점액상
3) 알갱이가 있는 연황색 불투명 점액상",,HFBC002,하파데이 시카&세라 바디 스크럽 워시 - 로즈티,500 ml,500.0,분홍색,
EVCO-1159,"제품표준서_EVCO1159_(HFBC002,HFBC003,HFBC004)-하파데이 시카&세라 바디 스크럽 워시 3종.xls",,,"1) 알갱이가 있는 분홍색 불투명 점액상
2) 알갱이가 있는 연녹색 불투명 점액상
3) 알갱이가 있는 연황색 불투명 점액상",,HFBC003,하파데이 시카&세라 바디 스크럽 워시 - 로즈티,500 ml,500.0,분홍색,
EVCO-1159,"제품표준서_EVCO1159_(HFBC002,HFBC003,HFBC004)-하파데이 시카&세라 바디 스크럽 워시 3종.xls",,,"1) 알갱이가 있는 분홍색 불투명 점액상
2) 알갱이가 있는 연녹색 불투명 점액상
3) 알갱이가 있는 연황색 불투명 점액상",,HFBC004,하파데이 시카&세라 바디 스크럽 워시 - 로즈티,500 ml,500.0,분홍색,
EVCO-1160,제품표준서_EVCO1160_(MLDF028-030)-미미로린스 딥 퍼퓸 디퓨져 3종.xls,,,색 상 : 황색 투명 성 상 : 액상,,MLDF028,미미로린스 딥 퍼퓸 디퓨져 - 피브완로즈,200ml,176g,황색투명,비중=0.880
EVCO-1160,제품표준서_EVCO1160_(MLDF028-030)-미미로린스 딥 퍼퓸 디퓨져 3종.xls,,,색 상 : 황색 투명 성 상 : 액상,,MLDF029,미미로린스 딥 퍼퓸 디퓨져 - 피브완로즈,200ml,176g,황색투명,비중=0.880
EVCO-1160,제품표준서_EVCO1160_(MLDF028-030)-미미로린스 딥 퍼퓸 디퓨져 3종.xls,,,색 상 : 황색 투명 성 상 : 액상,,MLDF030,미미로린스 딥 퍼퓸 디퓨져 - 피브완로즈,200ml,176g,황색투명,비중=0.880
EVCO-1161,"제품표준서_EVCO1161_(MLHC018,MLHC019,MLHC020)-미미로린스 모먼트 래디언스 핸드포마드크림 3종.xls",,,연한 황색의 크림상,,MLHC018,미미로린스 모먼트 래디언스 핸드 포마드 크림 - 아로마틱 리플렉션,60 ml,61 g,연한 황색,
EVCO-1161,"제품표준서_EVCO1161_(MLHC018,MLHC019,MLHC020)-미미로린스 모먼트 래디언스 핸드포마드크림 3종.xls",,,연한 황색의 크림상,,MLHC019,미미로린스 모먼트 래디언스 핸드 포마드 크림 - 아로마틱 리플렉션,60 ml,61 g,연한 황색,
EVCO-1161,"제품표준서_EVCO1161_(MLHC018,MLHC019,MLHC020)-미미로린스 모먼트 래디언스 핸드포마드크림 3종.xls",,,연한 황색의 크림상,,MLHC020,미미로린스 모먼트 래디언스 핸드 포마드 크림 - 아로마틱 리플렉션,60 ml,61 g,연한 황색,
EVCO-1161,"제품표준서_EVCO1161_(MLHC018,MLHC019,MLHC020)-미미로린스 모먼트 래디언스 핸드포마드크림 3종.xls",,,연한 황색의 크림상,,MLHC3T2,미미로린스 모먼트 래디언스 핸드 포마드 크림 - 아로마틱 리플렉션,60 ml,61 g,연한 황색,
EVCO-1161,"제품표준서_EVCO1161_(MLHC018,MLHC019,MLHC020)-미미로린스 모먼트 래디언스 핸드포마드크림 3종.xls",,,연한 황색의 크림상,,MLHCK18,미미로린스 모먼트 래디언스 핸드 포마드 크림 - 아로마틱 리플렉션,60 ml,61 g,연한 황색,
EVCO-1161,"제품표준서_EVCO1161_(MLHC018,MLHC019,MLHC020)-미미로린스 모먼트 래디언스 핸드포마드크림 3종.xls",,,연한 황색의 크림상,,MLHCK19,미미로린스 모먼트 래디언스 핸드 포마드 크림 - 아로마틱 리플렉션,60 ml,61 g,연한 황색,
EVCO-1161,"제품표준서_EVCO1161_(MLHC018,MLHC019,MLHC020)-미미로린스 모먼트 래디언스 핸드포마드크림 3종.xls",,,연한 황색의 크림상,,MLHCK20,미미로린스 모먼트 래디언스 핸드 포마드 크림 - 아로마틱 리플렉션,60 ml,61 g,연한 황색,
EVCO-1162,제품표준서_EVCO1162_(PNWS001)-푸아나니 인티메이트 포밍 워시 포맨.xls,,,무색 투명 액상,,PNWS001,푸아나니 인티메이트 포밍 워시 포맨,200 ml,202g,무색,
EVCO-1163,제품표준서_EVCO1163_(KBCR008)-키스 바이 로즈마인 프래그런스 크림 - 글래머 캔디 블룸.xls,,,백색의 크림상,,KBCR008,키스 바이 로즈마인 프래그런스 크림 - 글래머 캔디 블룸,140 ml,140.0,백색,
EVCO-1164,제품표준서_EVCO1164_(FJFC005)-프레쥬 레틴 콜라겐 3D 코어 클렌징폼.xls,,,무색 반투명 점액상,,FJFC005,프레쥬 레틴 콜라겐 3D 코어 클렌징폼,250 ml,255 g,무색 반투명,
EVCO-1165,제품표준서_EVCO1165_(RMSC002~004)-에바스 로즈마인 샤워코롱 3종.xls,,,"연한 주황색 투명 액상
연한 자주색 투명 액상
연한 초록색 투명 액상",,RMSC002,에바스 로즈마인 블랑쉬 샤워코롱,185 ml,165g,연한 주황색,
EVCO-1165,제품표준서_EVCO1165_(RMSC002~004)-에바스 로즈마인 샤워코롱 3종.xls,,,"연한 주황색 투명 액상
연한 자주색 투명 액상
연한 초록색 투명 액상",,RMSC003,에바스 로즈마인 블랑쉬 샤워코롱,185 ml,165g,연한 주황색,
EVCO-1165,제품표준서_EVCO1165_(RMSC002~004)-에바스 로즈마인 샤워코롱 3종.xls,,,"연한 주황색 투명 액상
연한 자주색 투명 액상
연한 초록색 투명 액상",,RMSC004,에바스 로즈마인 블랑쉬 샤워코롱,185 ml,165g,연한 주황색,
EVCO-1166,제품표준서_EVCO1166_(FJMT001)-프레쥬 레틴 콜라겐 3D 코어 앰플미스트.xls,,,"보라색 오일과 투명 액상의
이층분리타입",,FJMT001,프레쥬 레틴 콜라겐 3D 코어 앰플미스트,200ml,"121g
수상 : 189g
유상 :  21 g",미황색 투명,
EVCO-1167,제품표준서_EVCO1167_(CCSPN02)-세라클리닉 더마이드 4.0 안티헤어로스 샴푸 그린클렌즈 뉴.xls,,,반투명점액상,,CCSPN02,세라클리닉 더마이드 4.0 안티헤어로스 샴푸 그린클렌즈 뉴,1000 ml,,반투명,
EVCO-1168,제품표준서_EVCO1168_(CCRSN01)-세라클리닉 더마이드 4.0 안티헤어로스 헤어팩 그린클렌즈 뉴.xls,,,유백색 크림상,,CCRSN02,세라클리닉 더마이드 4.0 안티헤어로스 헤어팩 그린클렌즈 뉴,1000ml,,백색,
EVCO-1169,제품표준서_EVCO1169_(BTSS001~003)-바스파 오스트레일리안 솔트 바디 스크럽 3종.xls,,,알갱이가 있는 갈색 점액상,,BTSS001,바스파 오스트레일리안 솔트 바디 스크럽 - 컴포트 라벤더,250 ml,257.0,갈색,
EVCO-1169,제품표준서_EVCO1169_(BTSS001~003)-바스파 오스트레일리안 솔트 바디 스크럽 3종.xls,,,알갱이가 있는 갈색 점액상,,BTSS002,바스파 오스트레일리안 솔트 바디 스크럽 - 컴포트 라벤더,250 ml,257.0,갈색,
EVCO-1169,제품표준서_EVCO1169_(BTSS001~003)-바스파 오스트레일리안 솔트 바디 스크럽 3종.xls,,,알갱이가 있는 갈색 점액상,,BTSS003,바스파 오스트레일리안 솔트 바디 스크럽 - 컴포트 라벤더,250 ml,257.0,갈색,
EVCO-1170,제품표준서_EVCO1170_(BDFS004)-보르도 드래곤 풋 스틱.xls,,,흰색 고형상,,BDFS004,보르도 드래곤 풋 스틱,18g,97% 이상,흰색,
EVCO-1171,제품표준서_EVCO1171_(RRPM001~003)-로에랑스 퍼퓸 미스트 100ml 3종.xls,,,무색 투명 액상,,RRPM001,로에랑스 퍼퓸 미스트 - 듀,100 ml,90g,무색 투명,
EVCO-1171,제품표준서_EVCO1171_(RRPM001~003)-로에랑스 퍼퓸 미스트 100ml 3종.xls,,,무색 투명 액상,,RRPM002,로에랑스 퍼퓸 미스트 - 듀,100 ml,90g,무색 투명,
EVCO-1171,제품표준서_EVCO1171_(RRPM001~003)-로에랑스 퍼퓸 미스트 100ml 3종.xls,,,무색 투명 액상,,RRPM003,로에랑스 퍼퓸 미스트 - 듀,100 ml,90g,무색 투명,
EVCO-1172,제품표준서_EVCO1172_(CHHC004)-샤샤 아로마틱 시어버터 핸드크림 앰버바닐라.xls,,,연한 황색 크림상,,CHHC004,샤샤 아로마틱 시어버터 핸드크림 앰버바닐라,60 ml,60 g,연한 황색,
EVCO-1173,제품표준서_EVCO1173_(FJPD001)-프레쥬 자연약쑥 포어 패드.xls,,,연한 황색 투명 액상,,FJPD001,프레쥬 오리지날 허브 자연약쑥 포어 패드,170 ml,172 g,옅은 황색,본품
EVCO-1173,제품표준서_EVCO1173_(FJPD001)-프레쥬 자연약쑥 포어 패드.xls,,,연한 황색 투명 액상,,FJPDR01,프레쥬 오리지날 허브 자연약쑥 포어 패드,170 ml,172 g,옅은 황색,본품
EVCO-1174,제품표준서_EVCO1174_(FJEC001)-프레쥬 유주허니 캡슐 아이크림.xls,,,알갱이가 있는 옅은 황색 크림상,,FJEC001,프레쥬 유주허니 캡슐 아이크림,15 ml -> 20ml,20 g,옅은 황색,
EVCO-1175,제품표준서_EVCO1175_(FJAP007)-프레쥬 바이옴 5-락토 트리트먼트 앰플.xls,,,무색 투명 점액상,,FJAP007,프레쥬 바이옴 5-락토 트리트먼트 앰플,50 ml,51 g,무색,
EVCO-1176,제품표준서_EVCO1176_(FJCR007)-프레쥬 바이옴 5-락토 밸런스 모이스처라이저.xls,,,백색 크림상,,FJCR007,프레쥬 바이옴 5-락토 밸런스 모이스처라이저,50 ml,51 g,백색,
EVCO-1177,제품표준서_EVCO1177_(FJGC007)-프레쥬 바이옴 5-락토 밸런스 젤 클렌저.xls,,,무색 반투명 점액상,,FJGC007,프레쥬 바이옴 5-락토 밸런스 젤 클렌저,210 ml,218 g,무색,
EVCO-1178,제품표준서_EVCO1178_(FJSL007)-프레쥬 바이옴 5-락토 밸런스 토너.xls,,,무색 투명 액상,,FJSL007,프레쥬 바이옴 5-락토 밸런스 토너,300 ml,305 g,무색,
EVCO-1179,제품표준서_EVCO1179_(JOSR001)-제이온 에이씨 더마 레메디알 세럼.xls,,,무색 투명 액상,,JOSR001,제이온 에이씨 더마 레메디알 세럼,50 ml,50 g,무색,
EVCO-1180,제품표준서_EVCO1180_(JOCO002)-제이온 에이씨 더마 레메디알 클렌징 오일.xls,,,미황색 투명 오일상,,JOCO002,제이온 에이씨 더마 레메디알 클렌징 오일,150 ml,138 g,미황색,
EVCO-1180,제품표준서_EVCO1180_(JOCO002)-제이온 에이씨 더마 레메디알 클렌징 오일.xls,,,미황색 투명 오일상,,JOCOM02,제이온 에이씨 더마 레메디알 클렌징 오일,150 ml,138 g,미황색,
EVCO-1181,제품표준서_EVCO1181_(JOSL001)-제이온 에이씨 더마 레메디알 토너.xls,,,백색의 파우더를 포함한 무색 투명 액상,,JOSL001,제이온 에이씨 더마 레메디알 토너,150 ml,151 g,무색,
EVCO-1181,제품표준서_EVCO1181_(JOSL001)-제이온 에이씨 더마 레메디알 토너.xls,,,백색의 파우더를 포함한 무색 투명 액상,,JOSLM01,제이온 에이씨 더마 레메디알 토너,150 ml,151 g,무색,
EVCO-1182,제품표준서_EVCO1182_(JOCR001)-제이온 에이씨 더마 레메디알 크림.xls,,,백색 크림상,,JOCR001,제이온 에이씨 더마 레메디알 크림,50 ml,50 g,백색,
EVCO-1182,제품표준서_EVCO1182_(JOCR001)-제이온 에이씨 더마 레메디알 크림.xls,,,백색 크림상,,JOCRM01,제이온 에이씨 더마 레메디알 크림,50 ml,50 g,백색,
EVCO-1183,제품표준서_EVCO1183_(JOFC005)-제이온 에이씨 더마 레메디알 클렌징폼.xls,,,백색 크림상,,JOFC005,제이온 에이씨 더마 레메디알 클렌징폼,100 ml,90 g,백색,
EVCO-1183,제품표준서_EVCO1183_(JOFC005)-제이온 에이씨 더마 레메디알 클렌징폼.xls,,,백색 크림상,,JOFCM05,제이온 에이씨 더마 레메디알 클렌징폼,100 ml,90 g,백색,
EVCO-1184,제품표준서_EVCO1184_(ILWS007)-이즈리프 퓨어 페미닌 버블 클렌져 블루밍.xls,,,무색 투명 액상,,ILWS007,이즈리프 퓨어 페미닌 버블 클렌져 블루밍,250 ml,260 g,무색,
EVCO-1185,제품표준서_EVCO1185_(AOSPN01)-샤샤 아르간오일 어성초 안티헤어로스 샴푸 뉴.xls,,,불투명한 유백색 점액상,,AOSPN01,샤샤 아르간오일 어성초 안티헤어로스 샴푸 뉴,1500ml,-,유백색,
EVCO-1186,제품표준서_EVCO1186_(FJSC002)-프레쥬 어성초 에어리 핏 선크림.xls,,,백색 크림상,,FJSC002_0,프레쥬 어성초 에어리 핏 선크림,50 g,50 g,백색,
EVCO-1187,제품표준서_EVCO1187_(JOCR002)-제이온 누드 스킨 미라클 씨씨크림.xls,,,연한 녹색 크림상,,JOCR002,제이온 누드 스킨 미라클 씨씨크림,50 g,50 g,연한 녹색,
EVCO-1189,제품표준서_EVCO1189_(AOBL004)-샤샤 알로에베라 바디로션.xls,,,백색 로션상,,AOBL004,샤샤 알로에베라 바디로션,1500 ml,1470 g,백색,
EVCO-1190,제품표준서_EVCO1190_(AOBC004)-샤샤 알로에베라 바디워시.xls,,,무색 투명 점액상,,AOBC004,샤샤 알로에베라 바디워시,1500 ml,1510 g,무색 투명,
EVCO-1191,제품표준서_EVCO1191_(AOSG0000)-샤샤 알로에 베라 수딩젤.xls,,,무색 투명 겔상,,AOSG0000,샤샤 알로에 베라 수딩젤,1500 ml,97% 이상,무색 투명,
EVCO-1191,제품표준서_EVCO1191_(AOSG0000)-샤샤 알로에 베라 수딩젤.xls,,,무색 투명 겔상,,AOSG000,샤샤 알로에 베라 수딩젤,1500 ml,97% 이상,무색 투명,
EVCO-1192,제품표준서_EVCO1192_(VMSP013)-밸르모나 얼쓰 바이탈 샴푸.xls,,,미황색 탁한 점액상,,VMSP013,밸르모나 얼쓰 바이탈 샴푸,500 g,,미황색,
EVCO-1193,제품표준서_EVCO1193_(FJAP001)-프레쥬 레틴 콜라겐 3D 코어 앰플.xls,,,백색 로션상,,FJAP001,프레쥬 레틴 콜라겐 3D 코어 앰플,50 ml,50 g,백색,
EVCO-1194,제품표준서_EVCO1194_(FJSC003)-프레쥬 어성초 워터 핏 선스크린.xls,,,연황색의 로션제,,FJSC003,프레쥬 어성초 워터 핏 선스크린,50 ml,,연황색,
EVCO-1195,제품표준서_EVCO1195_(JOCR003)-제이온 버드 네스트 피디알엔 크림[기능성].xls,,,백색 크림상,,JOCR003,제이온 버드 네스트 피디알엔 크림,50 ml,50g,백색,
EVCO-1195,제품표준서_EVCO1195_(JOCR003)-제이온 버드 네스트 피디알엔 크림[기능성].xls,,,백색 크림상,,JOCRM03,제이온 버드 네스트 피디알엔 크림,50 ml,50g,백색,
EVCO-1196,제품표준서_EVCO1196_(AOSP004)-샤샤 알로에 베라 앤 프로폴리스 샴푸.xls,,,무색 투명 점액상,,AOSP004,샤샤 알로에베라 앤 프로폴리스 샴푸,1500 ml,1515 g,무색 투명,
EVCO-1197,제품표준서_EVCO1197_(PDIR011)-페디슨 락토 플로라 릴리프 페미닌 클렌저.xls,,,무색 투명 액상,,PDIR011,페디슨 락토 플로라 릴리프 페미닌 클렌저,200 g,200 g,무색 투명,
EVCO-1197,제품표준서_EVCO1197_(PDIR011)-페디슨 락토 플로라 릴리프 페미닌 클렌저.xls,,,무색 투명 액상,,PDIR012,페디슨 락토 플로라 릴리프 페미닌 클렌저,200 g,200 g,무색 투명,
EVCO-1197,제품표준서_EVCO1197_(PDIR012)-페디슨 락토 그린 리프레쉬 페미닌 클렌저.xls,,,무색 투명 액상,,PDIR011,페디슨 락토 플로라 릴리프 페미닌 클렌저,200 g,200 g,무색 투명,
EVCO-1197,제품표준서_EVCO1197_(PDIR012)-페디슨 락토 그린 리프레쉬 페미닌 클렌저.xls,,,무색 투명 액상,,PDIR012,페디슨 락토 플로라 릴리프 페미닌 클렌저,200 g,200 g,무색 투명,
EVCO-1198,제품표준서_EVCO1198_(AORS004)-샤샤 알로에 베라 앤 프로폴리스 컨디셔너.xls,,,백색 로션상,,AORS004,샤샤 알로에베라 앤 프로폴리스 컨디셔너,1500 ml,1450 g,백색,
EVCO-1199,제품표준서_EVCO1199_(JOPW001)-제이온 마차 엔자임 파우더 워시.xls,,,연한 녹색 파우더,,JOPW001,제이온 마차 엔자임 파우더 워시,1 g * 20ea,1 g,연한 녹색,
EVCO-1200,제품표준서_EVCO1200_(FJOF001)-프레쥬 레틴 콜라겐 3D 코어 오일 투 폼 클렌져.xls,,,백색 불투명 점액상,,FJOF001,프레쥬 레틴 콜라겐 3D 코어 오일 투 폼 클렌저,210 g,210 g,백색,
EVCO-1201,제품표준서_EVCO1201_(JOEC001)-제이온 버드 네스트 리바이브 아이크림[기능성].xls,,,백색 크림,,JOEC001,제이온 버드 네스트 리바이브 아이크림,15 ml,15 g,백색,
EVCO-1202,제품표준서_EVCO1202_(FJMK003)-프레쥬 프로 모이스처 밀크 토닝 클레이 마스크.xls,,,알갱이가 있는 백색 크림,,FJMK003,프레쥬 프로 모이스처 밀크 토닝 클레이 마스크,75 g,82 g,백색,
EVCO-1203,제품표준서_EVCO1203_(FJMK004)-프레쥬 유주 허니 안티 멜라 캡슐 마스크[기능성].xls,,,노란캡슐이 있는 무색 투명 겔,,FJMK004,프레쥬 유주 허니 안티 멜라 캡슐 마스크,75 ml,78 g,투명,
EVCO-1204,제품표준서_EVCO1204_(FJMK005)-프레쥬 어성초 포어 멜팅 겔 마스크   .xls,,,알갱이가 있는 옅은 갈색 겔,,FJMK005,프레쥬 어성초 포어 멜팅 겔 마스크,75 ml,77 g,옅은 갈색,
EVCO-1205,제품표준서_EVCO1205_(FJMK006)-프레쥬 레틴 콜라겐 3D 코어 래디언스 마스크[기능성].xls,,,백색 크림상,,FJMK006,프레쥬 레틴 콜라겐 3D 코어 래디언스 마스크,75 ml,74 g,백색,
EVCO-1206,제품표준서_EVCO1206_(FJMK007)-프레쥬 바이옴 5-락토 리텍스쳐라이징 로지 마스크.xls,,,어두운 분홍색 크림상,,FJMK007,프레쥬 바이옴 5-락토 리텍스쳐라이징 로지 마스크,75 g,82 g,어두운분홍색,
EVCO-1207,제품표준서_EVCO1207_(BTBC007)-바스파 바쓰 솔트 스크럽 바디 워시 코지허그.xls,,,알갱이가 있는 황색 점액상,,BTBC007,바스파 바쓰 솔트 스크럽 바디워시 코지허그,1000 ml,980g,황색,
EVCO-1208,제품표준서_EVCO1208_(FJCP001)-프레쥬 오리지날 자연약쑥 효소 클렌징 팩.xls,,,연한 녹색 파우더,,FJCP001,프레쥬 오리지날 자연약쑥 효소 클렌징 팩,80 g,80 g,연한 녹색,
EVCO-1209,제품표준서_EVCO1209_(FJMT002)-프레쥬 프로 모이스처 크림 미스트.xls,,,백색 크림과 백색 액상의 이층분리타입,,FJMT002,프레쥬 프로 모이스처 크림 미스트,120ml,120g,유백색,
EVCO-1210,제품표준서_EVCO1210_(FJPW001)-프레쥬 레틴 콜라겐 3D 코어 파우더 워시.xls,,,백색 파우더,,FJPW001,프레쥬 레틴 콜라겐 3D 코어 파우더 워시,1 g * 30ea,1 g,백색,
EVCO-1211,"제품표준서_EVCO1211_(KBHC011-013)-키스바이 로즈마인 프래그런스 핸드크림 대즐링,멜로우,캔디블룸.xls",,,백색 크림상,,KBHC011,키스바이 로즈마인 프래그런스 핸드크림-글래머 대즐링,30 ml,30 g,백색,
EVCO-1211,"제품표준서_EVCO1211_(KBHC011-013)-키스바이 로즈마인 프래그런스 핸드크림 대즐링,멜로우,캔디블룸.xls",,,백색 크림상,,KBHC012,키스바이 로즈마인 프래그런스 핸드크림-글래머 대즐링,30 ml,30 g,백색,
EVCO-1211,"제품표준서_EVCO1211_(KBHC011-013)-키스바이 로즈마인 프래그런스 핸드크림 대즐링,멜로우,캔디블룸.xls",,,백색 크림상,,KBHC013,키스바이 로즈마인 프래그런스 핸드크림-글래머 대즐링,30 ml,30 g,백색,
EVCO-1212,제품표준서_EVCO1212_(MLBL010)-미미로린스 모먼트 릴렉스 바디로션 그린 블리스.xls,,,백색 로션상,,MLBL010,미미로린스 모먼트 릴렉스 바디로션 그린 블리스,500 ml,490 g,백색,
EVCO-1213,제품표준서_EVCO1213_(MLBC016)-미미로린스 모먼트 릴렉스 바디워시 그린 블리스.xls,,,무색 투명 점액상,,MLBC016,미미로린스 모먼트 릴렉스 바디워시 그린 블리스,500 ml,505 g,무색 투명,
EVCO-1214,제품표준서_EVCO1214_(MLSP005)-미미로린스 모먼트 릴렉스 헤어 샴푸 그린 블리스.xls,,,무색 투명 점액상,,MLSP005,미미로린스 모먼트 릴렉스 헤어 샴푸 그린 블리스,500 ml,505 g,무색 투명,
EVCO-1215,제품표준서_EVCO1215_(MLRS005)-미미로린스 모먼트 릴렉스 헤어 컨디셔너 그린 블리스.xls,,,백색 로션상,,MLRS005,미미로린스 모먼트 릴렉스 헤어 컨디셔너 그린 블리스,500 ml,480 g,백색,
EVCO-1216,제품표준서_EVCO1216_(ILWS008)-이즈리프 인티메이트 워시 포 맨 인피니티.xls,,,무색 투명 액상,,ILWS008,이즈리프 인티메이트 워시 포 맨 인피니티,200 ml,202 g,무색,
EVCO-1217,제품표준서_EVCO1217_(CCHP001)-세라클리닉 더마이드 4.0 헤어팩 프로테인 퀀치.xls,,,연한 보라색 크림,,CCHP001,세라클리닉 더마이드 4.0 헤어팩 프로테인 퀀치,250 ml,250 g,연한 보라색,
EVCO-1217,제품표준서_EVCO1217_(CCHP001)-세라클리닉 더마이드 4.0 헤어팩 프로테인 퀀치.xls,,,연한 보라색 크림,,CCHPB01,세라클리닉 더마이드 4.0 헤어팩 프로테인 퀀치,250 ml,250 g,연한 보라색,
EVCO-1218,제품표준서_EVCO1218_(FJLO001)-프레쥬 레틴 콜라겐 3D 코어 립 오일.xls,,,보라색 투명 오일,,FJLO001,프레쥬 레틴 콜라겐 3D 코어 립 오일,3.2 ml,3 g,보라색,
EVCO-1219,제품표준서_EVCO1219_(BTB003)-바스파 아로마틱 플로우 바디 트리트먼트 오일_넥타.xls,,,미황색 투명 오일,,BTBO003,바스파 아로마틱 플로우 바디 트리트먼트 오일 머스크 앰비언스,300 ml,250 g,미황색,
EVCO-1219,제품표준서_EVCO1219_(BTB003)-바스파 아로마틱 플로우 바디 트리트먼트 오일_넥타.xls,,,미황색 투명 오일,,BTBO001,바스파 아로마틱 플로우 바디 트리트먼트 오일 머스크 앰비언스,300 ml,250 g,미황색,
EVCO-1219,제품표준서_EVCO1219_(BTB003)-바스파 아로마틱 플로우 바디 트리트먼트 오일_넥타.xls,,,미황색 투명 오일,,BTBO002,바스파 아로마틱 플로우 바디 트리트먼트 오일 머스크 앰비언스,300 ml,250 g,미황색,
EVCO-1219,제품표준서_EVCO1219_(BTBO001)-바스파 아로마틱 플로우 바디 트리트먼트 오일_머스크.xls,,,미황색 투명 오일,,BTBO003,바스파 아로마틱 플로우 바디 트리트먼트 오일 머스크 앰비언스,300 ml,250 g,미황색,
EVCO-1219,제품표준서_EVCO1219_(BTBO001)-바스파 아로마틱 플로우 바디 트리트먼트 오일_머스크.xls,,,미황색 투명 오일,,BTBO001,바스파 아로마틱 플로우 바디 트리트먼트 오일 머스크 앰비언스,300 ml,250 g,미황색,
EVCO-1219,제품표준서_EVCO1219_(BTBO001)-바스파 아로마틱 플로우 바디 트리트먼트 오일_머스크.xls,,,미황색 투명 오일,,BTBO002,바스파 아로마틱 플로우 바디 트리트먼트 오일 머스크 앰비언스,300 ml,250 g,미황색,
EVCO-1219,제품표준서_EVCO1219_(BTBO002)-바스파 아로마틱 플로우 바디 트리트먼트 오일_로즈레베리.xls,,,미황색 투명 오일,,BTBO003,바스파 아로마틱 플로우 바디 트리트먼트 오일 머스크 앰비언스,300 ml,250 g,미황색,
EVCO-1219,제품표준서_EVCO1219_(BTBO002)-바스파 아로마틱 플로우 바디 트리트먼트 오일_로즈레베리.xls,,,미황색 투명 오일,,BTBO001,바스파 아로마틱 플로우 바디 트리트먼트 오일 머스크 앰비언스,300 ml,250 g,미황색,
EVCO-1219,제품표준서_EVCO1219_(BTBO002)-바스파 아로마틱 플로우 바디 트리트먼트 오일_로즈레베리.xls,,,미황색 투명 오일,,BTBO002,바스파 아로마틱 플로우 바디 트리트먼트 오일 머스크 앰비언스,300 ml,250 g,미황색,
EVCO-1220,제품표준서_EVCO1220_(CCAB001)-세라클리닉 더마이드 4.0 앰플 밤 프로테인 퀀치.xls,,,백색 점액상,,CCAB001,세라클리닉 더마이드 4.0 앰플 밤 프로테인 퀀치,150 ml,160 g,백색,
EVCO-1221,제품표준서_EVCO1221_(FJBB001)-프레쥬 레틴 콜라겐 3D 코어 블레미쉬 밤 SPF 30 PA+++.xls,,,베이지색 크림,,FJBB001,프레쥬 레틴 콜라겐 3D 코어 블레미쉬 밤,50 g,50 g,베이지색,
EVCO-1221,제품표준서_EVCO1221_(FJBB001)-프레쥬 레틴 콜라겐 3D 코어 블레미쉬 밤 SPF 30 PA+++.xls,,,베이지색 크림,,FJBBP01,프레쥬 레틴 콜라겐 3D 코어 블레미쉬 밤,50 g,50 g,베이지색,
EVCO-1222,제품표준서_EVCO1222_(ILMT005)-이즈리프 인티메이트 미스트 포 맨 인피니티.xls,,,무색 투명 액상,,ILMT005,이즈리프 인티메이트 미스트 포 맨 인피니티,60 ml,60 g,무색,
EVCO-1223,제품표준서_EVCO1223_(CCAO001)-세라클리닉 더마이드 4.0 앰플 오일 프로테인 퀀치.xls,,,황색 오일,,CCAO001,세라클리닉 더마이드 4.0 앰플 오일 프로테인 퀀치,95 ml,90 g,황색,
EVCO-1224,제품표준서_EVCO1224_(FJCR008)-프레쥬 알케믹 진세노사이드 인텐스 퍼밍 크림_재활용고민중[기능성].xls,,,베이지색 크림,,FJCR008,프레쥬 알케믹 진세노사이드 인텐스 퍼밍 크림,50 ml,50 g,베이지색,
EVCO-1224,제품표준서_EVCO1224_(FJCR008)-프레쥬 알케믹 진세노사이드 인텐스 퍼밍 크림_재활용고민중[기능성].xls,,,베이지색 크림,,FJCRM08,프레쥬 알케믹 진세노사이드 인텐스 퍼밍 크림,50 ml,50 g,베이지색,
EVCO-1225,제품표준서_EVCO1225_(FJES001)-프레쥬 알케믹 진세노사이드 컨투어 아이 세럼[기능성].xls,,,밝은 갈색 로션상,,FJES001,프레쥬 알케믹 진세노사이드 컨투어 아이 세럼,25 ml,25 g,밝은갈색,
EVCO-1226,제품표준서_EVCO1226_(FJSL008)-프레쥬 알케믹 진세노사이드 허벌 알엑스 토너.xls,,,밝은 갈색 투명 액상,,FJSL008,프레쥬 알케믹 진세노사이드 허벌 알엑스 토너,250 ml,253 g,밝은 갈색,
EVCO-1226,제품표준서_EVCO1226_(FJSL008)-프레쥬 알케믹 진세노사이드 허벌 알엑스 토너.xls,,,밝은 갈색 투명 액상,,FJSLM08,프레쥬 알케믹 진세노사이드 허벌 알엑스 토너,250 ml,253 g,밝은 갈색,
EVCO-1227,제품표준서_EVCO1227_(FJWE001)-프레쥬 알케믹 진세노사이드 워터리 에센스.xls,,,짙은 갈색 점액상,,FJWE001,프레쥬 알케믹 진세노사이드 워터리 에센스,250 ml,250 g,짙은 갈색,
EVCO-1227,제품표준서_EVCO1227_(FJWE001)-프레쥬 알케믹 진세노사이드 워터리 에센스.xls,,,짙은 갈색 점액상,,FJWEM01,프레쥬 알케믹 진세노사이드 워터리 에센스,250 ml,250 g,짙은 갈색,
EVCO-1228,제품표준서_EVCO1228_(FJOF002)-프레쥬 알케믹 진세노사이드 오일 투 폼 클렌저.xls,,,갈색 점액상,,FJOF002,프레쥬 알케믹 진세노사이드 오일 투 폼 클렌저,210 g,210 g,갈색,
EVCO-1228,제품표준서_EVCO1228_(FJOF002)-프레쥬 알케믹 진세노사이드 오일 투 폼 클렌저.xls,,,갈색 점액상,,FJOFM02,프레쥬 알케믹 진세노사이드 오일 투 폼 클렌저,210 g,210 g,갈색,
EVCO-1229,제품표준서_EVCO1229_(BTBC008)-바스파 바쓰 솔트 스크럽 에이씨 바디워시 퓨어 리프 [기능성].xls,,,알갱이가 있는 녹색 점액상,,BTBC008,바스파 바쓰 솔트 스크럽 에이씨 바디워시 퓨어 리프,1000 ml,1010 g,녹색,
EVCO-1230,제품표준서_EVCO1230_(FJSC002)-프레쥬 어성초 에어리 핏 선크림[기능성].xls,,,백색 크림상,,FJSC002,프레쥬 어성초 에어리 핏 선크림,50 g,50 g,백색,
EVCO-1231,"제품표준서_EVCO1231_(BTDM002, BTDM003)-바스파 아로마 라운지 무드 퍼퓸 드레스 미스트 2종.xls",,,색 상 : 무색 투명 성 상 : 액상,,BTDM002,바스파 아로마 라운지 무드 퍼퓸 드레스 미스트 NO.2 오크 베르단트,300ml,297g,무색 투명,비중=0.987
EVCO-1231,"제품표준서_EVCO1231_(BTDM002, BTDM003)-바스파 아로마 라운지 무드 퍼퓸 드레스 미스트 2종.xls",,,색 상 : 무색 투명 성 상 : 액상,,BTDM003,바스파 아로마 라운지 무드 퍼퓸 드레스 미스트 NO.2 오크 베르단트,300ml,297g,무색 투명,비중=0.987
EVCO-1232,제품표준서_EVCO1232_(CCCC001)-세라클리닉 더마이드 4.0 컬링 크림 프로테인 퀀치.xls,,,백색 크림상,,CCCC001,세라클리닉 더마이드 4.0 컬링 크림 프로테인 퀀치,150 ml,150 g,백색,
EVCO-1233,제품표준서_EVCO1233_(FJCL001)-프레쥬 프로 모이스처 버블 클렌저.xls,,,무색 투명 액상,,FJCL001,프레쥬 프로 모이스처 버블 클렌저,200 g,204 g,무색 투명,
EVCO-1234,제품표준서_EVCO1234_(CCSP004)-세라클리닉 더마이드 4.0 앰플 샴푸 프로테인 퀀치.xls,,,보라색 투명 점액상,,CCSP004,세라클리닉 더마이드 4.0 앰플 샴푸 프로테인 퀀치,500ml,514g,보라색,
EVCO-1235,제품표준서_EVCO1235_(BTCR003)-바스파 바디 톤 업 크림 미네랄 케어 [기능성].xls,,,연보라색 크림,,BTCR003,바스파 바디 톤 업 크림 미네랄 케어,150 ml,155 g,연보라색,
EVCO-1236,제품표준서_EVCO1236_(FJCO002)-프레쥬 어성초 포어 멜팅 클렌징 오일.xls,,,연한 녹색 투명 오일,,FJCO002,프레쥬 어성초 포어 멜팅 클렌징 오일,210 ml,183g,연한 녹색,
EVCO-1237,제품표준서_EVCO1237_(CCATR01)-세라클리닉 더마이드 4.0 앰플 트리트먼트 프로테인 퀀치.xls,,,백색 액상,,CCATR01,세라클리닉 더마이드 4.0 앰플 트리트먼트 프로테인 퀀치,200 ml,202g,백색,
EVCO-1238,제품표준서_EVCO1238_(CCVF000)-세라클리닉 더마이드 4.0 볼륨 픽서 프로테인 퀀치.xls,,,무색 투명 액상,,CCVF000,세라클리닉 더마이드 4.0 볼륨 픽서 프로테인 퀀치,200 ml,163 g,무색 투명,
EVCO-1239,제품표준서_EVCO1239_(MLHD001~003)-미미로린스 모먼트 래디언스 핸드솝 3종.xls,,,"분홍색 점액상, 하늘색 점액상, 녹색 점액상",,"MLHD001
MLHD002
MLHD003",미미로린스 모먼트 래디언스 핸드솝 에테리얼 그레이스,300ml,308g,분홍색,
EVCO-1239,제품표준서_EVCO1239_(MLHD001~003)-미미로린스 모먼트 래디언스 핸드솝 3종.xls,,,"분홍색 점액상, 하늘색 점액상, 녹색 점액상",,MLHD001,미미로린스 모먼트 래디언스 핸드솝 에테리얼 그레이스,300ml,308g,분홍색,
EVCO-1239,제품표준서_EVCO1239_(MLHD001~003)-미미로린스 모먼트 래디언스 핸드솝 3종.xls,,,"분홍색 점액상, 하늘색 점액상, 녹색 점액상",,MLHD002,미미로린스 모먼트 래디언스 핸드솝 에테리얼 그레이스,300ml,308g,분홍색,
EVCO-1239,제품표준서_EVCO1239_(MLHD001~003)-미미로린스 모먼트 래디언스 핸드솝 3종.xls,,,"분홍색 점액상, 하늘색 점액상, 녹색 점액상",,MLHD003,미미로린스 모먼트 래디언스 핸드솝 에테리얼 그레이스,300ml,308g,분홍색,
EVCO-1240,제품표준서_EVCO1240_(AOSP003)-샤샤 아르간 오일 어성초 캡슐 스크럽 샴푸.xls,,,알갱이가 있는 녹색 점액상,,AOSP003,샤샤 아르간 오일 어성초 캡슐 스크럽 샴푸,1000ml,985 g,녹색,
EVCO-1241,제품표준서_EVCO1241_(FJCR009)-프레쥬 프로 모이스처 세라토 에어리 크림.xls,,,백색 크림,,FJCR009,프레쥬 프로 모이스처 세라토 에어리 크림,50 ml,49g,백색,
EVCO-1241,제품표준서_EVCO1241_(FJCR009)-프레쥬 프로 모이스처 세라토 에어리 크림.xls,,,백색 크림,,FJCRM09,프레쥬 프로 모이스처 세라토 에어리 크림,50 ml,49g,백색,
EVCO-1242,제품표준서_EVCO1242_(CCRT001)-세라클리닉 더마이드 4.0 안티헤어로스 루트 토닉 그린 클렌즈.xls,,,투명한 액상,,CCRT001,세라클리닉 더마이드 4.0 안티헤어로스 루트 토닉 그린 클렌즈,110 ml,110g,투명,
EVCO-1143,제품표준서_EVCO1243_(PDBC004)-페디슨 인스티튜트-보떼 자몽 핑크 밸런싱 바디워시.xls,,,분홍색 점액상,,FJLM002,페디슨 인스티튜트-보떼 자몽 핑크 밸런싱 바디워시,2000 ml,2020 g,분홍색,
EVCO-1143,제품표준서_EVCO1243_(PDBC004)-페디슨 인스티튜트-보떼 자몽 핑크 밸런싱 바디워시.xls,,,분홍색 점액상,,PDBC004,페디슨 인스티튜트-보떼 자몽 핑크 밸런싱 바디워시,2000 ml,2020 g,분홍색,
EVCO-1244,제품표준서_EVCO1244_(SNIR002)-수에노라 여성청결제.xls,,,황색 투명 점액상,,SNIR002,수에노라 여성청결제,300 ml,303 g,황색 투명,
EVCO-1245,제품표준서_EVCO1245_(FJAP003)-프레쥬 프로 모이스처 B-5 히알루 앰플 [기능성].xls,,,무색 투명 점액상,,FJAP003,프레쥬 프로 모이스처 B-5 히알루 앰플,50 ml,52 g,무색 투명,
EVCO-1246,제품표준서_EVCO1246_(FJAP004)-프레쥬 유주 허니 올리고 써지 앰플 [기능성].xls,,,적색 투명 액상,,FJAP004,프레쥬 유주 허니 올리고 써지 앰플,50 ml,52 g,적색 투명,
EVCO-1247,제품표준서_EVCO1247_(FJAP005)-프레쥬 어성초 블레미쉬 리뉴 앰플.xls,,,연한 녹색 투명 액상,,FJAP005,프레쥬 어성초 블레미쉬 리뉴 앰플,50 ml,52 g,연한 녹색 투명,
EVCO-1248,제품표준서_EVCO1248_(AOBL005)-샤샤 세라 데오 바디로션.xls,,,백색 로션상,,AOBL005,샤샤 세라 데오 바디로션,1000ml,1470 g,백색,
EVCO-1249,제품표준서_EVCO1249_(AOFC001)-샤샤 녹두 시카 클렌징 폼.xls,,,연한 녹색 크림상,,AOFC001,샤샤 녹두 시카 클렌징 폼,220 ml,215 g,연한 녹색,
EVCO-1250,제품표준서_EVCO1250_(KBBC001)-키스바이 로즈마인 스텔라리 바디워시-센슈얼리티.xls,,,분홍색의 펄 점액상,,KBBC001,키스바이 로즈마인 스텔라리 바디워시-센슈얼리티,300 ml,303 g,분홍색,
EVCO-1251,제품표준서_EVCO1251_(KBBC002)-키스바이 로즈마인 스텔라리 바디워시-호프.xls,,,하늘색의 펄 점액상,,KBBC002,키스바이 로즈마인 스텔라리 바디워시-호프,300 ml,303 g,하늘색,
EVCO-1252,제품표준서_EVCO1252_(KBBC003)-키스바이 로즈마인 스텔라리 바디워시-블리스.xls,,,연보라색의 펄 점액상,,KBBC003,키스바이 로즈마인 스텔라리 바디워시-블리스,300 ml,303 g,연보라색,
EVCO-1253,제품표준서_EVCO1253_(KBBC004)-키스바이 로즈마인 스텔라리 바디워시-스너그.xls,,,연한 황색의 펄 점액상,,KBBC004,키스바이 로즈마인 스텔라리 바디워시-스너그,300 ml,303 g,연한 황색,
EVCO-1254,"제품표준서_EVCO1254_(KSAM001,KSAMM01)-까마 옴므 아쿠아 바이오 모이스처라이저[기능성].xls",,,백색 로션상,,KSAM001,까마 옴므 아쿠아 바이오 모이스처라이저,150 ml,151 g,백색,
EVCO-1254,"제품표준서_EVCO1254_(KSAM001,KSAMM01)-까마 옴므 아쿠아 바이오 모이스처라이저[기능성].xls",,,백색 로션상,,KSAMM01,까마 옴므 아쿠아 바이오 모이스처라이저,150 ml,151 g,백색,
EVCO-1255,"제품표준서_EVCO1255_(KSAT001,KSATM01)-까마 옴므 아쿠아 바이오 토너[기능성].xls",,,무색 투명 액상,,KSAT001,까마 옴므 아쿠아 바이오 토너,150 ml,146 g,무색 투명,
EVCO-1255,"제품표준서_EVCO1255_(KSAT001,KSATM01)-까마 옴므 아쿠아 바이오 토너[기능성].xls",,,무색 투명 액상,,KSAMT01,까마 옴므 아쿠아 바이오 토너,150 ml,146 g,무색 투명,
EVCO-1255,"제품표준서_EVCO1255_(KSAT001,KSATM01)-까마 옴므 아쿠아 바이오 토너[기능성].xls",,,무색 투명 액상,,KSATM01,까마 옴므 아쿠아 바이오 토너,150 ml,146 g,무색 투명,
EVCO-1255,"제품표준서_EVCO1255_(KSAT001,KSATM01)-까마 옴므 아쿠아 바이오 토너[기능성].xls",,,무색 투명 액상,,KSXX2T1,까마 옴므 아쿠아 바이오 토너,150 ml,146 g,무색 투명,
EVCO-1256,"제품표준서_EVCO1256_(DBCO001,DBCOM01)-데일리바이 제라늄 딥 클렌징 오일.xls",,,황색 투명 오일,,DBCO001,데일리바이 제라늄 딥 클렌징 오일,200 ml,186 g,황색,
EVCO-1256,"제품표준서_EVCO1256_(DBCO001,DBCOM01)-데일리바이 제라늄 딥 클렌징 오일.xls",,,황색 투명 오일,,DBCOM01,데일리바이 제라늄 딥 클렌징 오일,200 ml,186 g,황색,
EVCO-1257,제품표준서_EVCO1257_(SBMPR02)-밀크샴바드 패밀리 바디클렌저 환시후로랄향(2호)_1000ml.xls,,,연주황색 불투명 펄 점액상,,SBMPR02,밀크샴바드 패밀리 바디클렌저 환시후로랄향(2호),1000 ml,1014 g,연 주황색,
EVCO-1258,제품표준서_EVCO1258_(SBMPR03)-밀크샴바드 패밀리 바디클렌저 스파그린향(3호)_1000ml.xls,,,연녹색의 불투명 펄액상,,SBMPR03,밀크샴바드 패밀리 바디클렌저 스파그린향(3호),1000 ml,1014 g,연녹색,
EVCO-1259,제품표준서_EVCO1259_(SBMPR05)-밀크샴바드 패밀리 바디클렌저 플로리엔탈향(5호)_1000ml.xls,,,연보라색 불투명 펄점액상,,SBMPR05,밀크샴바드 패밀리 바디클렌저 플로리엔탈향(5호),1000 ml,1014 g,연보라색,
EVCO-1260,제품표준서_EVCO1260_(SBMPR07)-밀크샴바드 패밀리 바디클렌저 그린부케향(7호)_1000ml.xls,,,황색 불투명 펄점액상,,SBMPR07,밀크샴바드 패밀리 바디클렌저 그린부케향(7호),1000 ml,1014 g,황색,
EVCO-1261,제품표준서_EVCO1261_(RABL004)-로즈마인 아로마 리 고요 바디로션.xls,,,백색 로션상,,RABL004,로즈마인 아로마 리 고요 바디로션,300ml,300 g,백색,
EVCO-1262,제품표준서_EVCO1262_(RABC004)-로즈마인 아로마 리 고요 바디워시.xls,,,백색 펄 점액상,,RABC004,로즈마인 아로마 리 고요 바디워시,300 ml,306 g,백색 펄,
EVCO-1262,제품표준서_EVCO1262_(RABC004)-로즈마인 아로마 리 고요 바디워시.xls,,,백색 펄 점액상,,RABD2T1,로즈마인 아로마 리 고요 바디워시,300 ml,306 g,백색 펄,
EVCO-1263,제품표준서_EVCO1263_(FJCB002)-프레쥬 프로 모이스처 엔자임 클렌징 밤.xls,,,백색 왁스상,,FJCB002,프레쥬 프로 모이스처 엔자임 클렌징 밤,110 ml,98g,백색,
EVCO-1264,제품표준서_EVCO1264_(HCBC001)-호텔 크레센도 너리싱 바디워시.xls,,,황색 투명 점액상,,HCBC001,호텔 크레센도 너리싱 바디워시,500 ml,510g,황색,
EVCO-1265,제품표준서_EVCO1265_(HCBL001)-호텔 크레센도 너리싱 바디로션.xls,,,연한 황색 로션상,,HCBL001,호텔 크레센도 너리싱 바디로션,500 ml,490g,연한 황색,
EVCO-1266,제품표준서_EVCO1266_(HCSP001)-호텔 크레센도 너리싱 샴푸.xls,,,황색 펄 점액상,,HCSP001,호텔 크레센도 너리싱 샴푸,500 ml,506 g,황색,
EVCO-1267,제품표준서_EVCO1267_(HCRS001)-호텔 크레센도 너리싱 컨디셔너.xls,,,백색 로션상,,HCRS001,호텔 크레센도 너리싱 컨디셔너,500 ml,495g,백색,
EVCO-1268,제품표준서_EVCO1268_(HCHW001)-호텔 크레센도 젠틀 핸드워시.xls,,,황색 투명 점액상,,HCHW001,호텔 크레센도 젠틀 핸드워시,500 ml,510g,황색,
EVCO-1269,제품표준서_EVCO1269_(FJMK008)-프레쥬 알케믹 진세노사이드 엑소-랩 마스크.xls,,,흑색점이 있는 갈색 점액상,,FJMK008,프레쥬 알케믹 진세노사이드 엑소-랩 마스크,80 g,80 g,갈색,
EVCO-1270,제품표준서_EVCO1270_(AOBC005)-샤샤 아르간 오일 진저 쿨링 케어 바디워시.xls,,,연한 녹색 투명 점액상,,AOBC005,샤샤 아르간 오일 진저 쿨링 케어 바디워시,1000 ml,1026 g,연한 녹색,
EVCO-721,제품표준서_EVCO721_(FJFC002)-프레쥬 오리지날 허브 자연약쑥 클렌징폼.xls,,,진한 녹색의 크림상,,FJFC002,프레쥬 오리지날 허브 자연약쑥 클렌징폼,150 ml,145.0,진한 녹색,
EVCO-721,제품표준서_EVCO721_(FJFC002)-프레쥬 오리지날 허브 자연약쑥 클렌징폼.xls,,,진한 녹색의 크림상,,FJFCPN2,프레쥬 오리지날 허브 자연약쑥 클렌징폼,150 ml,145.0,진한 녹색,
EVCO-726,제품표준서_EVCO726_(AOWS000)-샤샤 아르간 오일 슈퍼 하드 워터 스프레이.xls,,,,,AOWS000,,,,,
EVCO-836,"제품표준서_EVCO836_(MLDM021,MLDMA01,05,08)-미미로린스 드레스 퍼퓸 미스트 딥 퍼퓸 레이블 블리스드 외3종.xls",,,색 상 : 무색 성 상 : 투명 액상,,MLDM021,미미로린스 드레스 퍼퓸 미스트 딥퍼퓸 레이블- 네트와제,200ml,197g,무색,비중=0.984
EVCO-836,"제품표준서_EVCO836_(MLDM021,MLDMA01,05,08)-미미로린스 드레스 퍼퓸 미스트 딥 퍼퓸 레이블 블리스드 외3종.xls",,,색 상 : 무색 성 상 : 투명 액상,,MLDMA01,미미로린스 드레스 퍼퓸 미스트 딥퍼퓸 레이블- 네트와제,200ml,197g,무색,비중=0.984
EVCO-836,"제품표준서_EVCO836_(MLDM021,MLDMA01,05,08)-미미로린스 드레스 퍼퓸 미스트 딥 퍼퓸 레이블 블리스드 외3종.xls",,,색 상 : 무색 성 상 : 투명 액상,,MLDMA05,미미로린스 드레스 퍼퓸 미스트 딥퍼퓸 레이블- 네트와제,200ml,197g,무색,비중=0.984
EVCO-836,"제품표준서_EVCO836_(MLDM021,MLDMA01,05,08)-미미로린스 드레스 퍼퓸 미스트 딥 퍼퓸 레이블 블리스드 외3종.xls",,,색 상 : 무색 성 상 : 투명 액상,,MLDMA08,미미로린스 드레스 퍼퓸 미스트 딥퍼퓸 레이블- 네트와제,200ml,197g,무색,비중=0.984
EVCO-836,"제품표준서_EVCO836_(MLDM021,MLDMA01,05,08)-미미로린스 드레스 퍼퓸 미스트 딥 퍼퓸 레이블 블리스드 외3종.xls",,,색 상 : 무색 성 상 : 투명 액상,,PDSL001,미미로린스 드레스 퍼퓸 미스트 딥퍼퓸 레이블- 네트와제,200ml,197g,무색,비중=0.984
EVCO-836,"제품표준서_EVCO836_(MLDM021,MLDMA01,05,08)-미미로린스 드레스 퍼퓸 미스트 딥 퍼퓸 레이블 블리스드 외3종.xls",,,색 상 : 무색 성 상 : 투명 액상,,MLDMA21,미미로린스 드레스 퍼퓸 미스트 딥퍼퓸 레이블- 네트와제,200ml,197g,무색,비중=0.984
EVCO-924,제품표준서_EVCO924_(VMSP006)-밸르모나 진생 헤리티지 고삼 샴푸액.xls,,,갈색 불투명 점액상,,VMSP006,밸르모나 진생 헤리티지 고삼 샴푸액,6g,,갈색,
EVCO-924,제품표준서_EVCO924_(VMSP006)-밸르모나 진생 헤리티지 고삼 샴푸액.xls,,,갈색 불투명 점액상,,VMSPP06,밸르모나 진생 헤리티지 고삼 샴푸액,6g,,갈색,
EVCO-995,제품표준서_EVCO995_(PTMT001)-판테스틱 더마 시카 에이씨 컨트롤 미스트.xls,,,백색 파우더를 포함한 액상,,PTMT001,판테스틱 더마 시카 에이씨 컨트롤 미스트,260 mL,,,비중=1.004
EVCO-996,제품표준서_EVCO996_(PTAP001)-판테스틱 더마 시카 에이씨 수딩 앰플.xls,,,무색 투명 점액상,,PTAP001,판테스틱 더마 시카 에이씨 수딩 앰플,250 mL,,,비중=1.005
EVCO-997,제품표준서_EVCO997_(FJCR002)-프레쥬 오리지날 자연약쑥 진정 수분크림.xls,,,백색의 크림상,,FJCR002,프레쥬 오리지날 자연약쑥 진정 수분크림,100 mL / 10ml,100g,백색,비중=0.994
EVCO-997,제품표준서_EVCO997_(FJCR002)-프레쥬 오리지날 자연약쑥 진정 수분크림.xls,,,백색의 크림상,,FJCRM02,프레쥬 오리지날 자연약쑥 진정 수분크림,100 mL / 10ml,100g,백색,비중=0.994
EVCO-997,제품표준서_EVCO997_(FJCR002)-프레쥬 오리지날 자연약쑥 진정 수분크림.xls,,,백색의 크림상,,FJCRT02,프레쥬 오리지날 자연약쑥 진정 수분크림,100 mL / 10ml,100g,백색,비중=0.994
EVCO-998,제품표준서_EVCO998_(AOHA001)-샤샤 아르간 오일 단백질 헤어 앰플.xls,,,백색의 크림상,,AOHA001,샤샤 아르간 오일 단백질 헤어 앰플,"15 mL, 150 mL",15g/150g,유백색,비중=0.982
EVCO-998,제품표준서_EVCO998_(AOHA001)-샤샤 아르간 오일 단백질 헤어 앰플.xls,,,백색의 크림상,,AOHAM01,샤샤 아르간 오일 단백질 헤어 앰플,"15 mL, 150 mL",15g/150g,유백색,비중=0.982
EVCO-998,제품표준서_EVCO998_(AOHA001)-샤샤 아르간 오일 단백질 헤어 앰플.xls,,,백색의 크림상,,AOHA5T1,샤샤 아르간 오일 단백질 헤어 앰플,"15 mL, 150 mL",15g/150g,유백색,비중=0.982
EVCO-999,제품표준서_EVCO999_(JOLS001)-제이온 립 필 업 세럼.xls,,,반투명 점액상,,JOLS001,제이온 립 필 업 세럼,10 mL,9g,반투명,비중=0.902
