filename,product_code,product_name,batch_number,batch_unit,dept_name,actual_qty,mfg_date,operator,approver_1,approver_2,approver_3,notes_content,total_time,special_notes,step_count
ADML_케어미 어르신전용 고보습바디로션.xlsx,ADML000,케어미 어르신 전용 고보습 바디로션,,Kg,,Kg,,,"결

재",담 당,부서장,*원료투입시 100메쉬 여과 거칠 것,총소요시간,,10
AJBC_케어미 어르신전용데오바디워시.xlsx,AJBC002,케어미 어르신전용 데오 바디워시,,Kg,,Kg,,,"결

재",담 당,부서장,,,,5
AJSP_케어미 어르신전용아르간단백질샴푸&린스.xlsx,AJSP002,케어미 어르신전용 아르간 단백질 샴푸&린스,,Kg,,Kg,,,"결

재",담 당,부서장,,,,2
ANBC_애스톤네이처 프로방스상떼바디클렌저.xlsx,ANBC_____,,,Kg,,Kg,,,"결

재",담 당,부서장,,,,5
ANBL_애스톤네이처 프로방스상떼바디로션.xlsx,ANBL_____,,,Kg,,Kg,,,"결

재",담 당,부서장,*원료투입시 100메쉬 여과 거칠 것,총소요시간,,10
ANHP001_애스톤네이처 바오밥퍼퓸헤어팩.xlsx,ANHP001,애스톤네이처 바오밥 퍼퓸 헤어팩,,Kg,,Kg,,,"결

재",담 당,부서장,,,,9
ANSP001_애스톤네이처 바오밥퍼퓸헤어샴푸.xlsx,ANSP001,애스톤네이처 바오밥 퍼퓸 헤어샴푸,,Kg,,Kg,,,"결

재",담 당,부서장,,,,2
AOBC005_샤샤 아르간오일 진저 쿨링 케어 바디워시 공정.xlsx,AOBC005,샤샤 아르간 오일 진저 쿨링 케어 바디워시,,Kg,,Kg,,,"결

재",담 당,부서장,투명점성액상,,,8
AOBC_샤샤 바디워시.xlsx,AOBC004,샤샤 알로에베라 바디워시,,Kg,,Kg,,,"결

재",담 당,부서장,,,,5
AOBL_샤샤 바디로션.xlsx,AOBL_______,,,Kg,,Kg,,,"결

재",담 당,부서장,*메인탱크에 투입시 100메쉬 여과 거칠 것,총소요시간,,10
AOFC_샤샤 클렌징폼 공정.xlsx,AOFC______,,,Kg,,Kg,,,"결

재",담 당,부서장,*일정 점/경도가 생성되기 전까지 냉각 교반할 것.,,,8
AOHA001_샤샤 아르간오일단백질헤어앰플.xlsx,AOHA001,샤샤 아르간오일 단백질 헤어 앰플,,Kg,,Kg,,,"결

재",담 당,부서장,"* 부상전 품질관리팀에 확인 거칠 것 (점도확인)

",,,7
AOHE_샤샤 아르간오일웨이브볼륨에센스.xlsx,AOHE001,샤샤 아르간오일 웨이브 볼륨 에센스,,Kg,,Kg,,,"결

재",담 당,부서장,,,,8
AOHSR_샤샤 아르간오일헤어세럼.xlsx,"AOHSR00
(BAOHS000)",샤샤 아르간 오일 헤어 세럼,,Kg,,Kg,,,"결

재",담 당,부서장,,,,5
AORS_샤샤 아르간오일컨디셔너.xlsx,AORS001,샤샤 아르간 오일 LPP 헤어팩,,Kg,,Kg,,,"결

재",담 당,부서장,,,,9
AOSP_샤샤 아르간오일샴푸.xlsx,AOSP003,샤샤 아르간오일 어성초 캡슐 스크럽 샴푸,,Kg,,Kg,,,"결

재",담 당,부서장,"  
    - 3일 이상 숙성하여 자연탈포할 것.
",,,9
AOWS_샤샤 아르간오일슈퍼하드워터스프레이.xlsx,AOWS000,,,Kg,,Kg,,,"결

재",담 당,부서장,,,,6
ARFC_에바스 아로마폼클렌져.xlsx,ARFC______,,,Kg,,Kg,,,"결

재",담 당,부서장,*일정 점/경도가 생성되기 전까지 교반을 종료하지 말 것,,,8
BBHC_바바리라 퍼퓸드핸드크림.xlsx,BBHC_____,,,Kg,,Kg,,,"결

재",담 당,부서장,*메인탱크에 투입시 100메쉬 여과 거칠 것,총소요시간,,10
BDFC001_보르도 민트쿨링풋케어크림.xlsx,BDFC001,보르도 민트 쿨링 풋 케어 크림,,Kg,,Kg,,,"결

재",담 당,부서장,*메인탱크에 투입시 100메쉬 여과 거칠 것,총소요시간,,9
BDFD001_보르도 민트풋데오드란트.xlsx,BDFD001,보르도 민트 쿨링 풋 데오드란트,,Kg,,Kg,,,"결

재",담 당,부서장,,,,6
BDFS001_보르도 민트쿨링풋스프레이.xlsx,BDFS001,보르도 민트 쿨링 풋 스프레이,,Kg,,Kg,,,"결

재",담 당,부서장,,,,2
BDFS002_보르도 드래곤풋필링스프레이.xlsx,BDFS002,보르도 드래곤 풋 필링 스프레이,,Kg,,Kg,,,"결

재",담 당,부서장,,,,8
BDFS003_보르도 드래곤풋샴푸 제조공정.xlsx,BDFS003,보르도 드래곤 풋 샴푸,,Kg,,Kg,,,"결

재",담 당,부서장,,,,7
BPBB_바이마레 컴포팅버블배쓰.xlsx,BPBB______,바이마레 컴포팅 버블배쓰,,Kg,,Kg,,,"결

재",담 당,부서장,,,,4
BPBC-바이마레 라파숑드벨르플뢰르바디워시.xlsx,BPBC______,,,Kg,,Kg,,,"결

재",담 당,부서장,,,,5
BPBL_바이마레 라파숑드벨르플뢰르바디로션.xlsx,BPBL_____,,,Kg,,Kg,,,"결

재",담 당,부서장,*원료투입시 100메쉬 여과 거칠 것,총소요시간,,10
BPDF_바이마레 블랑쉬퍼퓸디퓨져.xlsx,BPDF_______,,,Kg,,Kg,,,"결

재",담 당,부서장,,,,2
BPHC_바이마레 라파숑드벨르플뢰르핸드크림.xlsx,BPHC______,,,Kg,,Kg,,,"결

재",담 당,부서장,*메인탱크에 투입시 100메쉬 여과 거칠 것,총소요시간,,10
BPMT001_바이마레 프리미엄바디미스트.xlsx,BPMT001,바이마레 프리미엄 퍼퓸드 바디미스트,,Kg,,Kg,,,"결

재",담 당,부서장,,,,6
BPMT002~_바이마레 컴포지션퍼퓸미스트.xlsx,BPMT______,바이마레 컴포지션 퍼퓸 미스트,,Kg,,Kg,,,"결

재",담 당,부서장,,,,2
BRSCN10_에바스 블루로즈마인샤워코롱.xlsx,BRSCN10,,,Kg,,Kg,,,"결

재",담 당,부서장,,,,2
BTBC004~10_바스파 바쓰솔트스크럽 바디워시 공정.xlsx,BTBC_____,바스파 바쓰 솔트 스크럽 바디워시,,Kg,,Kg,,,"결

재",담 당,부서장,,,,9
BTBC_바스파 바디워시.xlsx,BTBC002,바스파 아로마 라운지 베르가못 바디워시,,Kg,,Kg,,,"결

재",담 당,부서장,,,,5
BTBL_바스파 바디로션.xlsx,BTBL_____,,,Kg,,Kg,,,"결

재",담 당,부서장,*메인탱크에 투입시 100메쉬 여과 거칠 것,총소요시간,,10
BTBO_바스파 아오마틱 바디트리트먼트 오일 공정.xlsx,BTBO________,바스파 아로마틱 플로우 바디 트리트먼트 오일,,Kg,,Kg,,,"결

재",담 당,부서장,,,,6
BTCR003_바스파 바디톤업크림 공정.xlsx,BTCR003,바스파 바디 톤 업 크림 미네랄 케어,,Kg,,Kg,,,"결

재",담 당,부서장,"*원료투입시 100메쉬 여과 거칠 것
*TiO2+색소 분산상태 확인후 진행할 것.",총소요시간,,10
BTCR_바스파 텐션케어크림.xlsx,BTCR001,바스파 텐션케어 쿨 크림,,Kg,,Kg,,,"결

재",담 당,부서장,*제조량은 제조탱크의 50-80% 사이가 되게 할 것.,,,9
BTDM_바스파 아로마라운지무드퍼퓸드레스미스트.xlsx,BTDM_____,바스파 아로마 라운지 무드 퍼퓸 드레스 미스트,,Kg,,Kg,,,"결

재",담 당,부서장,,,,2
BTHC_바스파 플랜트퓨어로즈힙핸드크림.xlsx,BTHC001,바스파 플랜트 퓨어 로즈힙 핸드크림,,Kg,,Kg,,,"결

재",담 당,부서장,*메인탱크에 투입시 100메쉬 여과 거칠 것,총소요시간,,10
BTHS_바스파 플랜트퓨어로즈힙핸드솝.xlsx,BTHS001,바스파 플랜트 퓨어 로즈힙 핸드솝,,Kg,,Kg,,,"결

재",담 당,부서장,,,,5
BTPF_바스파 피토스칼프퍼퓸.xlsx,BTPF_____,바스파 피토 스칼프 퍼퓸,,Kg,,Kg,,,"결

재",담 당,부서장,,,,5
BTSM001_바스파 피토스칼프오일컷미스트.xlsx,BTSM001,바스프 피토 스칼프 오일컷 미스트,,Kg,,Kg,,,"결

재",담 당,부서장,,,,2
BTSS_바스파 오스트레일리안 솔트 바디스크럽 공정.xlsx,BTSS_____,바스파 오스트레일리안 솔트 바디 스크럽,,Kg,,Kg,,,"결

재",담 당,부서장,,,,9
CCAB001_세라클리닉 더마이드 앰플밤 프로테인퀀치 공정.xlsx,CCAB001,세라클리닉 더마이드 4.0 앰플 밤 프로테인 퀀치,,Kg,,Kg,,,"결

재",담 당,부서장,*메인탱크에 투입시 100메쉬 여과 거칠 것,총소요시간,,9
CCAO001_세라클리닉 앰플 오일 프로테인 퀀치 공정.xlsx,CCAO001,세라클리닉 더마이드 4.0 앰플 오일 프로테인 퀀치,,Kg,,Kg,,,"결

재",담 당,부서장,,,,6
CCATR01_세라클리닉 더마이드4.0앰플트리트먼트 프로테인퀀치.xlsx,CCATR01,세라클리닉 더마이드 4.0 앰플 트리트먼트프로테인 퀀치,,Kg,,Kg,,,"결

재",담 당,부서장,"
*인식라벨에 ""충진전 교반봉으로 가볍게 교반후 충진할 것"" 이라고 표기해 줄 것.",,,6
CCBL001_세라클리닉 더마이드4.0 세라마이드바디로션(공정).xlsx,CCBL001,세라클리닉 더마이드 4.0 세라마이드 바디로션,,Kg,,Kg,,,"결

재",담 당,부서장,"*메인탱크에 투입시 100메쉬 여과 거칠 것
*원료 Sepinov EMT-10 뭉친부분 있으면, 철저히 분말화 한후 사용할 것.",총소요시간,,10
CCCC001_세라클리닉 더마이드 컬링 크림 프로테인퀀치 공정.xlsx,CCCC001,세라클리닉 더마이드 4.0 컬링 크림 프로테인 퀀치,,Kg,,Kg,,,"결

재",담 당,부서장,*메인탱크에 투입시 100메쉬 여과 거칠 것,총소요시간,,9
CCCR_세라크리닉 더마이드4.0인텐시브크림.xlsx,CCCR001,세라크리닉 더마이드4.0 인텐시브 크림,,Kg,,Kg,,,"결

재",담 당,부서장,,,*메인탱크에 투입시 100메쉬 여과 거칠 것,10
CCHP001_세라클리닉 더마이드 헤어팩 프로테인퀀치 공정.xlsx,CCHP001,세라클리닉 더마이드 4.0 헤어팩 프로테인 퀀치,,Kg,,Kg,,,"결

재",담 당,부서장,"*유상을 메인탱크에서 용해
*원료 BTAC80 때문에 타 제품들에 비해 용해 온도 높음
*숙성기간: 3일 이상",,,8
CCHW_세라클리닉 보태니컬핸드솝.xlsx,CCHW002,세라클리닉 보태니컬 핸드워시- 포레스트 워크,,Kg,,Kg,,,"결

재",담 당,부서장,,,,5
CCRS_세라클리닉 더마이드4.0보태니컬트리트먼트플루이드.xlsx,CCRS001,세라클리닉 더마이드 4.0 보태니컬 트리트먼트 플루이드,,Kg,,Kg,,,"결

재",담 당,부서장,,,,7
CCRW003_세라클리닉 로우 솔루션 판테놀 수용액 5%.xlsx,CCRW003,세라클리닉 로우 솔루션 판테놀 수용액 5%,,Kg,,Kg,,,"결

재",담 당,부서장,,,,3
CCSP_세라클리닉 더마이드보태니컬샴푸.xlsx,CCSP004,세라클리닉 더마이드 4.0 앰플 샴푸 프로테인 퀀치,,Kg,,Kg,,,"결

재",담 당,부서장,,,,6
CCVF_세라클리닉 더마이드 볼륨 픽서 공정.xlsx,CCVF000,세라클리닉 더마이드 4.0 볼륨 픽서 프로테인 퀀치,,Kg,,Kg,,,"결

재",담 당,부서장,,,,6
CHHC004_샤샤 아로마틱 시어버터 핸드크림.xlsx,CHHC004,샤샤 아로마틱 시어버터 핸드크림- 엠버바닐라,,Kg,,Kg,,,"결

재",담 당,부서장,*메인탱크에 투입시 100메쉬 여과 거칠 것,총소요시간,,10
CHHC_샤샤 밀크앤허니핸드크림.xlsx,CHHC______,샤샤 밀크 앤 허니 핸드크림,,Kg,,Kg,,,"결

재",담 당,부서장,*메인탱크에 투입시 100메쉬 여과 거칠 것,총소요시간,,10
CMHC_청정미인 아르간모이스처핸드크림(기능성).xlsx,CMHC______,청정미인 아르간 모이스처 핸드크림,,Kg,,Kg,,,"결

재",담 당,부서장,*메인탱크에 투입시 100메쉬 여과 거칠 것,총소요시간,,10
DBCO001_데일리바이 제라늄 딥 클렌징 오일 공정.xlsx,DBCO001,데일리바이 제라늄 딥 클렌징 오일,,Kg,,Kg,,,"결

재",담 당,부서장,"
 `- 제조전 제조설비의 물기를 완전히 제거할 것.",,,7
DBMT001_데일리바이 제라늄 모이스처 미스트 공정.xlsx,DBMT001,데일리바이 제라늄 모이스처 미스트,,Kg,,Kg,,,"결

재",담 당,부서장,,,,4
DPBB050_디마이너스원 플랜 인텐스컨투어밤.xlsx,DPBB050,디마이너스원 플랜 인텐스 컨투어밤,,Kg,,Kg,,,"결

재",담 당,부서장,,,,7
ECHC_에바리카 아프리칸쉐어버터핸드크림.xlsx,ECHC000,,,Kg,,Kg,,,"결

재",담 당,부서장,*메인탱크에 투입시 100메쉬 여과 거칠 것,총소요시간,,10
EHWS000_엘르베 슈퍼하드헤어워터스프레이.xlsx,EHWS000,,,Kg,,Kg,,,"결

재",담 당,부서장,,,,6
ELHS001_엘체 스무스레메디헤어오일세럼 공정.xlsx,ELHS001,엘체 스무스 레메디 헤어 오일 세럼,,Kg,,Kg,,,"결

재",담 당,부서장,,,,5
EVBLN01_에바스 모이스처로션바셀린로즈.xlsx,EVBLN01,,,Kg,,Kg,,,"결

재",담 당,부서장,*원료투입시 100메쉬 여과 거칠 것,총소요시간,,10
EVHNN01_에바스 핸드&네일로션바셀린로즈.xlsx,EVHNN01,,,Kg,,Kg,,,"결

재",담 당,부서장,*원료투입시 100메쉬 여과 거칠 것,총소요시간,,10
EVTSN01_에바스 매직실크샴푸&린스.xlsx,EVTSN01,,,Kg,,Kg,,,"결

재",담 당,부서장,,,,2
FJAP001_프레쥬 레틴콜라겐 3D 코어앰플 공정.xlsx,FJAP001,프레쥬 레틴 콜라겐 3D 코어 앰플,,Kg,,Kg,,,"결

재",담 당,부서장,,,,7
FJAP003_프레쥬 프로모이스처 B5히알루 앰플 공정.xlsx,FJAP003,프레쥬 프로모이스처 B5-히알루 앰플,,Kg,,Kg,,,"결

재",담 당,부서장,,,,7
FJAP004_프레쥬 유주허니 올리고 써지 앰플 공정.xlsx,FJAP004,프레쥬 유주허니 올리고 써지 앰플,,Kg,,Kg,,,"결

재",담 당,부서장," - 300 가마 사용금지                         - 성상: 적색투명 점성액상
 - 벌크통 물기 제거후 부상할 것.
 - 동절기엔 가마에 스팀 살짝 넣어 28-33℃ 정도에서 제조할 것",,,8
FJAP005_프레쥬 어성초 블레미쉬 리뉴 앰플 공정.xlsx,FJAP005,프레쥬 어성초 블레미쉬 리뉴 앰플,,Kg,,Kg,,,"결

재",담 당,부서장,"   - 성상: 옅은 초록색의 투명 점성액상

",,,9
FJAP007_프레쥬 바이옴 5-락토 트리트먼트앰플 공정.xlsx,FJAP007,프레쥬 바이옴 5-락토 트리트먼트 앰플,,Kg,,Kg,,,"결

재",담 당,부서장,,,,7
FJBB_프레쥬 레틴콜라겐 블레미쉬밤 공정.xlsx,FJBB____,프레쥬 레틴 콜라겐 3D 코어 블레미쉬 밤,,Kg,,Kg,,,"결

재",담 당,부서장," - 위 공정은 100kg 제조탱크 제조시 기준이며 적정 제조량은 55-85kg 임. 
 - 300가마 제조금지",,,2
FJBF001_프레쥬 오리지날인진쑥버블페이셜폼.xlsx,FJBF001,프레쥬 오리지날 인진쑥 버블 페이셜 폼,,Kg,,Kg,,,"결

재",담 당,부서장,,,,7
FJCB001_프레쥬 유주허니올클렌징밤.xlsx,FJCB001,프레쥬 유주허니 올 클렌징밤,,Kg,,Kg,,,"결

재",담 당,부서장,"
 `- 제조전 제조설비의 물기를 완전히 제거할 것.",,,6
FJCB002_프레쥬 프로모이스처 엔자임 클렌징 밤 공정.xlsx,FJCB002,프레쥬 프로모이스처 엔자임 클렌징 밤,,Kg,,Kg,,,"결

재",담 당,부서장,"
 `- 제조전 제조설비의 물기를 완전히 제거할 것.",,,6
FJCL001_프레쥬 프로모이스처 버블클렌저 공정.xlsx,FJCL001,프레쥬 프로 모이스처 버블 클렌저,,Kg,,Kg,,,"결

재",담 당,부서장,,,,7
FJCO_프레쥬 클렌징오일.xlsx,FJCO002,프레쥬 어성초 포어 멜팅 클렌징 오일,,Kg,,Kg,,,"결

재",담 당,부서장,"
 `- 제조전 제조설비의 물기를 완전히 제거할 것.",,,8
FJCP001_프레쥬 자연약쑥 효소 클렌징 팩 공정.xlsx,MAY-0007,1210,약쑥추출물,25000,에바스사급원료-2 complex-lq,,,,,,,,,,0
FJCR001_프레쥬 오리지날허브자연약쑥진정수분크림.xlsx,FJCR001,프레쥬 오리지날 허브 자연약쑥 진정 수분크림,,Kg,,Kg,,,"결

재",담 당,부서장,"*메인탱크에 투입시 100메쉬 여과 거칠 것
*원료 Sepinov EMT-10 뭉친부분 있으면, 철저히 분말화 한후 사용할 것.",총소요시간,*제조량은 제조탱크의 60-80% 사이가 되게 할 것.,9
FJCR002_프레쥬 오리지날자연약쑥진정수분크림.xlsx,FJCR002,프레쥬 오리지날 자연약쑥 진정 수분크림,,Kg,,Kg,,,"결

재",담 당,부서장,"*메인탱크에 투입시 100메쉬 여과 거칠 것
*투입순서 중요",총소요시간,*제조량은 제조탱크의 60-85% 사이가 되게 할 것. (최대 850kg),9
FJCR003_프레쥬 프로모이스처인텐시브크림.xlsx,FJCR003,프레쥬 프로 모이스처 인텐시브 크림,,Kg,,Kg,,,"결

재",담 당,부서장,*3일 이상 숙성후 충진할 것,,,8
FJCR004_프레쥬 유주허니인리치드크림.xlsx,FJCR004,프레쥬 유주 허니 인리치드 크림,,Kg,,Kg,,,"결

재",담 당,부서장,"*제조량은 제조탱크의 60-85% 사이가 되게 할 것. (최대 850kg)
*유화온도 엄수(메인탱크 유화전 스팀 넣을 것)",,,8
FJCR005_프레쥬 어성초블레미쉬수분크림.xlsx,FJCR005,프레쥬 어성초 블레미쉬 수분크림,,Kg,,Kg,,,"결

재",담 당,부서장,"*메인탱크에 투입시 100메쉬 여과 거칠 것
*투입순서 중요",총소요시간,*제조량은 제조탱크의 60-85% 사이가 되게 할 것. (최대 850kg),9
FJCR006_프레쥬 레틴콜라겐 크림(공정).xlsx,FJCR006,프레쥬 레틴 콜라겐 3D 코어 크림,,Kg,,Kg,,,"결

재",담 당,부서장,*메인탱크에 투입시 100메쉬 여과 거칠 것,총소요시간,"*제조량은 제조탱크의 60-85% 사이가 되게 할 것. (최대 850kg)
*유화온도 엄수(메인탱크 유화전 스팀 넣을 것)",9
FJCR007_프레쥬 바이옴 5-락토 모이스처라이저 공정.xlsx,FJCR007,프레쥬 바이옴 5-락토 밸런스 모이스처라이저,,Kg,,Kg,,,"결

재",담 당,부서장,*원료투입시 100메쉬 여과 거칠 것,총소요시간,,10
FJCR008_프레쥬 알케믹 진세노사이드 인텐스퍼밍 크림 공정.xlsx,FJCR008,프레쥬 알케믹 진세노사이드 인텐스 퍼밍 크림,,Kg,,Kg,,,"결

재",담 당,부서장,,,,8
FJCR009_프레쥬 프로모이스처 세라토 에어리 크림 공정.xlsx,FJCR009,프레쥬 프로 모이스처 세라토 에어리 크림,,Kg,,Kg,,,"결

재",담 당,부서장,"*제조량은 제조탱크의 60-85% 사이가 되게 할 것. (최대 850kg)
",,,8
FJCW001_프레쥬 오리지날허브자연약쑥클렌징워터.xlsx,FJCW001,프레쥬 오리지날 허브 자연약쑥 클렌징워터,,Kg,,Kg,,,"결

재",담 당,부서장,,,,6
FJEC001_프레쥬 유주허니 캡슐 아이크림(공정).xlsx,FJEC001,프레쥬 유주허니 캡슐 아이크림,,Kg,,Kg,,,"결

재",담 당,부서장,*메인탱크에 투입시 100메쉬 여과 거칠 것,총소요시간,"*제조량은 제조탱크의 60-85% 사이가 되게 할 것. (최대 850kg)
*유화온도 엄수(메인탱크 유화전 스팀 넣을 것)",10
FJEC006_프레쥬 레틴콜라겐 아이크림(공정).xlsx,FJEC006,프레쥬 레틴 콜라겐 3D 코어 아이크림,,Kg,,Kg,,,"결

재",담 당,부서장,*메인탱크에 투입시 100메쉬 여과 거칠 것,총소요시간,"*유화온도 엄수(메인탱크 유화전 스팀 넣을 것)
*1,2,3차 유화 중간에 멈춤없이 연속작업으로 진행할 것.",9
FJES001_프레쥬 알케믹 진세노사이드 컨투어 아이세럼 공정.xlsx,FJES001,프레쥬 알케믹 진세노사이드 컨투어 아이 세럼,,Kg,,Kg,,,"결

재",담 당,부서장,"*제조량은 제조탱크의 60-85% 사이가 되게 할 것. (최대 850kg)
",,,9
FJEX002_프레쥬 어성초인텐시브카밍에센스 공정도.xlsx,FJEX002,프레쥬 어성초 인텐시브 카밍 에센스,,Kg,,Kg,,,"결

재",담 당,부서장," - 탈포 최대한 할 것 (자연탈포 잘 안됨)  
 - 특히 동절기에 상온(28-33도)상태의 공정을 유지해야 투명하게 제조된다.",,,8
FJEX003_프레쥬 오리지날자연약쑥 파하필링에센스 공정도.xlsx,FJEX003,프레쥬 오리지날 자연약쑥 파하 필링 에센스,,Kg,,Kg,,,"결

재",담 당,부서장," - 탈포 최대한 할 것 (자연탈포 잘 안됨)  
 - 특히 동절기에 상온(28-33도)상태의 공정을 유지해야 투명하게 제조된다.",,,7
FJFC002_프레쥬 오리지날허브자연약쑥클렌징폼.xlsx,FJFC002,프레쥬 오리지날 허브 자연약쑥 클렌징폼,,Kg,,Kg,,,"결

재",담 당,부서장,"*일정 점/경도가 생성되기 전까지 냉각 교반할 것.
*솔잎가루 균일분산에 주의할 것.
* 1300가마 기준 830kg 초과 제조하지말 것",,,8
FJFC003_프레쥬 어성초 블레미쉬약산성클렌징폼.xlsx,FJFC003,프레쥬 어성초 블레미쉬 약산성 클렌징폼,,Kg,,Kg,,,"결

재",담 당,부서장,"여드름완화 기능성화장품
제조량 최대 830kg
",,,8
FJFC004_프레쥬 유주허니 올클리어클렌징폼.xlsx,FJFC004,프레쥬 유주허니 올 클리어 클렌징폼,,Kg,,Kg,,,"결

재",담 당,부서장,*호모믹서 가마 사용할 것.,,,7
FJFC005_프레쥬 레틴콜라겐3D코어 클렌징폼.xlsx,FJFC005,프레쥬 레틴 콜라겐 3D 코어 클렌징폼,,Kg,,Kg,,,"결

재",담 당,부서장,"*호모믹서 가마 사용할 것.
*31**분산 공정은 하루전을 넘기지 말것, 하루전 불가시 당일 작업을 택할 것.",,,7
FJGB001_프레쥬 어성초 블레미쉬 클렌징 젤밤 공정.xlsx,FJGB001,프레쥬 어성초 블레미쉬 클렌징 젤 밤,,Kg,,Kg,,,"결

재",담 당,부서장,,,,7
FJGC007_프레쥬 바이옴 락토-5 밸런스 젤클렌저 공정.xlsx,FJGC007,프레쥬 바이옴 5-락토 밸런스 젤 클렌저,,Kg,,Kg,,,"결

재",담 당,부서장,*호모믹서 가마 사용할 것.,,,7
FJLM_프레쥬 립슬리핑마스크 2종.xlsx,FJLM002,프레쥬 유주허니 립 슬리핑 마스크,,Kg,,Kg,,,"결

재",담 당,부서장,,,,5
FJLO001_프레쥬 레틴콜라겐 립오일 공정.xlsx,FJLO001,프레쥬 레틴콜라겐 3D 코어 립 오일,,Kg,,Kg,,,"결

재",담 당,부서장,,,,7
FJMK003_프레쥬 프로모이스처 밀크토닝클레이마스크 공정.xlsx,FJMK003,프레쥬 프로 모이스처 밀크 토닝 클레이 마스크,,Kg,,Kg,,,"결

재",담 당,부서장,*메인탱크에 투입시 100메쉬 여과 거칠 것,총소요시간,*제조량은 제조탱크의 50-85% 사이가 되게 할 것. (최대 850kg),10
FJMK004_프레쥬 유주허니 안티멜라캡슐마스크 공정.xlsx,FJMK004,프레쥬 유주허니 안티 멜라 캡슐 마스크,,Kg,,Kg,,,"결

재",담 당,부서장,*메인탱크에 투입시 100메쉬 여과 거칠 것,총소요시간,*제조량은 제조탱크의 45-85% 사이가 되게 할 것. (최대 850kg),9
FJMK005_프레쥬 어성초 포어멜팅겔마스크 공정.xlsx,FJMK005,프레쥬 어성초 포어 멜팅 겔 마스크,,Kg,,Kg,,,"결

재",담 당,부서장,*제조량은 제조탱크의 45-85% 사이가 되게 할 것. (최대 850kg),,,10
FJMK006_프레쥬 레틴콜라겐래디언스마스크 공정.xlsx,FJMK006,프레쥬 레틴 콜라겐 3D 코어 래디언스 마스크,,Kg,,Kg,,,"결

재",담 당,부서장,,,,8
FJMK007_프레쥬 바이옴 리텍스처라이징 로지 마스크 공정.xlsx,FJMK007,프레쥬 바이옴 5-락토 리텍스쳐라이징 로지 마스크,,Kg,,Kg,,,"결

재",담 당,부서장,*메인탱크에 투입시 100메쉬 여과 거칠 것,총소요시간,*제조량은 제조탱크의 50-85% 사이가 되게 할 것. (최대 850kg),11
FJMK008_프레쥬 알케믹 진세노사이드 엑소랩 마스크 공정.xlsx,FJMK008,프레쥬 알케믹 진세노사이드 엑소 랩 마스크,,Kg,,Kg,,,"결

재",담 당,부서장,"*피막제 용해는 패들의 속도보다는 고온과 시간에 좌우된다.
*제조량 적을시 수상은 외부 Stirring(실온/30분이상)후 메인에서 가온 분산 가능
*부상후 내용물표면에 접하게 비닐커버 할 것. (2중 밀봉)",,,9
FJMT001_프레쥬 레틴콜라겐3D코어앰플미스트.xlsx,FJMT001,프레쥬 레틴 콜라겐 3D 코어 앰플미스트,,Kg,,Kg,,,"결

재",담 당,부서장,,,,4
FJMT002_프레쥬 프로 모이스처크림미스트 공정.xlsx,FJMT002,프레쥬 프로 모이스처 크림 미스트,,Kg,,Kg,,,"결

재",담 당,부서장,,,,6
FJOF001_프레쥬 레틴콜라겐 3D 코어 오일투폼클렌저 공정.xlsx,FJOF001,프레쥬 레틴콜라겐 3D 코어 오일 투 폼클렌저,,Kg,,Kg,,,"결

재",담 당,부서장,,,,8
FJOF002_프레쥬 알케믹 진세노사이드 오일투폼클렌저 공정.xlsx,FJOF002,프레쥬 알케믹 진세노사이드 오일 투 폼클렌저,,Kg,,Kg,,,"결

재",담 당,부서장,,,,8
FJPD001_프레쥬 오리지날허브자연약쑥 포어패드.xlsx,FJPD001,프레쥬 오리지날 허브 자연약쑥 포어 패드,,Kg,,Kg,,,"결

재",담 당,부서장,  특히 동절기에 상온(30-35도)상태의 공정을 유지해야 투명하게 제조된다.,,,2
FJPG002_프레쥬 오리지날허브약쑥필링젤.xlsx,FJPG002,프레쥬 오리지날 허브 약쑥 필링젤,,Kg,,Kg,,,"결

재",담 당,부서장,*실온공정,,,9
FJPK001_프레쥬 오리지날허브자연약쑥산소마스크팩.xlsx,FJPK001,프레쥬 오리지날 허브 자연약쑥 산소 마스크팩,,Kg,,Kg,,,"결

재",담 당,부서장,"* 실온공정
* 기포발생을 최대한 억제하며 제조할 것.
* 탈포공정 없음
* 혼합공정에서 호모는 기포발생 최소화하며 혼합하는 적정속도로 할 것.",총소요시간,"* 휘발성원료(8110)은 투입직전 계량할 것.
* 휘발성 있는 원료가 포함되어 있으므로 가온하지 말 것.
* 부상시 맑은 액체부분이 발견되면 연구소 연락할 것.
* 벌크 보관시 내용물 표면에도 비닐커버하여 2중 밀봉할 것.",10
FJPW000_프레쥬 프로모이스처엔자임파우더워시.xlsx,FJPW000,프레쥬 프로 모이스처 엔자임 파우더 워시,,Kg,,Kg,,,"결

재",담 당,부서장,*실온공정,,,2
FJPW001_프레쥬 레틴콜라겐 코어 파우더워시 공정.xlsx,FJPW001,프레쥬 레틴콜라겐 3D 코어 파우더 워시,,Kg,,Kg,,,"결

재",담 당,부서장,*실온공정,,,2
FJSC002_프레쥬 어성초 에어리핏 선크림 공정.xlsx,FJSC002,프레쥬 어성초 에어리 핏 선크림,,Kg,,Kg,,,"결

재",담 당,부서장,,,,6
FJSC_프레쥬 오리지날허브자연약쑥디펜딩썬마스크.xlsx,FJSC001,,,Kg,,Kg,,,"결

재",담 당,부서장,,,,7
FJSL001_프레쥬 오리지날허브자연약쑥진정토너.xlsx,FJSL001,프레쥬 오리지날 허브 자연약쑥 진정토너,,Kg,,Kg,,,"결

재",담 당,부서장,  특히 동절기에 상온(30-35도)상태의 공정을 유지해야 투명하게 제조된다.,,,2
FJSL002_프레쥬 프로모이스처크리미토너.xlsx,FJSL002,프레쥬 프로 모이스처 크리미 토너,,Kg,,Kg,,,"결

재",담 당,부서장,,,,7
FJSL003_프레쥬 유주허니에센셜토너.xlsx,FJSL003,프레쥬 유주 허니 에센셜 토너,,Kg,,Kg,,,"결

재",담 당,부서장,,,,8
FJSL004_프레쥬 어성초 블레미쉬토너(공정).xlsx,FJSL004,프레쥬 어성초 블레미쉬 토너,,Kg,,Kg,,,"결

재",담 당,부서장,,,,6
FJSL006_프레쥬 레틴콜라겐3D코어토너(공정).xlsx,FJSL006,프레쥬 레틴 콜라겐 3D 코어 토너,,Kg,,Kg,,,"결

재",담 당,부서장,,,,6
FJSL007_프레쥬 바이옴 5-락토 밸런스토너 공정.xlsx,FJSL007,프레쥬 바이옴 5-락토 밸런스 토너,,Kg,,Kg,,,"결

재",담 당,부서장,,,,6
FJSL008_프레쥬 알케믹 진세노사이드 허벌 알엑스 토너 공정.xlsx,FJSL008,프레쥬 알케믹 진세노사이드 허벌 알엑스 토너,,Kg,,Kg,,,"결

재",담 당,부서장,,,,6
FJSM_프레쥬 오리지날 인진쑥 스팀 마스크.xlsx,FJSM001,프레쥬 오리지날 인진쑥 스팀 마스크,,Kg,,Kg,,,"결

재",담 당,부서장,* 이물 혼입 안되도록 주의할것.,총소요시간,"* 제조량은 제조탱크의 60-80% 범위로 잡을 것
* 무수타입 제품이므로 제조공정중 수분 혼입되지 않도록 주의할 것.
* 색소파트 용해시 PG(가온)에 색소파우더 먼저 완전히 녹인후(1시간이상), FruitMax 투입할 것.
",10
FJWE001_프레쥬 알케믹 진세노사이드 워터리 에센스 공정.xlsx,FJWE001,프레쥬 알케믹 진세노사이드 워터리 에센스,,Kg,,Kg,,,"결

재",담 당,부서장,,,,8
GVHC_지피엠 플라워인스파이어핸드크림.xlsx,GVHC_____,,,Kg,,Kg,,,"결

재",담 당,부서장,*메인탱크에 투입시 100메쉬 여과 거칠 것,총소요시간,,10
HCBC001_호텔 크레센도 너리싱 바디워시 공정.xlsx,HCBC001,호텔 크레센도 너리싱 바디워시,,Kg,,Kg,,,"결

재",담 당,부서장,,,,6
HCBL001_호텔 크레센도 너리싱 바디로션 공정.xlsx,HCBL001,호텔 크레센도 너리싱 바디로션,,Kg,,Kg,,,"결

재",담 당,부서장,*메인탱크에 투입시 100메쉬 여과 거칠 것,총소요시간,,9
HCHW001_호텔 크레센도 젠틀 핸드워시 공정.xlsx,HCHW001,호텔 크레센도 젠틀 핸드워시,,Kg,,Kg,,,"결

재",담 당,부서장,,,,6
HCRS001_호텔 크레센도 너리싱 컨디셔너 공정.xlsx,HCRS001,호텔 크레센도 너리싱 컨디셔너,,Kg,,Kg,,,"결

재",담 당,부서장,"*유상을 메인탱크에서 용해
*원료 BTAC80 때문에 타 제품들에 비해 용해 온도 높음
*숙성기간: 3일 이상",,,8
HCSP001_호텔 크레센도 너리싱 샴푸 공정.xlsx,HCSP001,호텔 크레센도 너리싱 샴푸,,Kg,,Kg,,,"결

재",담 당,부서장,,,,6
HFBC002-4_하파데이 시카&세라 바디스크럽워시 공정.xlsx,HFBC_____,하파데이 시카&세라 바디 스크럽 워시,,Kg,,Kg,,,"결

재",담 당,부서장,,,,9
HFBC_하파데이 밀크 바디워시.xlsx,HFBC001,하파데이 예쓰 밀크 바디워시,,Kg,,Kg,,,"결

재",담 당,부서장,,,,5
HFBL_하파데이 밀크 바디로션.xlsx,HFBL001,하파데이 예쓰 밀크 바디로션,,Kg,,Kg,,,"결

재",담 당,부서장,*메인탱크에 투입시 100메쉬 여과 거칠 것,총소요시간,,10
HFHW_하파데이 퍼퓸드포밍핸드워시.xlsx,HFHW_____,하파데이 퍼퓸드 포밍 핸드워시,,Kg,,Kg,,,"결

재",담 당,부서장,,,,5
ILMT_이즈리프 인티메이트미스트포맨.xlsx,ILMT______,,,Kg,,Kg,,,"결

재",담 당,부서장,,,,6
ILWS001 2 8_이즈리프 인티메이트워시포맨.xlsx,ILWS_______,이즈리프 인테메이트 워시 포맨,,Kg,,Kg,,,"결

재",담 당,부서장,,,,7
ILWS003 4 7_이즈리프 퓨어 페미닌 버블 클렌져.xlsx,ILWS_______,이즈리프 퓨어 페미닌 버블클렌져,,Kg,,Kg,,,"결

재",담 당,부서장,,,,7
ILWS005 6_이즈리프 퀸즈밸런스 페미닌워시.xlsx,ILWS_______,이즈리프 퀸즈 밸런스 페미닌 워시,,Kg,,Kg,,,"결

재",담 당,부서장,,,,7
ILWS009_이즈리프 인티메이트 워시젤 포맨 공정.xlsx,ILWS009,이즈리프 인티메이트 워시 젤 포맨 프레쉬,,Kg,,Kg,,,"결

재",담 당,부서장,,,,6
ILWSP_이즈리프 인티메이트워시(파우치).xlsx,ILWSP____,이즈리프 인티메이트 워시 (파우치),,Kg,,Kg,,,"결

재",담 당,부서장,,,,8
JOCO001_제이온 버드네스트클렌징오일.xlsx,JOCO001,제이온 버드네스트 클렌징오일,,Kg,,Kg,,,"결

재",담 당,부서장,,,,6
JOCO002_제이온 에이씨 더마 레메디알 클렌징오일 공정.xlsx,JOCO002,제이온 에이씨 더마 레메디알 클렌징 오일,,Kg,,Kg,,,"결

재",담 당,부서장,"
 `- 제조전 제조설비의 물기를 완전히 제거할 것.",,,7
JOCR001_제이온 에이씨 더마레메디알크림 공정.xlsx,JOCR001,제이온 에이씨 더마 레메디알 크림,,Kg,,Kg,,,"결

재",담 당,부서장,"*메인탱크에 투입시 100메쉬 여과 거칠 것
*투입순서 중요",총소요시간,*제조량은 제조탱크의 60-85% 사이가 되게 할 것. (최대 850kg),9
JOCR002_제이온 누드스킨미라클씨씨크림 공정.xlsx,JOCR002,제이온 누드 스킨 미라클 씨씨크림,,Kg,,Kg,,,"결

재",담 당,부서장,,,,7
JOCR003_제이온 버드네스트 피디알엔크림 공정.xlsx,JOCR003,제이온 버드네스트 피디알엔 크림,,Kg,,Kg,,,"결

재",담 당,부서장,"*메인탱크에 투입시 100메쉬 여과 거칠 것
*투입순서 중요",총소요시간,*제조량은 제조탱크의 60-85% 사이가 되게 할 것. (최대 850kg),9
JOEC001_제이온 버드네스트 리바이브아이크림 공정.xlsx,JOEC001,제이온 버드네스트 리바이브 아이크림,,Kg,,Kg,,,"결

재",담 당,부서장,"*메인탱크에 투입시 100메쉬 여과 거칠 것
*투입순서 중요",총소요시간,*제조량은 제조탱크의 60-85% 사이가 되게 할 것. (최대 850kg),9
JOFC001_제이온 버드네스트클렌징폼.xlsx,JOFC001,제이온 버드네스트 클렌징폼,,Kg,,Kg,,,"결

재",담 당,부서장,*일정 점/경도가 생성되기 전까지 교반을 종료하지 말 것,,,8
JOFC004_제이온 차콜젠틀폼클렌징.xlsx,JOFC004,제이온 차콜 젠틀 폼클렌징,,Kg,,Kg,,,"결

재",담 당,부서장,*일정 점/경도가 생성되기 전까지 교반을 종료하지 말 것,,,8
JOFC005_제이온 에이씨더마레메디알클렌징폼 공정.xlsx,JOFC005,제이온 에이씨 더마 레메디알 클렌징폼,,Kg,,Kg,,,"결

재",담 당,부서장,"*메인탱크에 투입시 100메쉬 여과 거칠 것
*가급적 기포생성을 줄일 것",총소요시간,"* 기포발생주의. 완전탈포. 종료온도 엄수. 부상전 샘플채취해 파우더 완전용해 확인할 것.
* 제조량 책정시 가마 여유공간 고려할 것 (최대 700kg)",8
JOFC_제이온 젠틀폼클렌저.xlsx,JOFC______,,,Kg,,Kg,,,"결

재",담 당,부서장,*일정 점/경도가 생성되기 전까지 교반을 종료하지 말 것,,,8
JOFT_제이온 스네일데일리풋크림.xlsx,JOFT003,제이온 스네일 데일리 풋크림,,Kg,,Kg,,,"결

재",담 당,부서장,*메인탱크에 투입시 100메쉬 여과 거칠 것,총소요시간,,10
JOHC_제이온 데일리핸드크림.xlsx,JOHC______,제이온 데일리 핸드크림,,Kg,,Kg,,,"결

재",담 당,부서장,*메인탱크에 투입시 100메쉬 여과 거칠 것,총소요시간,,10
JOLS001_제이온 립필업세럼.xlsx,JOLS001,제이온 립 필 업 세럼,,Kg,,Kg,,,"결

재",담 당,부서장,,,,6
JOLS002_제이온 슈가립스크럽.xlsx,JOLS002,제이온 슈가 립 스크럽,,Kg,,Kg,,,"결

재",담 당,부서장,,,,7
JOPK001_제이온 아티초크 슬리핑팩.xlsx,JOPK001,제이온 아티초크 슬리핑팩,,Kg,,Kg,,,"결

재",담 당,부서장,,,,8
JOPK002_제이온 허니워시오프마스크팩.xlsx,JOPK002,제이온 허니 워시오프 마스크팩,,Kg,,Kg,,,"결

재",담 당,부서장,"*메인탱크에 투입시 100메쉬 여과 거칠 것
*투입순서 중요",총소요시간,,9
JOPK003_제이온 비타글로우슬리핑팩.xlsx,JOPK003,제이온 비타 글로우 슬리핑팩,,Kg,,Kg,,,"결

재",담 당,부서장,"*메인탱크에 투입시 100메쉬 여과 거칠 것
*투입순서 중요",총소요시간,*제조량은 제조탱크의 60-85% 사이가 되게 할 것. (최대 850kg),10
JOPK004_제이온 콜라겐슬리핑팩.xlsx,JOPK004,제이온 콜라겐 슬리핑팩,,Kg,,Kg,,,"결

재",담 당,부서장,"*메인탱크에 투입시 100메쉬 여과 거칠 것
*투입순서 중요",총소요시간,,8
JOPK005_제이온 엘에이치에이필링젤.xlsx,JOPK005,제이온 엘에이치에이 필링젤,,Kg,,Kg,,,"결

재",담 당,부서장,*실온공정,,,9
JOPK006_제이온 펌킨슬리핑팩.xlsx,JOPK006,제이온 펌킨 슬리핑팩,,Kg,,Kg,,,"결

재",담 당,부서장,"*메인탱크에 투입시 100메쉬 여과 거칠 것
*투입순서 중요",총소요시간,*제조량은 제조탱크의 60-85% 사이가 되게 할 것. (최대 850kg),8
JOPW001_제이온 마차 엔자임 파우더 워시.xlsx,JOPW001,제이온 마차 엔자임 파우더 워시,,Kg,,Kg,,,"결

재",담 당,부서장,*실온공정,,,2
JOSC001_제이온 젠틀포어스크럽.xlsx,JOSC001,제이온 젠틀 포어 스크럽,,Kg,,Kg,,,"결

재",담 당,부서장,*메인탱크에 투입시 100메쉬 여과 거칠 것,총소요시간,"*탈포공정 특히 중요함.
*제조량은 제조탱크의 50-75% 내에서 잡을 것.
*벌크 외부 발송시 비닐 이중포장(내용물 밀착).",9
JOSL001_제이온 에이씨 더마 레메디알 토너 공정.xlsx,JOSL001,제이온 에이씨 더마 레메디알 토너,,Kg,,Kg,,,"결

재",담 당,부서장,,," - 실온 공정 (점증제 분산에만 열수 사용)
 - 점증제 분산 공정 특히 중요",10
JOSR001_제이온 에이씨 레메디알세럼.xlsx,JOSR001,제이온 에이씨 더마 레메디알 세럼,,Kg,,Kg,,,"결

재",담 당,부서장,"
 *투명 점액상",,,6
JOSS_제이온 솔트 바디스크럽.xlsx,JOSS______,,,Kg,,Kg,,,"결

재",담 당,부서장,,,,8
KBBC_키스바이 로즈마인 스텔라리바디워시 공정.xlsx,KBBC______,키스바이 로즈마인 스텔라리 바디워시,,Kg,,Kg,,,"결

재",담 당,부서장,,,,5
KBCR_키스바이 로즈마인 프래그런스크림.xlsx,KBCR_____,키스바이 로즈마인 프래그런스 크림,,Kg,,Kg,,,"결

재",담 당,부서장,*메인탱크에 투입시 100메쉬 여과 거칠 것,총소요시간,,9
KBHC_키스바이로즈마인 프래그런스핸드크림.xlsx,KBHC_____,키스바이 로즈마인 프래그런스 핸드크림,,Kg,,Kg,,,"결

재",담 당,부서장,*메인탱크에 투입시 100메쉬 여과 거칠 것,총소요시간,,9
KBOW_키스바이 로즈마인프래그런스오일워시 공정.xlsx,KBOW______,키스바이 로즈마인 프래그런스 오일워시,,Kg,,Kg,,,"결

재",담 당,부서장,,,,6
KMHC_켈리스 모이스처크림.xlsx,KMHC000,켈리스 모이스처 크림,,Kg,,Kg,,,"결

재",담 당,부서장,*메인탱크에 투입시 100메쉬 여과 거칠 것,총소요시간,,8
KSAM001_까마 옴므 아크아 바이오모이스처라이저 공정.xlsx,KSAM001,까마 옴므 아쿠아 바이오 모이스처라이저,,Kg,,Kg,,,"결

재",담 당,부서장,*메인탱크에 투입시 100메쉬 여과 거칠 것,총소요시간,"*실온공정, 반투명 젤상",10
KSAT001_까마 옴므 아쿠아 바이오 토너 공정.xlsx,KSAT001,까마 옴므 아쿠아 바이오 토너,,Kg,,Kg,,,"결

재",담 당,부서장," *특히 동절기에 상온(20-35도)상태의 공정을 유지해야 투명하게 제조된다.

 *투명액상",,,2
KSCL_까마올소 옴므셀발란스로션.xlsx,KSCL000,,,Kg,,Kg,,,"결

재",담 당,부서장,*메인탱크에 투입시 100메쉬 여과 거칠 것,총소요시간,,9
KSCS_까마올소 옴므셀발란스스킨.xlsx,KSCS000,까마올소 옴므 셀 발란스 스킨,,Kg,,Kg,,,"결

재",담 당,부서장,  특히 동절기에 상온(30-35도)상태의 공정을 유지해야 투명하게 제조된다.,,,2
KSMLR_까마올소 마일드트리트먼트로션.xlsx,KSMLR00,까마올소 마일드 트리트먼트 로션,,Kg,,Kg,,,"결

재",담 당,부서장,*메인탱크에 투입시 100메쉬 여과 거칠 것,총소요시간,,9
KSMSR_까마올소 마일드트리트먼트스킨.xlsx,KSMSR00,까마올소 마일드 트리트먼트 스킨,,Kg,,Kg,,,"결

재",담 당,부서장,,,,6
LAHC_에바스 레몬에이드핸드크림.xlsx,LAHC000,에바스 레몬에이드 핸드크림,,Kg,,Kg,,,"결

재",담 당,부서장,*메인탱크에 투입시 100메쉬 여과 거칠 것,총소요시간,,10
LBCR_로즈문 씨씨크림.xlsx,LBCR000,로즈문 씨씨 크림,,Kg,,Kg,,,"결

재",담 당,부서장,,,,7
MLAL_미미로린스 어포더블럭셔리.xlsx,MLAL_______,,,Kg,,Kg,,,"결

재",담 당,부서장,,,,6
MLBC006-010_미미로린스 하니수플레크리미바디워시.xlsx,MLBC______,,,Kg,,Kg,,,"결

재",담 당,부서장,,,,5
MLBC_미미로린스 씬트리메인퍼퓸드바디워시.xlsx,MLBC______,,,Kg,,Kg,,,"결

재",담 당,부서장,,,,6
MLBC_미미로린스 하니수플레크리미인바디워시.xlsx,MLBC______,,,Kg,,Kg,,,"결

재",담 당,부서장,,,,5
MLBL_미미로린스 씬트리메인퍼퓸드바디에멀젼.xlsx,MLBL_____,미미로린스 모먼트 바디로션,,Kg,,Kg,,,"결

재",담 당,부서장,*메인탱크에 투입시 100메쉬 여과 거칠 것,총소요시간,,9
MLBM002-4_미미로린스 모먼트코스트 바디미스트.xlsx,MLBM_______,미미로린스 모먼트 코스트 바디미스트,,Kg,,Kg,,,"결

재",담 당,부서장,,,,2
MLBM_미미로린스 씬트리메인퍼퓸드바디미스트.xlsx,MLBM001,미미로린스 씬트리메인 퍼퓸드 바디미스트,,Kg,,Kg,,,"결

재",담 당,부서장,,,,2
MLBS_미미로린스 씬트리메인퍼퓸드바디스플래쉬.xlsx,MLBS______,,,Kg,,Kg,,,"결

재",담 당,부서장,,,,2
MLCR_미미로린스 하니스플레바디크림.xlsx,MLCR_______,미미로린스 하니수플레 바디크림,,Kg,,Kg,,,"결

재",담 당,부서장,*원료투입시 100메쉬 여과 거칠 것,총소요시간,,9
MLDF_미미로린스 씬트리메인디퓨져.xlsx,MLDF_______,,,Kg,,Kg,,,"결

재",담 당,부서장,,,,2
MLDM011-020_미미로린스 드레스퍼퓸미스트 딥퍼퓸레이블.xlsx,MLDM_______,(미미로린스 드레스 퍼퓸 미스트 딥퍼퓸 레이블),,Kg,,Kg,,,"결

재",담 당,부서장,,,,2
MLDM_미미로린스 드레스퍼퓸미스트.xlsx,MLDM_______,,,Kg,,Kg,,,"결

재",담 당,부서장,,,,2
MLHA_미미로린스 씬트리메인EFA프로테인헤어앰플 4종.xlsx,MLHA_____,,,Kg,,Kg,,,"결

재",담 당,부서장,*수상에서 점증제 완전용해 확인후 12** 투입할 것.,총소요시간,,8
MLHC006-009_미미로린스 모먼트 플랜트 핸드크림 공정.xlsx,MLHC_____,미미로린스 모먼트 플랜트 핸드크림,,Kg,,Kg,,,"결

재",담 당,부서장,*메인탱크에 투입시 100메쉬 여과 거칠 것,총소요시간,,10
MLHC014-017_미미로린스 모먼트핸드크림.xlsx,MLHC_____,미미로린스 모먼트 핸드크림,,Kg,,Kg,,,"결

재",담 당,부서장,*메인탱크에 투입시 100메쉬 여과 거칠 것,총소요시간,,9
MLHC018-020_미미로린스 모먼트 핸드 포마드크림.xlsx,MLHC_____,미미로린스 모먼트 래디언스 핸드 포마드크림,,Kg,,Kg,,,"결

재",담 당,부서장,,,,7
MLHC_미미로린스 뷰티레슨핸드크림.xlsx,MLHC_____,,,Kg,,Kg,,,"결

재",담 당,부서장,*메인탱크에 투입시 100메쉬 여과 거칠 것,총소요시간,,10
MLHD_미미로린스 모먼트 래디언스 핸드솝 공정.xlsx,MLHD______,미미로린스 모먼트 래디언스 핸드솝,,Kg,,Kg,,,"결

재",담 당,부서장,,,,7
MLHS_미미로린스 프로테인헤어세럼.xlsx,MLHS_______,,,Kg,,Kg,,,"결

재",담 당,부서장,,,,6
MLHW_미미로린스 모먼트플랜트핸드워시.xlsx,MLHW______,미미로린스 모먼트 플랜트 핸드워시,,Kg,,Kg,,,"결

재",담 당,부서장,,,,7
MLLS_미미로린스 하니수플레리퀴드핸드솝5종.xlsx,MLLS_____,,,Kg,,Kg,,,"결

재",담 당,부서장,,,,5
MLPF_미미로린스 모먼트 래디언스 퍼퓸.xlsx,MLPF_______,미미로린스 모먼트 래디언스 퍼퓸,,Kg,,Kg,,,"결

재",담 당,부서장,,,,6
MLPF_미미로린스 모먼트오디너리퍼퓸.xlsx,MLPF_______,미미로린스 모먼트 오디너리 퍼퓸,,Kg,,Kg,,,"결

재",담 당,부서장,,,,5
MLPG_미미로린스 모먼트퍼퓸.xlsx,MLPG_______,미미로린스 모먼트 퍼퓸,,Kg,,Kg,,,"결

재",담 당,부서장,,,,6
MLPP_미미로린스 모먼트시크릿푸퍼퓸.xlsx,MLPP_______,미미로린스 모먼트 시크릿 푸 퍼퓸,,Kg,,Kg,,,"결

재",담 당,부서장,,,,2
MLRM_미미로린스 씬트리메인룸미스트.xlsx,MLRM_______,,,Kg,,Kg,,,"결

재",담 당,부서장,,,,2
MLRS_미미로린스 씬트리메인프로테인컨디셔너.xlsx,MLRS005,미미롤니스 모먼트 릴렉스 헤어 컨디셔너 그린 블리스,,Kg,,Kg,,,"결

재",담 당,부서장,,,,9
MLSC_미미로린스 씬트리메인소이캔들.xlsx,MLSC_______,,,Kg,,Kg,,,"결

재",담 당,부서장,,,,4
MLSP_미미로린스 씬트리메인프로테인샴푸.xlsx,MLSP005,미미로린스 모먼트 릴렉스 헤어 샴푸 그린 블리스,,Kg,,Kg,,,"결

재",담 당,부서장,,,,6
MLST_미미로린스 씬트리메인사쉐.xlsx,MLST_______,,,Kg,,Kg,,,"결

재",담 당,부서장,,,,4
MLTO001_미미로린스 태닝오일.xlsx,MLTO001,미미로린스 태닝 오일,,Kg,,Kg,,,"결

재",담 당,부서장,,,,5
MRRS_미렐라와일 리퀴드펄컨디셔너.xlsx,MRRS001,미렐라 와일 리퀴드 펄 컨디션너,,Kg,,Kg,,,"결

재",담 당,부서장,,,,9
MRSC_마르샹 바디베일.xlsx,MRSC002,마르샹 베디베일 (플로럴 퍼플),,Kg,,Kg,,,"결

재",담 당,부서장,,,,2
MRSP_미렐라와일 리퀴드펄샴푸.xlsx,MRSP001,미렐라 와일 리퀴드 펄 셤푸,,Kg,,Kg,,,"결

재",담 당,부서장,,,,2
NABC-아로마 바디워시.xlsx,NABC_____,,,Kg,,Kg,,,"결

재",담 당,부서장,,,,5
NPBC005_에바스 나뚜리아크리미밀크바디워시 4종.xlsx,NPBC_____,에바스 나뚜리아 크리미 밀크 바디워시,,Kg,,Kg,,,"결

재",담 당,부서장,,,,5
NPBC_나뚜리아 퓨어바디워시 4종.xlsx,NPBC_____,나뚜리아 퓨어 바디워시,,Kg,,Kg,,,"결

재",담 당,부서장,,,,5
NPSS_나뚜리아 크리미 오일솔트스크럽.xlsx,NPSS______,에바스 나뚜리아 크리미 오일 솔트 스크업,,Kg,,Kg,,,"결

재",담 당,부서장,,,,8
OEBC000_오쎄 퓨어앤내추럴에코바디워시.xlsx,OEBC000,,,Kg,,Kg,,,"결

재",담 당,부서장,,,,5
OEBL000_오쎄 퓨어앤내추럴 바디로션.xlsx,OEBL000,,,Kg,,Kg,,,"결

재",담 당,부서장,*원료투입시 100메쉬 여과 거칠 것,총소요시간,,10
OEFC000_오쎄 퓨어앤내추럴 에코 폼클렌저.xlsx,OEFC000,,,Kg,,Kg,,,"결

재",담 당,부서장,*일정 점/경도가 생성되기 전까지 교반을 종료하지 말 것,,,8
OEHC000_오쎄 퓨어앤내추럴에코핸드크림.xlsx,OEHC000,,,Kg,,Kg,,,"결

재",담 당,부서장,*메인탱크에 투입시 100메쉬 여과 거칠 것,총소요시간,,10
OERS001_오쎄 퓨어앤내추럴 에코 헤어 컨디셔너.xlsx,OERS001,오쎄 퓨어앤내추럴 에코 헤어 컨디셔너,,Kg,,Kg,,,"결

재",담 당,부서장,,,,9
OESP001_오쎄 퓨어앤내추럴에코헤어샴푸.xlsx,OESP001,오쎄 퓨어앤내추럴 에코 헤어 샴푸,,Kg,,Kg,,,"결

재",담 당,부서장,,,,2
PDBC003 4_페디슨 인스티튜트보떼 망고리치밸런싱바디워시.xlsx,PDBC004,페디슨 인스티튜트-보떼 자몽 핑크 밸런싱 바디워시,,Kg,,Kg,,,"결

재",담 당,부서장,,,,5
PDBC_페디슨 데오드바디클렌저.xlsx,PDBC001,페디슨 데오 드 바디클렌저,,Kg,,Kg,,,"결

재",담 당,부서장,,,,6
PDBL_페디슨 바디로션.xlsx,PDBL000,페디슨 뉴트리티브 세라마이드 바디로션,,Kg,,Kg,,,"결

재",담 당,부서장,*메인탱크에 투입시 100메쉬 여과 거칠 것,총소요시간,,10
PDCO001_페디슨 아로마틱넥타클렌징오일.xlsx,PDCO001,페디슨 아로마틱 넥타 클렌징 오일,,Kg,,Kg,,,"결

재",담 당,부서장,,,,5
PDCW_페디슨 아이러브그린클렌징워터.xlsx,PDCW001,페디슨 아이러브 그린 클렌징워터,,Kg,,Kg,,,"결

재",담 당,부서장,,,,6
PDFC_페디슨 폼.xlsx,PDFC001,페디슨 아로마틱 카밍 클렌징 폼,,Kg,,Kg,,,"결

재",담 당,부서장,*일정 점/경도가 생성되기 전까지 교반을 종료하지 말 것,,,7
PDFO_페디슨 아로마틱페이스오일.xlsx,PDFO_______,페디슨 아로마틱 페이스 오일,,Kg,,Kg,,,"결

재",담 당,부서장,,,,4
PDHC_페디슨 뉴트리티브세라마이드핸드크림.xlsx,PDHC_____,,,Kg,,Kg,,,"결

재",담 당,부서장,*메인탱크에 투입시 100메쉬 여과 거칠 것,총소요시간,,10
PDHM000_페디슨 옴므인티메이트미스트오리지날.xlsx,PDHM000,페디슨 옴므 인티메이트 미스트 오리지날,,Kg,,Kg,,,"결

재",담 당,부서장,,,,6
PDHM_페디슨 인스티튜트보떼아르간퍼퓸헤어미스트.xlsx,PDHM_______,페디슨 인스티튜트 보떼 아르간&퍼퓸 헤어 미스트,,Kg,,Kg,,,"결

재",담 당,부서장,,,,7
PDHS_페디슨 인스티튜트보떼아르간&퍼퓸헤어세럼.xlsx,PDHS_______,,,Kg,,Kg,,,"결

재",담 당,부서장,,,,5
PDHW_페디슨 옴므인티메이트워시오리지날.xlsx,PDHW000,페디슨 옴므 인티메이트 워시 오리지날,,Kg,,Kg,,,"결

재",담 당,부서장,,,,7
PDIC000_페디슨 뉴트리티브인퓨젼크림.xlsx,PDIC000,페디슨 뉴트리티브 인퓨젼 크림,,Kg,,Kg,,,"결

재",담 당,부서장,,,*메인탱크에 투입시 100메쉬 여과 거칠 것,11
PDIR011-012_페디슨 락토 페미닌클렌저.xlsx,PDIR______,페디슨 락토 페미닌 클렌저 (거품타입),,Kg,,Kg,,,"결

재",담 당,부서장,,,,7
PDIR_페디슨 메터니티퓨어페미닌클렌저_거품타입.xlsx,PDIR______,(거품타입),,Kg,,Kg,,,"결

재",담 당,부서장,,,,7
PDIR_페디슨 메터니티퓨어페미닌클렌저_펌프타입.xlsx,PDIR____,(펌프타입),,Kg,,Kg,,,"결

재",담 당,부서장,,,,8
PDLB_페디슨 뉴트리티브인퓨젼립수딩밤.xlsx,PDLB001,,,Kg,,Kg,,,"결

재",담 당,부서장,,,,5
PDML001_페디슨 뉴트리티브인퓨전모이스처로션.xlsx,PDML001,페디슨 뉴트리티브 인퓨전 모이스처 로션,,Kg,,Kg,,,"결

재",담 당,부서장,,,*메인탱크에 투입시 100메쉬 여과 거칠 것,9
PDRS_페디슨 인스티튜트보떼 컨디셔너.xlsx,PDRS004,페디슨 인스티튜트-보떼 망고리치 LPP 트리트먼트,,Kg,,Kg,,,"결

재",담 당,부서장,,,,9
PDSG_페디슨 매터니티에스모이스트겔 외.xlsx,PDSG005,페디슨 차전궁 프레쉬 버진겔,,Kg,,Kg,,,"결

재",담 당,부서장,"* 메인탱크에 투입시 100메쉬 여과 거칠 것
",총소요시간,,10
PDSL001_페디슨 아로마틱카밍토너.xlsx,PDSL001,페디슨 아로마틱 카밍 토너,,Kg,,Kg,,,"결

재",담 당,부서장,  특히 동절기에 상온(30-35도)상태의 공정을 유지해야 투명하게 제조된다.,,,2
PDSP_페디슨 인스티튜트보떼 샴푸.xlsx,PDSP003,페디슨 인스티튜트 보떼 한방 뿌리 케어 샴푸,,Kg,,Kg,,,"결

재",담 당,부서장,,,,2
PFSP000_프로페이스 더패스트샴푸.xlsx,PFSP000,,,Kg,,Kg  ,,,"결

재",담 당,부서장,,,,6
PFSPR00_블루밍보떼 더패스트샴푸.xlsx,PFSPR00,,,Kg,,Kg  ,,,"결

재",담 당,부서장,,,,6
PNWS001_푸아나니 인티메이트워시포맨.xlsx,PNWS001,푸아나니 인팀이트 포밍 워시 포맨,,Kg,,Kg,,,"결

재",담 당,부서장,,,,7
PTAP001_판테스틱 더마시카에이씨수딩앰플.xlsx,PTAP001,판테스틱 더마 시카 에이씨 수딩 앰플,,Kg,,Kg,,,"결

재",담 당,부서장,,,"*메인탱크에 투입시 100메쉬 여과 거칠 것
*탈포상태 확인할 것.",10
PTBC002_판테스틱 더마시카아크네클렌저.xlsx,PTBC002,판테스틱 더마 시카 아크네 클렌저,,Kg,,Kg,,,"결

재",담 당,부서장,,,,8
PTBL001_판테스틱더마시카AC로션.xlsx,PTBL001,판테스틱 더마 시카 AC로션,,Kg,,Kg,,,"결

재",담 당,부서장,*메인탱크에 투입시 100메쉬 여과 거칠 것,총소요시간,,10
PTEF_판테스틱 원더필 이펙터 3종.xlsx,PTEF003,판테스틱 원더필 클리어링 이펙터,,Kg,,Kg,,,"결

재",담 당,부서장,"
 *투명 점액상",,,6
PTFC_판테스틱 더마시카아크네클렌징폼.xlsx,PTFC001,판테스틱 더마 시카 아크네 클렌징폼,,Kg,,Kg,,,"결

재",담 당,부서장,"*메인탱크에 투입시 100메쉬 여과 거칠 것
*가급적 기포생성을 줄일 것",총소요시간,"* 기포발생주의. 완전탈포. 종료온도 엄수. 부상전 샘플채취해 파우더 완전용해 확인할 것.
* 제조량 책정시 가마 여유공간 고려할 것 (최대 700kg)",8
PTLM001_판테스틱 탑원 6978 비타로닉 립 슬리핑 마스크 공정.xlsx,PTLM001,판테스틱 탑원 6978 비타로닉 립 슬리핑 마스크,,Kg,,Kg,,,"결

재",담 당,부서장,,,,5
PTMT001_판테스틱 더마시카에이씨컨트롤미스트.xlsx,PTMT001,판테스틱 더마 시카 에이씨 컨트롤 미스트,,Kg,,Kg,,,"결

재",담 당,부서장,,," - 실온 공정 (점증제 분산에만 열수 사용)
 - 점증제 분산 공정 특히 중요",10
PTPW_판테스틱 더마파우더.xlsx,PTPW002,판테스틱 더마 비타 파우더,,Kg,,Kg,,,"결

재",담 당,부서장,,총소요시간,,3
RABC004_로즈마인 아로마 리 고요 바디워시 공정.xlsx,RABC004,로즈마인 아로마 리 고요 바디워시,,Kg,,Kg,,,"결

재",담 당,부서장,,,,5
RABL004_로즈마인 아로마 리 고요 바디로션 공정.xlsx,RABL004,로즈마인 아로마 리 고요 바디로션,,Kg,,Kg,,,"결

재",담 당,부서장,*메인탱크에 투입시 100메쉬 여과 거칠 것,총소요시간,,10
RLBC_로즈마인 라파밀리에 바디워시 제조공정도.xlsx,RLBC______,로즈마린 라파밀리에 바디워시,,Kg,,Kg,,,"결

재",담 당,부서장,,,,5
RLBL_로즈마인 라파밀리에바디모이스처.xlsx,RLBL_____,,,Kg,,Kg,,,"결

재",담 당,부서장,*메인탱크에 투입시 100메쉬 여과 거칠 것,총소요시간,,10
RLBM_로즈마인X리사라르손 바디퍼퓸.xlsx,RLBM______,,,Kg,,Kg,,,"결

재",담 당,부서장,,,,2
RMAG_로즈마인 더마슈티컬아쥴렌카밍젤.xlsx,RMAG000,로즈마인 더마슈티컬 아쥴렌 카밍젤,,Kg,,Kg,,,"결

재",담 당,부서장,*실온공정,,,8
RMBL_로즈마인 퍼퓸드바디로션.xlsx,RMBL_____,,,Kg,,Kg,,,"결

재",담 당,부서장,*메인탱크에 투입시 100메쉬 여과 거칠 것,총소요시간,,10
RMBP_로즈마인 릴렉싱아로마바디퍼퓸.xlsx,RMBP___,(로즈마인 릴렉싱 아로마 바디퍼퓸),,Kg,,Kg,,,"결

재",담 당,부서장,,,,6
RMCD_로즈마인 홈폴리쉬소이캔들.xlsx,RMCD_______,,,Kg,,Kg,,,"결

재",담 당,부서장,,,,4
RMDF_로즈마인 홈폴리쉬퍼퓸디퓨져.xlsx,RMDF_______,,,Kg,,Kg,,,"결

재",담 당,부서장,,,,2
RMDM_로즈마인 홈폴리쉬드레스퍼퓸.xlsx,RMDM_______,,,Kg,,Kg,,,"결

재",담 당,부서장,,,,2
RMDO_로즈마인 퍼퓸드드라이오일미스트.xlsx,RMDO_______,로즈마인 퍼퓸드 드라이 오일 미스트,,Kg,,Kg,,,"결

재",담 당,부서장,,,,4
RMFC_로즈마인 플로랄레메디포밍클렌저.xlsx,RMFC000,,,Kg,,Kg,,,"결

재",담 당,부서장,,,,8
RMHC022-024_로즈마인 캐시미어 시그니처퍼퓸드핸드크림.xlsx,RMHC_____,로즈마인 캐시미어 시그니처 퍼퓸드 핸드크림,,Kg,,Kg,,,"결

재",담 당,부서장,*메인탱크에 투입시 100메쉬 여과 거칠 것,총소요시간,,9
RMHC_로즈마인 퍼퓸드핸드크림.xlsx,RMHC_____,,,Kg,,Kg,,,"결

재",담 당,부서장,*메인탱크에 투입시 100메쉬 여과 거칠 것,총소요시간,,10
RMHG_로즈마인 해피블러썸퍼퓸드핸드겔.xlsx,RMHG001,,,Kg,,Kg,,,"결

재",담 당,부서장,,,,5
RMHW_로즈마인 휘핑밀크핸드워시.xlsx,RMHW______,,,Kg,,Kg,,,"결

재",담 당,부서장,,,,6
RMLB-로즈마인 바타민E립밤.xlsx,RMLB_______,,,Kg,,Kg,,,"결

재",담 당,부서장,,,,5
RMMT_로즈마인 퍼퓸드바디미스트.xlsx,RMMT______,로즈마인 퍼퓸드 바디미스트,,Kg,,Kg,,,"결

재",담 당,부서장,,,,2
RMOPR00_로즈마인 5오데퍼퓸.xlsx,RMOPR00,로즈마인 5 오데퍼퓸,,Kg,,Kg,,,"결

재",담 당,부서장,,,,2
RMPG_로즈마인 퍼퓸터치.xlsx,RMPG_______,,,Kg,,Kg,,,"결

재",담 당,부서장,,,,7
RMSC002-004_에바스 로즈마인 샤워코롱.xlsx,RMSC_______,에바스 로즈마인 샤워코롱,,Kg,,Kg,,,"결

재",담 당,부서장,,,,2
RMSCN10_에바스 로즈마인5샤워코롱.xlsx,RMSCN10,,,Kg,,Kg,,,"결

재",담 당,부서장,,,,2
RMSG_로즈마인 스팀소프트샤워젤.xlsx,RMSG______,,,Kg,,Kg,,,"결

재",담 당,부서장,,,,6
RMST_로즈마인 홈폴리쉬퍼퓸사쉐.xlsx,RMST_______,,,Kg,,Kg,,,"결

재",담 당,부서장,,,,4
RMTS_로즈마인 퍼퓸드소프트스킨티슈.xlsx,RMTS_______,,,Kg,,Kg,,,"결

재",담 당,부서장,,,,2
RPBC_로즈마인 퍼퓸드바디워시.xlsx,RPBC______,,,Kg,,Kg,,,"결

재",담 당,부서장,,,,6
RRBC_로에랑스 밀키소프트바디워시.xlsx,RRBC_____,로에랑스 프루츠 주스 바디워시,,Kg,,Kg,,,"결

재",담 당,부서장,,,,5
RRBL_로에랑스 블리스 마이바디 퍼퓸로션 공정.xlsx,RRBL_______,로에랑스 블리스 마이 바디 퍼퓸 로션,,Kg,,Kg,,,"결

재",담 당,부서장,*메인탱크에 투입시 100메쉬 여과 거칠 것,총소요시간,,10
RRBM_로에랑스 블리스 마이바디퍼퓸미스트.xlsx,RRBM______,로에랑스 블리스 마이 바디 퍼퓸 미스트,,Kg,,Kg,,,"결

재",담 당,부서장,,,,2
RRCR000_로에랑스 마유크림.xlsx,RRCR000,로에랑스 마유크림,,Kg,,Kg,,,"결

재",담 당,부서장,*메인탱크에 투입시 100메쉬 여과 거칠 것,총소요시간,,9
RRHC_로에랑스 터치마이바디프레그런스핸드크림.xlsx,RRHC_____,,,Kg,,Kg,,,"결

재",담 당,부서장,*메인탱크에 투입시 100메쉬 여과 거칠 것,총소요시간,,10
RRHW_로에랑스 블루밍버블 핸드워시 공정.xlsx,RRHW______,로에랑스 블루밍 버블 핸드워시,,Kg,,Kg,,,"결

재",담 당,부서장,,,,6
RRPM_로에랑스 퍼퓸미스트.xlsx,RRPM______,로에랑스 퍼퓸 미스트,,Kg,,Kg,,,"결

재",담 당,부서장,,,,2
RSCF_로즈문 씨씨파운데이션.xlsx,RSCF000,로즈문 씨씨 파운데이션,,Kg,,Kg,,,"결

재",담 당,부서장,,,,7
RSCR_로즈문 리치카멜리아(동백)하이드레이팅크림.xlsx,RSCR000,로즈문 리치 카멜리아(동백) 하이드레이팅 크림,,Kg,,Kg,,,"결

재",담 당,부서장,  - 성상: 적황색의 반투명 젤상,,,9
RSEX_로즈문 리치카멜리아트리트먼트에센스.xlsx,RSEX000,로즈문 리치 카멜리아 트리트먼트 에센스,,Kg,,Kg,,,"결

재",담 당,부서장,,,,9
RSSC001_로즈문 리치카멜리아브라이트닝올인원베이스썬스크린.xlsx,RSSC001,로즈문 리치 카멜리아(동백) 브라이트닝 올인원 베이스 썬스크린,,Kg,,Kg,,,"결

재",담 당,부서장,,,,7
SBMPNN_밀크샴바드 패밀리바디클렌저.xlsx,SBMPNN___,,,Kg,,Kg,,,"결

재",담 당,부서장,,,,5
SIRSN000_아이리스 골드모이스처컨트롤린스.xlsx,SIRSN000,,,Kg,,Kg,,,"결

재",담 당,부서장,,,,9
SISPN000_아이리스 골드모이스처컨트롤샴푸.xlsx,SISPN000,,,Kg,,Kg,,,"결

재",담 당,부서장,,,,2
SMBC003_샴바드 플로리엔탈바디워시.xlsx,SMBC003,샴바드 플로리엔탈 바디워시,,Kg,,Kg,,,"결

재",담 당,부서장,,,,5
SMBC_샴바드 비타민에너지 바디워시.xlsx,SMBC_____,,,Kg,,Kg,,,"결

재",담 당,부서장,,,,5
SMBL000_쉐마 리페어인텐시브바디로션.xlsx,SMBL000,쉐마 리페어 인텐시브 아르간오일 바디로션,,Kg,,Kg,,,"결

재",담 당,부서장,*원료투입시 100메쉬 여과 거칠 것,총소요시간,,10
SMBL_샴바드 오트밀데일리모이스처바디로션.xlsx,SMBL_____,,,Kg,,Kg,,,"결

재",담 당,부서장,*원료투입시 100메쉬 여과 거칠 것,총소요시간,,10
SNIR_수에노라 여성청결제.xlsx,SNIR001,수에노라 프리미엄 여성청결제,,Kg,,Kg,,,"결

재",담 당,부서장,,,,8
SOBBP_어클락 퓨어마일드버블바스.xlsx,SOBBP00,,,Kg,,Kg,,,"결

재",담 당,부서장,,,,5
SOBCLM7_샴바드 어클락바디클렌저4000ml.xlsx,SOBCLM7,,,Kg,,Kg,,,"결

재",담 당,부서장,,,,5
SOFCP00_어클락 퓨어마일드클렌징폼.xlsx,SOFCP00,어클락 퓨어 마일드 클렌징폼,,Kg,,Kg,,,"결

재",담 당,부서장,*일정 점/경도가 생성되기 전까지 교반을 종료하지 말 것,,,8
SOIRP_어클락 퓨어마일드이너린스.xlsx,SOIRP00,어클락 퓨어 마일드 이너린스,,Kg,,Kg,,,"결

재",담 당,부서장,* 투명 점액상,,,8
SORSLM2_샴바드 어클랑프리미엄린스.xlsx,SORSLM2,,,Kg,,Kg,,,"결

재",담 당,부서장,,,,9
SOSPLM2_샴바드 어클락프리미엄샴푸.xlsx,SOSPLM2,샴바드 어클락 프리미엄 샴푸,,Kg,,Kg,,,"결

재",담 당,부서장,,,,2
SRHC_마음이설려 퍼퓸드핸드크림.xlsx,SRHC_____,마음이 설려 퍼퓸드 핸드크림,,Kg,,Kg,,,"결

재",담 당,부서장,*메인탱크에 투입시 100메쉬 여과 거칠 것,총소요시간,,10
SSBC_스타바스 샤워바디워시 5종.xlsx,SSBC002,,,Kg,,Kg,,,"결

재",담 당,부서장,,,,8
SSBL_스타바스 스팀밀크바디로션.xlsx,SSBL_____,,,Kg,,Kg,,,"결

재",담 당,부서장,*메인탱크에 투입시 100메쉬 여과 거칠 것,총소요시간," 1호, 2호, 4호 Unipearls 함유호수는 투입온도를 50℃ Homo는 30초만 약하게 가할것.",10
SSCD_스타바스 소이캔들.xlsx,SSCD_______,,,Kg,,Kg,,,"결

재",담 당,부서장,,,,4
SSHC_스타바스 스팀밀크핸드크림.xlsx,SSHC_____,,,Kg,,Kg,,,"결

재",담 당,부서장,*메인탱크에 투입시 100메쉬 여과 거칠 것,총소요시간,,10
SSSR_스타바스 쉐이크바디스크럽.xlsx,SSSR001,스타바스 쉐이크 바디스크럽- 스파클링쿨라임향,,Kg,,Kg,,,"결

재",담 당,부서장,61** (향+유화제 part) 투입전 반드시 교반해 줄 것.,총소요시간,,10
TOAP001_시온 테카줄렌 블루 카밍 앰플 공정.xlsx,TOAP001,시온 테카줄렌 블루 카밍 앰플,,Kg,,Kg,,,"결

재",담 당,부서장,,,,8
TOAP002_시온 세라샷 피디알엔 핑크 리페어앰플 공정.xlsx,TOAP002,시온 세라-샷 피디알엔 핑크 레페어 앰플,,Kg,,Kg,,,"결

재",담 당,부서장,*메인탱크에 투입시 100메쉬 여과 거칠 것,총소요시간,,9
TOAP003_시온 알파알부틴 멀티토닝 앰플 공정.xlsx,TOAP003,시온 알파-알부틴 멀티토닝 앰플,,Kg,,Kg,,,"결

재",담 당,부서장,,,,6
VMBA001_밸르모나 얼쓰리페어본딩앰플.xlsx,VMBA001,밸르모나 얼쓰리페어 본딩 앰플,,Kg,,Kg,,,"결

재",담 당,부서장,"* Homo 속도 및 시간에 따라 점도차 크므로 일정하게 할 것.
* 100kg제조탱그 기준공정
",,,7
VMBC_발모나 휘핑 모이스처 바디워시.xlsx,VMBC_____,,,Kg,,Kg,,,"결

재",담 당,부서장,,,,5
VMCP001_밸르모나 얼쓰리페어본딩컴파운드.xlsx,VMCP001,밸르모나 얼쓰리페어 본딩 컴파운드,,Kg,,Kg,,,"결

재",담 당,부서장,,,,6
VMHS_밸르모나 얼티밋헤어오일세럼.xlsx,VMHS_______,밸르모나 얼티밋 헤어 오일 세럼,,Kg,,Kg,,,"결

재",담 당,부서장,,,,6
VMOL_밸르모나 얼쓰리페어본딩오일.xlsx,VMOL001,밸르모나 얼쓰리페어 본딩 오일,,Kg,,Kg,,,"결

재",담 당,부서장,,,,7
VMPF_밸르모나 프로테인필드.xlsx,VMPF______,,,Kg,,Kg,,,"결

재",담 당,부서장,,,,6
VMRS_밸르모나 실크프로테인헤어컨디셔너.xlsx,VMRS005,밸르모나 파워풀 솔루션 블랙피오니 서리태 모발 영양팩,,Kg,,Kg,,,"결

재",담 당,부서장,*투명용기 제품,,,9
VMSF001_밸르모나 얼쓰테라피스칼프퓨리파이어.xlsx,VMSF001,밸르모나 얼쓰테라피 스칼프 퓨리파이어,,Kg,,Kg,,,"결

재",담 당,부서장,"*메인탱크에 투입시 100메쉬 여과 거칠 것
",총소요시간,,10
VMSP004 5 6 7 9_밸르모나 아유르베딕두피솔루션블랙커민샴푸액.xlsx,VMSP007,밸르모나 슈가 벨벳 밀크 샴푸액,,Kg,,Kg,,,"결

재",담 당,부서장,,,,2
VMSP014_밸르모나 얼쓰 아르간오일 샴푸 공정.xlsx,VMSP014,밸르모나 얼쓰 아르간 오일 샴푸,,Kg,,Kg,,,"결

재",담 당,부서장,,,,2
VMSP_발모나 실크프로테인헤어샴푸.xlsx,VMSP_____,,,Kg,,Kg,,,"결

재",담 당,부서장,,,,2
VMSS001_밸르모나 얼쓰테라피스칼프스켈러.xlsx,VMSS001,밸르모나 얼쓰테라피 스칼프 스켈러,,Kg,,Kg,,,"결

재",담 당,부서장,*2차유화 온도 중요함.,,,8
VTBC_에바스 비타민바디워시.xlsx,VTBC______,,,Kg,,Kg,,,"결

재",담 당,부서장,,,,5
VTBL_에바스 비타민바디로션.xlsx,VTBL_____,,,Kg,,Kg,,,"결

재",담 당,부서장,*원료투입시 100메쉬 여과 거칠 것,총소요시간,,10
VTDM_보탬 드레스퍼퓸미스트.xlsx,VTDM______,(보탬 드레스 퍼퓸 미스트),,Kg,,Kg,,,"결

재",담 당,부서장,,,,2
VTFC_비타민 클렌징폼.xlsx,VTFC______,,,Kg,,Kg,,,"결

재",담 당,부서장,*일정 점/경도가 생성되기 전까지 교반을 종료하지 말 것,,,8
VTHC_에바스 비타민핸드크림.xlsx,VTHC_____,,,Kg,,Kg,,,"결

재",담 당,부서장,*메인탱크에 투입시 100메쉬 여과 거칠 것,총소요시간,,10
VVCR_빈시뷰 프래그런스크림.xlsx,VVCR_____,,,Kg,,Kg,,,"결

재",담 당,부서장,*메인탱크에 투입시 100메쉬 여과 거칠 것,총소요시간,,9
VVHC_빈시뷰 프래그런스 핸드크림 공정.xlsx,VVHC_____,빈시뷰 프래그런스 핸드크림,,Kg,,Kg,,,"결

재",담 당,부서장,*메인탱크에 투입시 100메쉬 여과 거칠 것,총소요시간,,9
WMAP001_위드미 판테스틱더마시카카밍앰플.xlsx,WMAP001,위드미 판테스틱 더마 시카 카밍 앰플,,Kg,,Kg,,,"결

재",담 당,부서장,* 메인탱크에 투입시 100메쉬 여과 거칠 것,총소요시간,"
 *청색의 투명액상",8
WMAP002_위드미 판테스틱더마비타에너지앰플.xlsx,WMAP002,위드미 판테스틱 더마 비타에너지 앰플,,Kg,,Kg,,,"결

재",담 당,부서장,* 메인탱크에 투입시 100메쉬 여과 거칠 것,총소요시간,,8
WMAP003_위드미 판테스틱더마화이트닝컨트롤앰플.xlsx,WMAP003,위드미 판테스틱 더마 화이트닝 컨트롤 앰플,,Kg,,Kg,,,"결

재",담 당,부서장,,,"* 메인탱크에 투입시 100메쉬 여과 거칠 것
* 냉각종료온도 준수할것.",10
WMBL001_위드미 판테스틱더마시카AC로션.xlsx,WMBL001,위드미 판테스틱 더마 시카 AC로션,,Kg,,Kg,,,"결

재",담 당,부서장,*메인탱크에 투입시 100메쉬 여과 거칠 것,총소요시간,,10
WMCR004_위드미 판테스틱더마시카크림.xlsx,WMCR004,위드미 판테스틱 더마 시카 크림,,Kg,,Kg,,,"결

재",담 당,부서장,,,,8
WMCR_위드미 화이트닝크림.xlsx,WMCR003,위드미 옴므 우디보이 화이트닝 크림,,Kg,,Kg,,,"결

재",담 당,부서장,,,"*원료투입시 100메쉬 여과 거칠 것
*TiO2분산상태 확인후 진행할 것.",11
WMFC000_위드미 화이트퍼펙션포밍클렌저.xlsx,WMFC000,위드미 화이트 퍼펙션 포밍 클렌저,,Kg,,Kg,,,"결

재",담 당,부서장,*일정 점/경도가 생성되기 전까지 교반을 종료하지 말 것,,,7
WMFO001_위드미 엑스트라너트6딥페이스오일.xlsx,WMFO001,위드미 엑스트라 너트6 딥페이스 오일,,Kg,,Kg,,,"결

재",담 당,부서장,,,,4
WMIT_위드미 타투아이브로우젤틴트.xlsx,WMIT_______,,,Kg,,Kg,,,"결

재",담 당,부서장,물보정에 유의한다.,총소요시간,,10
WMMC001_위드미 pH밸런싱모닝클렌저.xlsx,WMMC001,위드미 pH밸런싱 모닝클렌저,,Kg,,Kg,,,"결

재",담 당,부서장,,,,8
WMMO000_위드미 스노우화이트닝너리싱밀크오일.xlsx,WMMO000,위드미 스노우 화이트닝 너리싱 밀크 오일,,Kg,,Kg,,,"결

재",담 당,부서장,*메인탱크에 투입시 100메쉬 여과 거칠 것,총소요시간,,9
WMMT001_위드미 하이드레이팅앰플미스트.xlsx,WMMT001,위드미 하이드레이팅 앰플 미스트,,Kg,,Kg,,,"결

재",담 당,부서장,,,,7
WMPK_위드미 어썸블랙포어클리어팩.xlsx,WMPK001,위드미 어썸블랙 포어 클리어 팩,,Kg,,Kg,,,"결

재",담 당,부서장,"*물보정에 유의한다. (2%내외)
*고온에서 진공잡지 말 것.
",총소요시간,"*피막제 용해는 패들의 속도보다는 고온과 시간에 좌우된다.
*부상후 내용물표면에 접하게 비닐커버 할 것. (2중 밀봉)",10
WMSC_위드미 누드앤쉬어선스틱.xlsx,WMSC002,위드미 누드앤쉬어 선스틱 컨트롤,,Kg,,Kg,,,"결

재",담 당,부서장,,,,7
WMSL001_위드미 옴므우디보이올인원스킨로션.xlsx,WMSL001,위드미 옴므 우디보이 올인원 스킨로션,,Kg,,Kg,,,"결

재",담 당,부서장,*메인탱크에 투입시 100메쉬 여과 거칠 것,총소요시간,,9
WMTN001_위드미 스노우화이트닝포어토너.xlsx,WMTN001,위드미 스노우 화이트닝 포어 토너,,Kg,,Kg,,,"결

재",담 당,부서장,,," - 실온 공정 (점증제 분산에만 열수 사용)
 - 점증제 분산 공정 특히 중요",10
WMTN002_위드미 판테스틱더마시카퓨리파잉토너.xlsx,WMTN002,위드미 판테스틱 더마 시카 퓨리파잉 토너,,Kg,,Kg,,,"결

재",담 당,부서장,  특히 동절기에 상온(30-35도)상태의 공정을 유지해야 투명하게 제조된다.,,,6
WMTP_위드미 펄브라이트토닝필.xlsx,WMTP000,위드미 펄 브라이트 토닝 필,,Kg,,Kg,,,"결

재",담 당,부서장,,총소요시간, * 첨부된 제조공정 모식도 참조할 것.,9
ZPDM_자코파네 섬유향수.xlsx,ZPDM_______,자코파네 섬유향수,,Kg,,Kg,,,"결

재",담 당,부서장,,,,2
