순번,등록일,제품코드,excel_관리번호,excel_제품명국문,excel_제품명영문,"표시
용량","충진
용량
()",비중,pH기준,"점,경도기준","권장사용
나이",원료목록보고,"표준화
명칭적용",책임판매업적용,알러지물질표기,사용기한,재활용등급표시,문안표기대상부자재,기능성,라벨부착위치,버진라벨,대박스,입수량,비고
31,,SBMPNN7,EVCO-031,밀크샴바드 프리미엄 바디클렌저#7(그린애플부케향),,910ml,920,1.014,,,,,,,,,,,,,,,,
33,,SBMPNN5,EVCO-033,밀크샴바드 프리미엄 바디클렌저#5 ,,910ml,920,1.014,,,,,,,,,,,,,,,,
34,,SBMPNN3,EVCO-034,밀크샴바드 프리미엄 바디클렌저#3 ,,910ml,920,1.014,,,,,,,,,,,,,,,,
35,2010-06-22 00:00:00,ETIRN010,EVCO-035,에바스 이너린스(여성청결제),,,,,,,,,,,,,,,,,,,,
36,,LBBS001,EVCO-036,르보에 쥬이시 솔트 바디스크럽(자몽),,,,,,,,,,,,,,,,,,,,
37,,LBBS002,EVCO-037,르보에 쥬이시 솔트 바디스크럽(모링가),,,,,,,,,,,,,,,,,,,,
38,,LBBS003,EVCO-038,르보에 쥬이시 솔트 바디스크럽(밀크),,,,,,,,,,,,,,,,,,,,
39,,ETFC001,EVCO-039,에스떼 딥클렌징 폼(올리브),,,,,,,,,,,,,,,,,,,,
40,,ETFC002,EVCO-040,에스떼 딥클렌징 폼(레몬),,,,,,,,,,,,,,,,,,,,
41,,ETFC003,EVCO-041,에스떼 딥클렌징 폼(라벤더),,,,,,,,,,,,,,,,,,,,
42,,ETFC004,EVCO-042,에스떼 딥클렌징 폼(로즈),,,,,,,,,,,,,,,,,,,,
43,2010-07-30 00:00:00,ETBCNN10,EVCO-043,에스떼 퓨어 에센셜 워시(올리브),,,,,,,,,,,,,,,,,,,,
44,,ETBCNN20,EVCO-044,에스떼 퓨어 에센셜 워시(레몬),,,,,,,,,,,,,,,,,,,,
45,,ETBCNN30,EVCO-045,에스떼 퓨어 에센셜 워시(라벤더),,,,,,,,,,,,,,,,,,,,
46,,ETBCNN40,EVCO-046,에스떼 퓨어 에센셜 워시(로즈),,,,,,,,,,,,,,,,,,,,
47,,LTSLN000,EVCO-047,토르소 옴므 클라리티 모이스처 로션,,,,,,,,,,,,,,,,,,,,
48,,LTMLN000,EVCO-048,토르소 옴므 클라리티 피팅 스킨,,,,,,,,,,,,,,,,,,,,
49,,FEFC0010,EVCO-049,페미에르 소프트 필링 워시,,,,,,,,,,,,,,,,,,,,
50,,LPCB0010,EVCO-050,르보에 퍼펙트 풀-커버 비비,,,,,,,,,,,,,,,,,,,,
51,,DASP0010,EVCO-051,알로에 케어 샴푸 앤 린스,,,,,,,,,,,,,,,,,,,,
52,,PEEX0010,EVCO-052,필라뜨 모이스춰라이징 핸드크림(로즈향),,,,,,,,,,,,,,,,,,,,
53,2010-09-20 00:00:00,HDEX0000,EVCO-053,해담은 에센스,,,,,,,,,,,,,,,,,,,,
54,2010-09-20 00:00:00,HDRC0000,EVCO-054,해담은 리뉴트리브크림,,,,,,,,,,,,,,,,,,,,
55,2010-09-20 00:00:00,HDBB0000,EVCO-055,해담은 비비크림,,,,,,,,,,,,,,,,,,,,
56,2010-09-20 00:00:00,XFMG001,EVCO-056,휘욜라 클렌징 마사지 업젤,,,,0.993,,,,,,,,,,,,,,,,
57,2010-10-11 00:00:00,MSBL001,EVCO-057,밀크 샴바드 패밀리 바디로션(쟈스민),,,,,,,,,,,,,,,,,,,,
58,2010-10-19 00:00:00,EPOB001,EVCO-058,엘르베 퓨어 바디로션(로즈),,,,,,,,,,,,,,,,,,,,
59,2010-10-19 00:00:00,SPBX000,EVCO-059,샴바드 퓨어 바디로션,,,,,,,,,,,,,,,,,,,,
60,2010-11-01 00:00:00,EPOB003,EVCO-060,엘르베 퓨어 바디로션(포도),,,,,,,,,,,,,,,,,,,,
61,2010-11-01 00:00:00,EPOB005,EVCO-061,엘르베 퓨어 바디로션(밀크),,,,,,,,,,,,,,,,,,,,
62,2010-11-08 00:00:00,EPOB004,EVCO-062,엘르베 퓨어 바디로션(쟈스민),,,,,,,,,,,,,,,,,,,,
63,2010-11-08 00:00:00,ERBC000,EVCO-063,에바스 촉촉 로즈워터 바디클렌저,,,,,,,,,,,,,,,,,,,,
64,2010-11-10 00:00:00,MBHC000,EVCO-064,메디뷰 녹차 핸드크림,,,,,,,,,,,,,,,,,,,,
65,2010-11-22 00:00:00,LEHC000,EVCO-065,엘리그랑 오트밀 핸드크림,,,,,,,,,,,,,,,,,,,,
66,2010-11-25 00:00:00,EBPG000,EVCO-066,비원수 화이트-딜리버리 필링젤,,,,,,,,,,,,,,,,,,,,
67,2010-11-30 00:00:00,PLEX001,EVCO-067,비버리힐즈 폴로클럽 스포츠블루 스킨 에센스,,,,,,,,,,,,,,,,,,,,
68,2010-11-30 00:00:00,PLFC000,EVCO-068,비버리힐즈 폴로클럽 스포츠블루 옴므 폼클렌징,,,,,,,,,,,,,,,,,,,,
69,2010-12-06 00:00:00,UNSL000,EVCO-069,유벤타스 뉴트리티브 리치 캐비어 스킨 소프트너,,,,,,,,,,,,,,,,,,,,
70,2010-12-06 00:00:00,UNML000,EVCO-070,유벤타스 뉴트리티브 리치 캐비어 에센스 에멀젼,,,,,,,,,,,,,,,,,,,,
71,2010-12-06 00:00:00,UNEX000,EVCO-071,유벤타스 뉴트리티브 리치 캐비어 퍼펙트 세럼,,,,,,,,,,,,,,,,,,,,
72,2010-12-06 00:00:00,UNCR000,EVCO-072,유벤타스 뉴트리티브 리치 캐비어 에센스 크림,,,,,,,,,,,,,,,,,,,,
73,2010-12-08 00:00:00,ELHC000,EVCO-073,엘르베 천연곡물 핸드 & 네일 크림,,,,,,,,,,,,,,,,,,,,
74,2010-12-14 00:00:00,EPOB002,EVCO-074,엘르베 퓨어 바디로션(카멜리아),,,,,,,,,,,,,,,,,,,,
75,2010-12-29 00:00:00,DAHC000,EVCO-075,알로케어 테라피 핸드&네일 바셀린 크림,,,,,,,,,,,,,,,,,,,,
75-1,2011-01-11 00:00:00,EVBL002,EVCO-075-1,에바스 모이스처 로션 바셀린 쟈스민,,,,,,,,,,,,,,,,,,,,
76,2011-01-21 00:00:00,CNCR000,EVCO-076,씨엘3 내추럴라이징 펩타이드 크림,,,,,,,,,,,,,,,,,,,,
77,2011-01-21 00:00:00,CNBA000,EVCO-077,씨엘3 내추럴라이징 펩타이드 앰플,,,,,,,,,,,,,,,,,,,,
78,2011-02-01 00:00:00,EVBLL01,EVCO-078,모이스처 바디케어로션 바세린 로즈,,,,,,,,,,,,,,,,,,,,
79,2011-02-01 00:00:00,EVBLL02,EVCO-079,모이스처 바디케어로션 바세린 쟈스민,,,,,,,,,,,,,,,,,,,,
80,2011-02-01 00:00:00,EVBLL03,EVCO-080,모이스처 바디케어로션 바세린 라벤더,,,,,,,,,,,,,,,,,,,,
81,2011-03-09 00:00:00,ELML000,EVCO-081,엘르베 옴므 하이드로 리후레쉬 로션,,,,,,,,,,,,,,,,,,,,
82,2011-03-09 00:00:00,ELSL000,EVCO-082,엘르베 옴므 하이드로 리후레쉬 스킨,,,,,,,,,,,,,,,,,,,,
83,2011-04-07 00:00:00,KSSE000,EVCO-083,까마올소 마일드 트리트먼트 스킨 에센스,,,,,,,,,,,,,,,,,,,,
84,2011-04-07 00:00:00,KSFC000,EVCO-084,까마올소 마일드 트리트먼트 폼클렌징,,,,,,,,,,,,,,,,,,,,
85,2011-04-07 00:00:00,BMFC001,EVCO-085,블루메르 맨 프로-에너자이징 컨트롤 쉐이빙 폼,,120ml,119,,,,,,,,,,,,,,,,,
86,2011-04-18 00:00:00,ERBC001,EVCO-086,에바스 촉촉 파파야 바디클렌저,,,,,,,,,,,,,,,,,,,,
87,2011-04-21 00:00:00,EBSP002,EVCO-087,에바스 연인 비단결 한방 샴푸,,,,,,,,,,,,,,,,,,,,
88,2011-04-21 00:00:00,EBSP003,EVCO-088,에바스 연인 비단결 한방 투인원 샴푸,,,,,,,,,,,,,,,,,,,,
89,2011-04-21 00:00:00,EBRS002,EVCO-089,에바스 연인 비단결 한방 린스,,,,,,,,,,,,,,,,,,,,
90,2011-05-02 00:00:00,PESL000,EVCO-090,파비아 엑스트라 모이스처 스킨 소프트너,,,,,,,,,,,,,,,,,,,,
91,2011-05-02 00:00:00,PEML000,EVCO-091,파비아 엑스트라 모이스처 에멀젼,,,,,,,,,,,,,,,,,,,,
92,2011-05-02 00:00:00,PECR000,EVCO-092,파비아 엑스트라 모이스처 크림,,,,,,,,,,,,,,,,,,,,
93,2011-05-02 00:00:00,PHSL000,EVCO-093,파비아 옴므 하이드로 리후레쉬 스킨,,,,,,,,,,,,,,,,,,,,
94,2011-05-02 00:00:00,PHML000,EVCO-094,파비아 옴므 하이드로 리후레쉬 로션,,,,,,,,,,,,,,,,,,,,
95,2011-05-14 00:00:00,ETBCNN5,EVCO-095,에스떼 퓨어 에센셜 워시(밀크),,,,,,,,,,,,,,,,,,,,
96,2011-05-25 00:00:00,LBCC000,EVCO-096,르보에 커리엄케어 프라이머 플러스 비비,,,,,,,,,,,,,,,,,,,,
97,2011-05-25 00:00:00,LBSC000,EVCO-097,르보에 커리엄케어 썬베이스,,,,,,,,,,,,,,,,,,,,
98,2011-05-31 00:00:00,EMIR000,EVCO-098,미스샴바드 이너클렌저,,,,,,,,,,,,,,,,,,,,
99,2011-06-30 00:00:00,MSBS000,EVCO-099,"미스샴바드 커피,호두 바디스크럽",,,,,,,,,,,,,,,,,,,,
100,2011-06-30 00:00:00,GRSC000,EVCO-100,에바스 그린로즈마인 샤워코롱 ,,,,0.892,,,,,,,,,,,,,,,,
101,2011-06-30 00:00:00,RMSG000,EVCO-101,에바스 로즈마인 5 샤워젤,,,,,,,,,,,,,,,,,,,,
102,2011-06-30 00:00:00,ETBL001,EVCO-102,에스떼 퓨어 에센셜 바디로션(올리브),,,,,,,,,,,,,,,,,,,,
103,2011-06-30 00:00:00,ETBL002,EVCO-103,에스떼 퓨어 에센셜 바디로션(레몬),,,,,,,,,,,,,,,,,,,,
104,2011-06-30 00:00:00,ETBL003,EVCO-104,에스떼 퓨어 에센셜 바디로션(라벤더),,,,,,,,,,,,,,,,,,,,
105,2011-06-30 00:00:00,ETBL004,EVCO-105,에스떼 퓨어 에센셜 바디로션(로즈),,,,,,,,,,,,,,,,,,,,
106,2011-06-30 00:00:00,ETBL005,EVCO-106,에스떼 퓨어 에센셜 바디로션(밀크),,,,,,,,,,,,,,,,,,,,
107,2011-08-01 00:00:00,EVSP001,EVCO-107,에바스 콜라겐 샴푸,,,,,,,,,,,,,,,,,,,,
108,2011-08-01 00:00:00,EVRS001,EVCO-108,에바스 콜라겐 린스,,,,,,,,,,,,,,,,,,,,
109,2011-08-30 00:00:00,LBSL000,EVCO-109,르보에 커리엄케어 63%콜라겐으로 만든 화장수,,,,,,,,,,,,,,,,,,,,
110,2011-08-30 00:00:00,LBSL001,EVCO-110,르보에 커리엄케어 20%히알루론산으로 만든 화장수,,,,,,,,,,,,,,,,,,,,
111,2011-09-09 00:00:00,ETSCC010,EVCO-111,에스떼 샤워코롱 - 쉬크모아,,,,,,,,,,,,,,,,,,,,
112,2011-09-09 00:00:00,ETSCC020,EVCO-112,에스떼 샤워코롱 - 샤르망 뚜와 ,,,,,,,,,,,,,,,,,,,,
113,2011-09-09 00:00:00,ETSCC030,EVCO-113,에스떼 샤워코롱 - 라파 엘르,,,,,,,,,,,,,,,,,,,,
114,2011-09-21 00:00:00,ECBC001,EVCO-114,에바스 오리지널 카카오 초콜라또 바디워시,,,,,,,,,,,,,,,,,,,,
115,2011-09-21 00:00:00,ECBC002,EVCO-115,에바스 화이트 카카오 초콜라또 바디워시,,,,,,,,,,,,,,,,,,,,
116,2011-09-21 00:00:00,ECBL001,EVCO-116,에바스 오리지널 카카오 초콜라또 바디로션,,,,,,,,,,,,,,,,,,,,
117,2011-09-21 00:00:00,MCSP000,EVCO-117,에바스 메디 쿨 샴푸,,,,,,,,,,,,,,,,,,,,
118,2011-09-21 00:00:00,MSSP000,EVCO-118,에바스 밀크샴바드 패밀리 헤어샴푸,,,,,,,,,,,,,,,,,,,,
119,2011-09-21 00:00:00,MSRS000,EVCO-119,에바스 밀크샴바드 패밀리 헤어린스,,,,,,,,,,,,,,,,,,,,
,,ADMLM00,EVCO-120,어르신 전용 고보습 바디로션,CARE ME Body Lotion,50ml,49,0.984,6.50 ± 1.00,"20,000 ± 8,000",,0,0,0,,,우수,튜브,,,,,,
121,2011-10-31 00:00:00,VTHC001,EVCO-121,에바스 비타민 핸드크림(체리),,100ml,98,,,,,,,,,,,,,,,,,
122,2011-10-31 00:00:00,VTHC002,EVCO-122,에바스 비타민 핸드크림(레몬),,100ml,98,,,,,,,,,,,,,,,,,
123,2011-10-31 00:00:00,VTHC003,EVCO-123,에바스 비타민 핸드크림(아보카도),,100ml,98,,,,,,,,,,,,,,,,,
124,2011-10-31 00:00:00,ERBC002,EVCO-124,에바스 촉촉 쟈스민 바디클렌저,,,,,,,,,,,,,,,,,,,,
125,2011-10-31 00:00:00,GDSP000,EVCO-125,결다움 한방 샴푸,,,,,,,,,,,,,,,,,,,,
126,2011-10-31 00:00:00,GDRS000,EVCO-126,결다움 한방 린스,,,,,,,,,,,,,,,,,,,,
127,2011-10-31 00:00:00,PDML000,EVCO-127,페디슨 퓨어 모이스처라이저,,,,,,,,,,,,,,,,,,,,
128,2011-10-31 00:00:00,PDBC000,EVCO-128,페디슨 보태니컬 워시,,,,,,,,,,,,,,,,,,,,
129,2011-10-31 00:00:00,PDBO000,EVCO-129,패디슨 베이비 오일,,,,,,,,,,,,,,,,,,,,
130,2011-10-31 00:00:00,PDNC000,EVCO-130,페디슨 너리싱 살브,,,,,,,,,,,,,,,,,,,,
131,2011-11-14 00:00:00,LBAC000,EVCO-131,르보에 커리엄케어 수분 크림,,,,,,,,,,,,,,,,,,,,
132,2011-11-14 00:00:00,LBMC000,EVCO-132,르보에 커리엄케어 멜팅 크림,,,,,,,,,,,,,,,,,,,,
133,2011-11-14 00:00:00,ELEX001,EVCO-133,엘르베 실크 코팅 크리스탈 헤어 세럼,,,,,,,,,,,,,,,,,,,,
134,2011-11-14 00:00:00,ELEX002,EVCO-134,엘르베 헤어 코팅 에센스,,,,0.934,,,,,,,,,,,,,,,,
135,2011-11-21 00:00:00,VTBC001,EVCO-135,에바스 비타민 바디워시(석류),,500ml,504,1.016,,,,,,,,,,,,,,,,
136,2011-11-21 00:00:00,VTBC002,EVCO-136,에바스 비타민 바디워시(딸기),,500ml,504,1.016,,,,,,,,,,,,,,,,
137,2011-11-21 00:00:00,VTBC003,EVCO-137,에바스 비타민 바디워시(오렌지),,500ml,504,1.016,,,,,,,,,,,,,,,,
138,2011-11-21 00:00:00,VTBC004,EVCO-138,에바스 비타민 바디워시(레몬),,500ml,504,1.016,,,,,,,,,,,,,,,,
139,2011-11-21 00:00:00,VTBC005,EVCO-139,에바스 비타민 바디워시(파파야),,500ml,504,1.016,,,,,,,,,,,,,,,,
140,2011-11-21 00:00:00,VTBC006,EVCO-140,에바스 비타민 바디워시(포도),,500ml,504,1.016,,,,,,,,,,,,,,,,
141,2011-11-29 00:00:00,EMSP001,EVCO-141,에바스 메디 보드라 영양 샴푸,,,,,,,,,,,,,,,,,,,,
142,2011-12-05 00:00:00,SISP002,EVCO-142,에바스 아이리스 골드 모이스처 컨트롤 투인원 샴푸,,,,,,,,,,,,,,,,,,,,
143,2011-12-08 00:00:00,ECRS003,EVCO-143,에바스 크리닉 케라틴 헤어팩,,,,,,,,,,,,,,,,,,,,
144,2011-12-15 00:00:00,ECRS001,EVCO-144,에바스 아이리스 아르간 헤어팩,,,,,,,,,,,,,,,,,,,,
145,2011-12-15 00:00:00,VTBL001,EVCO-145,에바스 비타민 바디로션(레몬),,,,0.989,,,,,,,,,,,,,,,,
146,2011-12-15 00:00:00,VTBL002,EVCO-146,에바스 비타민 바디로션(스트로베리),,,,0.989,,,,,,,,,,,,,,,,
147,2011-12-15 00:00:00,VTBL003,EVCO-147,에바스 비타민 바디로션(아보카도),,,,0.989,,,,,,,,,,,,,,,,
148,2011-12-26 00:00:00,MGRS000,EVCO-148,마이진 골드 컨디셔너,,,,,,,,,,,,,,,,,,,,
149,2011-12-26 00:00:00,PDNC001,EVCO-149,페디슨 메터니티 니플 케어 밤,,,,,,,,,,,,,,,,,,,,
150,2011-12-26 00:00:00,PDNC002,EVCO-150,페디슨 메터니티 맘모 케어 크림,,,,,,,,,,,,,,,,,,,,
151,2011-12-26 00:00:00,PHSL001,EVCO-151,에바스 피렌체 하이드라 스킨(리퍼블릭 오브 맨),,,,,,,,,,,,,,,,,,,,
152,2011-12-26 00:00:00,PHML001,EVCO-152,에바스 피렌체 하이드라 로션(리퍼블릭 오브 맨),,,,,,,,,,,,,,,,,,,,
153,2011-12-27 00:00:00,PSSL001,EVCO-153,에바스 피렌체 소프트 스킨(리퍼블릭 오브 우먼),,,,,,,,,,,,,,,,,,,,
154,2011-12-27 00:00:00,PSML001,EVCO-154,에바스 피렌체 소프트 로션(리퍼블릭 오브 우먼),,,,,,,,,,,,,,,,,,,,
155,2012-01-16 00:00:00,CASP001,EVCO-155,에바스 콜라겐 어메이징 트리트먼트 샴푸,,,,,,,,,,,,,,,,,,,,
156,2012-01-16 00:00:00,ECRS002,EVCO-156,에바스 베리스모 아르간 헤어팩,,,,,,,,,,,,,,,,,,,,
157,2012-02-06 00:00:00,CMRS001,EVCO-157,에바스 청정미인수 모이스처 린스,,,,,,,,,,,,,,,,,,,,
158,2012-02-06 00:00:00,CASP002,EVCO-158,에바스 콜라겐 어메이징 트리트먼트 투인원 샴푸,,,,,,,,,,,,,,,,,,,,
159,2012-02-06 00:00:00,CARS001,EVCO-159,에바스 콜라겐 어메이징 트리트먼트 린스,,,,,,,,,,,,,,,,,,,,
160,2012-03-06 00:00:00,VCBL001,EVCO-160,바이마레 라파숑 드 쵸콜렛 바디로션,,,,,,,,,,,,,,,,,,,,
161,2012-03-06 00:00:00,VCBC001,EVCO-161,바이마레 라파숑 드 쵸콜렛 바디워시,,,,,,,,,,,,,,,,,,,,
162,2012-03-06 00:00:00,VCBV001,EVCO-162,바이마레 라파숑 드 쵸콜렛 바디버터,,,,,,,,,,,,,,,,,,,,
163,2012-03-06 00:00:00,ASBC001,EVCO-163,에바스 아로마 스위트 샤워 바디클렌져,,,,,,,,,,,,,,,,,,,,제주박가분
164,2012-03-30 00:00:00,AJBC001,EVCO-164,어르신 전용 고보습 바디클렌저,,,,,,,,,,,,,,,,,,,,
165,2012-03-30 00:00:00,AJSP001,EVCO-165,어르신 전용 컨디셔닝 헤어샴푸,,,,,,,,,,,,,,,,,,,,
166,2012-03-30 00:00:00,VCBL002,EVCO-166,바이마레 더캔디샵 딜라이트 핑키 바디로션,,,,,,,,,,,,,,,,,,,,
167,2012-03-30 00:00:00,VCBC002,EVCO-167,바이마레 더캔디샵 딜라이트 핑키 바디워시,,,,,,,,,,,,,,,,,,,,
168,2012-03-30 00:00:00,JVFC001,EVCO-168,진생 비타민 크림,,,,,,,,,,,,,,,,,,,,
169,2012-03-30 00:00:00,VMEX002,EVCO-169,베리스모 헤어에센스,,,,,,,,,,,,,,,,,,,,
170,2012-03-30 00:00:00,ELHE001,EVCO-170,엘르베 볼륨 헤어에센스,,,,,,,,,,,,,,,,,,,,
171,2012-03-30 00:00:00,PDDC001,EVCO-171,페디슨 다이애퍼 크림,,,,,,,,,,,,,,,,,,,,
172,2012-04-20 00:00:00,VASC001,EVCO-172,에바스 비타민 올인원 선크림,,,,,,,,,,,,,,,,,,,,
173,2012-04-20 00:00:00,BRMT001,EVCO-173,바비쉬 쉬크모아 루미너스 물광 바디&페이셜 미스트,,,,,,,,,,,,,,,,,,,,
174,2012-04-20 00:00:00,BRMT002,EVCO-174,바비쉬 샤르망뚜와 루미너스 물광 바디&페이셜 미스트,,,,,,,,,,,,,,,,,,,,
175,2012-04-20 00:00:00,BRMT003,EVCO-175,바비쉬 라파엘르 루미너스 물광 바디&페이셜 미스트,,,,,,,,,,,,,,,,,,,,
176,2012-04-20 00:00:00,LFBC001,EVCO-176,라플로리스타 플로랄 바디워시(핑키허브),,,,1.017,,,,,,,,,,,,,,,,
177,2012-04-20 00:00:00,LFBC002,EVCO-177,라플로리스타 플로랄 바디워시(퍼플라떼),,,,1.017,,,,,,,,,,,,,,,,
178,2012-04-20 00:00:00,LFBC003,EVCO-178,라플로리스타 플로랄 바디워시(오렌지패션),,,,1.017,,,,,,,,,,,,,,,,
179,2012-07-03 00:00:00,VNBC001,EVCO-179,바디넷 세븐데이즈 프로젝트 디톡스샤워(월),,,,,,,,,,,,,,,,,,,,
180,2012-07-03 00:00:00,VNBC002,EVCO-180,바디넷 세븐데이즈 프로젝트 레드로즈샤워(화),,,,,,,,,,,,,,,,,,,,
181,2012-07-03 00:00:00,VNBC003,EVCO-181,바디넷 세븐데이즈 프로젝트 오션샤워(수),,,,,,,,,,,,,,,,,,,,
182,2012-07-03 00:00:00,VNBC004,EVCO-182,바디넷 세븐데이즈 프로젝트 포레스트샤워(목),,,,,,,,,,,,,,,,,,,,
183,2012-07-03 00:00:00,VNBC005,EVCO-183,바디넷 세븐데이즈 골드허니 샤워(금),,,,,,,,,,,,,,,,,,,,
184,2012-07-03 00:00:00,VNBC006,EVCO-184,바디넷 세븐데이즈 레인보우 샤워(토),,,,,,,,,,,,,,,,,,,,
185,2012-07-03 00:00:00,VNBC007,EVCO-185,바디넷 세븐데이즈 카밍 샤워 (일),,,,,,,,,,,,,,,,,,,,
186,2012-07-16 00:00:00,CMBL001,EVCO-186,에바스 청정미인 수 모이스쳐 바디로션,,,,,,,,,,,,,,,,,,,,
187,2012-07-24 00:00:00,CMFS000,EVCO-187,청정미인 데오라이징 쿨링 풋 샴푸,,,,,,,,,,,,,,,,,,,,
188,2012-07-25 00:00:00,VNCL001,EVCO-188,바디넷 클라비 에스 크림,,,,,,,,,,,,,,,,,,,,
189,2012-07-26 00:00:00,QPIR001,EVCO-189,퓨어 에스떼 이너린스 쟈스민블라썸,,,,,,,,,,,,,,,,,,,,
190,2012-07-26 00:00:00,QPIR002,EVCO-190,퓨어 에스떼 이너린스 코튼씨드,,,,,,,,,,,,,,,,,,,,
190,2012-07-26 00:00:00,QPIR003,EVCO-191,퓨어 에스떼 이너린스 그린버드컴플렉스,,,,,,,,,,,,,,,,,,,,
190,,VNMT001,EVCO-192,바디넷 나뚜리아 스킨미스트 프렌치로즈,,,,,,,,,,,,,,,,,,,,
190,,VNMT002,EVCO-193,바디넷 나뚜리아 스킨미스트 아쿠아콜라겐,,,,,,,,,,,,,,,,,,,,
190,,VNMT003,EVCO-194,바디넷 나뚜리아 스킨미스트 허브라벤더,,,,,,,,,,,,,,,,,,,,
190,,VNMT004,EVCO-195,바디넷 나뚜리아 스킨미스트 퓨어올리브,,,,,,,,,,,,,,,,,,,,
190,,NISP000,EVCO-196,나드리 이노벨라 컨디셔닝 샴푸,,,,,,,,,,,,,,,,,,,,
190,,NIRS000,EVCO-197,나드리 이노벨라 컨디셔닝 린스,,,,,,,,,,,,,,,,,,,,
190,,NISP001,EVCO-198,나드리 이노벨라 샴푸 엔 린스,,,,,,,,,,,,,,,,,,,,
190,,OEBC000,EVCO-199,오쎄 퓨어 앤 내츄럴 에코 바디워시,OSSE Pure & Natural Eco Body Wash,400ml/180ml,408/185,1.028,,,,,O,,,,,라벨,,,,,,
,,OEBCM00,EVCO-199,오쎄 퓨어 앤 내츄럴 에코 바디워시,OSSE Pure & Natural Eco Body Wash,180ml,185,,,,,,,,,,,용기인쇄,,,,,,
190,,OEBL000,EVCO-200,오쎄 퓨어 앤 내츄럴 에코 바디로션,OSSE Pure & Natural Eco Body Lotion,230ml,227,0.991,,,,,,,,,,라벨,,,,,,
190,,OEHC000,EVCO-201,오쎄 퓨어 앤 내츄럴 에코 핸드크림,OSSE Pure & Natural Eco Hand Cream,50ml,49,0.975,,,,,,,,,,라벨,,,,,,
190,,OEFC000,EVCO-202,오쎄 퓨어 앤 내츄럴 에코 폼클렌저,OSSE Pure & Natural Eco Foam Cleanser,50ml,50,0.985,,,,,,,,,,라벨,,,,,,
190,,OEXX05T,EVCO-203,오쎄 퓨어 앤 내츄럴 에코 바디5종세트,OSSE Pure & Natural Eco Bodu Gift Set,,,,,,,,,,,,,,,,,,,
190,,NBBC001,EVCO-204,바디넷 나뚜리아 핑키 허브 바디워시 ,,,,,,,,,,,,,,,,,,,,
190,,NBBC002,EVCO-205,바디넷 나뚜리아 플로리엔탈 무드 바디워시,,,,,,,,,,,,,,,,,,,,
190,,NBBC003,EVCO-206,바디넷 나뚜리아 퓨어 쟈스민 바디워시,,,,,,,,,,,,,,,,,,,,
190,,NBBL001,EVCO-207,바디넷 나뚜리아 핑키 허브 바디로션,,,,,,,,,,,,,,,,,,,,
190,,NBBL002,EVCO-208,바디넷 나뚜리아 플로리엔탈 무드 바디로션,,,,,,,,,,,,,,,,,,,,
190,,NBBL003,EVCO-209,바디넷 나뚜리아 퓨어 쟈스민 바디로션,,,,,,,,,,,,,,,,,,,,
190,,NBHC001,EVCO-210,바디넷 나뚜리아 핑키 허브 핸드크림,,,,,,,,,,,,,,,,,,,,
191,,NBHC002,EVCO-211,바디넷 나뚜리아 플로리엔탈 무드 핸드크림,,,,,,,,,,,,,,,,,,,,
192,,NBHC003,EVCO-212,바디넷 나뚜리아 퓨어 쟈스민 핸드크림,,,,,,,,,,,,,,,,,,,,
193,,PFSP000,EVCO-213,프로페이스 더 패스트 샴푸,,480ml,485,1.008,,,,,,,,,,,,,,,,
194,,SVBC000,EVCO-214,선우코스메 달팽이 비타민 바디워시,,,,,,,,,,,,,,,,,,,,
195,,GVBC001,EVCO-215,지피엠 바이탈 케어 젠틀 바디 워시 블레싱 핑크,,,,,,,,,,,,,,,,,,,,
196,,GVBC002,EVCO-216,지피엠 바이탈케어 리프레쉬타임 젠틀 샤워젤,,,,,,,,,,,,,,,,,,,,
197,,GVBC003,EVCO-217,지피엠 바이탈케어 화이트티 젠틀 샤워젤,,,,,,,,,,,,,,,,,,,,
198,,LMHC001,EVCO-218,루나마인 퍼퓸드 핸드크림(로즈페탈),,,,0.987,,,,,,,,,,,,,,,,
199,,LMHC002,EVCO-219,루나마인 퍼퓸드 핸드크림(헤븐플로랄),,,,0.987,,,,,,,,,,,,,,,,
200,,LMHC003,EVCO-220,루나마인 퍼퓸드 핸드크림(드림라이크),,,,0.987,,,,,,,,,,,,,,,,
202,,CMHE000,EVCO-222,청정미인 샤이니 실키 헤어에센스,,,,0.940,,,,,,,,,,,,,,,,
203,,CMBC001,EVCO-223,청정미인 수 모이스처 바디클렌저,,,,,,,,,,,,,,,,,,,,
,,CMBC002,EVCO-223,청정미인 수 마일드 바디클렌저,,,,,,,,,,,,,,,,,,,,
204,,TLHC001,EVCO-224,탑룩 핸드크림,,,,,,,,,,,,,,,,,,,,
205,,TLHC002,EVCO-225,,,,,,,,,,,,,,,,,,,,,
206,,TLHC003,EVCO-226,,,,,,,,,,,,,,,,,,,,,
207,,TLHC004,EVCO-227,,,,,,,,,,,,,,,,,,,,,
208,,VTBL004,EVCO-228,에바스 비타민 바디로션 (석류),,,,0.989,,,,,,,,,,,,,,,,
209,,VTBL005,EVCO-229,에바스 비타민 바디로션 (오렌지),,,,0.989,,,,,,,,,,,,,,,,
210,,VTBL006,EVCO-230,에바스 비타민 바디로션 (파파야),,,,0.989,,,,,,,,,,,,,,,,
211,,VTBL007,EVCO-231,에바스 비타민 바디로션 (포도),,,,0.989,,,,,,,,,,,,,,,,
212,,EPBC000,EVCO-232,편강 한방 바디워시 400ml,,,,,,,,,,,,,,,,,,,,
213,,MSBL002,EVCO-233,밀크샴바드 패밀리 바디로션(라벤더),,,,,,,,,,,,,,,,,,,,
214,,FNFCP00,EVCO-234,플로랄 내추럴&아로마 클렌징 폼(SOFCP00:어클락 퓨어 마일드 클렌징폼),,2g,2,,,,,,,,,,,,,,,,,
215,,FNIRP00,EVCO-235,플로랄 내추럴&아로마 이너린스,,2g,2,,,,,,,,,,,,,,,,,
216,,FNBCP00,EVCO-236,플로랄 내추럴&아로마 버블바스,,,,,,,,,,,,,,,,,,,,
217,,GVHC001,EVCO-237,지피엠 플라워 인스파이어 핸드크림(포매그래니트),,,,,,,,,,,,,,,,,,,,
218,,GVHC002,EVCO-238,지피엠 플라워 인스파이어 핸드크림(래드 피오니),,,,,,,,,,,,,,,,,,,,
219,,GVHC003,EVCO-239,지피엠 플라워 인스파이어 핸드크림(와일드 플라워),,,,,,,,,,,,,,,,,,,,
220,,GVHC004,EVCO-240,지피엠 플라워 인스파이어 핸드크림(보태닉 가든),,,,,,,,,,,,,,,,,,,,
221,,GVHC005,EVCO-241,지피엠 플라워 인스파이어 핸드크림(스위티 프루티),,,,,,,,,,,,,,,,,,,,
222,,GVHC006,EVCO-242,지피엠 플라워 인스파이어 핸드크림(피오니 블라썸),,,,,,,,,,,,,,,,,,,,
223,,GVHC007,EVCO-243,지피엠 플라워 인스파이어 핸드크림(엘리건트 글램),,,,,,,,,,,,,,,,,,,,
224,,GVHC008,EVCO-244,지피엠 플라워 인스파이어 핸드크림(쁘띠 로즈),,,,,,,,,,,,,,,,,,,,
225,,VTFC001,EVCO-245,비타민 클렌징 디저트 매직 크림 솝 배리믹스,,,,,,,,,,,,,,,,,,,,
226,,VTFC002,EVCO-246,비타민 클렌징 디저트 매직 크림 솝 레몬,,,,,,,,,,,,,,,,,,,,
227,,VTFC003,EVCO-247,비타민 클렌징 디저트 매직 크림 솝 레드와인,,,,,,,,,,,,,,,,,,,,
228,,VTFC004,EVCO-248,비타민 클렌징 디저트 매직 크림 솝 코코넛&카카오,,,,,,,,,,,,,,,,,,,,
246,,EVBLN04,EVCO-266,에바스 모이스처 로션 바셀린 달팽이,,,,,,,,,,,,,,,,,,,,
,13.02.18,,EVCO-274-1,에바스 곡물 클리어 클렌징 티슈,,,,,,,,,,,,,,,,,,,,(주)씨엔텍 제조
,,NPBCT01,EVCO-280,나뚜리아 퓨어 바디워시 (크렌베리 앤 오렌지),NATURIA PURE BODY WASH (Cranberry & Orange),100ml,103,1.023,5.50 ± 1.00,"9,000 ± 3,000",,0,0,0,,,,튜브,,,,,,
,,NPBCT02,EVCO-281,나뚜리아 퓨어 바디워시 (와일드민트 앤 라임),NATURIA PURE BODY WASH (Wild Mint & Lime),100ml,103,1.023,5.50 ± 1.00,"9,000 ± 3,000",,0,0,0,,,,튜브,,,,,,
,,NPBCT03,EVCO-282,나뚜리아 퓨어 바디워시 (로즈 앤 로즈마리),NATURIA PURE BODY WASH (Rose & Rosemary),100ml,103,1.023,5.50 ± 1.00,"9,000 ± 3,000",,0,0,0,,,,튜브,,,,,,
,,NPBCT04,EVCO-283,나뚜리아 퓨어 바디워시 (허니 앤 화이트릴리),NATURIA PURE BODY WASH (Honey & White Lily),100ml,103,1.023,5.50 ± 1.00,"9,000 ± 3,000",,0,0,0,,,,튜브,,,,,,
274,,MJCW000,EVCO-294,에바스 메리제인 클렌징 워터,,,,,,,,,,,,,,,,,,,,
,,AOSPM00,EVCO-295,샤샤 아르간 오일 샴푸,CHAR CHAR Argan Oil Shampoo,500ml,505,1.009,5.50 ± 1.00,"5,500 ± 3,000",,0,0,0,0,,어려움,라벨,,,,,,
,,AOSPT00,EVCO-295,샤샤 아르간 오일 샴푸,CHAR CHAR Argan Oil Shampoo,100ml,101,1.009,5.50 ± 1.00,"5,500 ± 3,000",,0,0,0,0,,우수,튜브,,,,,,
,,AORSM00,EVCO-296,샤샤 아르간 오일 컨디셔너,CHAR CHAR Argan Oil Conditioner,500ml,475,0.948,4.50 ± 1.00,"13,000 ± 3,000 ",,0,0,0,,,어려움,라벨,,,,,,
,,AORST00,EVCO-296,샤샤 아르간 오일 컨디셔너,CHAR CHAR Argan Oil Conditioner,100ml,95,0.948,4.50 ± 1.00,"13,000 ± 3,000 ",,0,0,0,,,우수,튜브,,,,,,
,,AOHSR00,완제품코드,샤샤 아르간 오일 헤어 세럼,CHAR CHAR Argan Oil Hair Serum,200ml,182,0.936,NONE,NONE,,0,O,0,0,3년,어려움,라벨,,,X,,,
296,,VTFCM07,EVCO-318,비타민 클렌징폼 - 아보카도,Vitamin Cleansing Foam - Avocado,50ml,48,0.967,9.3 ± 0.5,200 ± 150,,0,O,0,,,,튜브,,,,,,
296,,TBHM002,EVCO-326,에바스 트루스인바디 오리지널핑크 핸드미스트 화이트 머스크향,,,,,,,,,,,,,,,,,,,,
297,,TBHC002,EVCO-330,트루스 인 바디 로라 핸드크림,,,,,,,,,,,,,,,,,,,,
368,14.01.09,MLDMB01,EVCO-403,미미로린스 드레스 퍼퓸 미스트 프리지아 로맨스,Mimi Lauryne's Dress Perfume Mist Freesia Romance,500ml,495,0.992,5.5 ± 1.00 ,NONE,,,O,,,제조일,어려움,라벨,,,,,,
368,14.01.09,MLDMB02,EVCO-404,미미로린스 드레스 퍼퓸 미스트 머스크 엣 머스크,Mimi Lauryne's Dress Perfume Mist Musk et Musk,500ml,495,0.990,5.5 ± 1.00 ,NONE,,,O,,,제조일,어려움,라벨,,,,,,
368,14.01.09,MLDMB03,EVCO-405,미미로린스 드레스 퍼퓸 미스트 드 그레이프프룻,Mimi Lauryne's Dress Perfume Mist de Grapefruit,500ml,495,0.990,5.5 ± 1.00 ,NONE,,,,,,제조일,어려움,라벨,,,,,,
368,14.01.09,MLDMB04,EVCO-406,미미로린스 드레스 퍼퓸 미스트 주스 드 시트론,Mimi Lauryne's Dress Perfume Mist Jus de Citron,500ml,495,0.990,5.5 ± 1.00 ,NONE,,,O,,,제조일,어려움,라벨,,,,,,단종
,,RSCO001,EVCO-432,로즈문 리치 카멜리아(동백) 오일,ROSEMOON Rich Camellia Oil,50ml,46,0.91,NONE,NONE,,,,,,2년,,라벨/단상자,,,,,,
,,RSCO002,EVCO-432,로즈문 리치 카멜리아(동백) 오일,ROSEMOON Rich Camellia Oil,9ml,8,0.91,NONE,NONE,,,,,,2년,,라벨/단상자,,,,,,
360,14.04.11,MLDMB05,EVCO-453,미미로린스 드레스 퍼퓸 미스트 프레쉬 라임,Mimi Lauryne's Dress Perfume Mist Fresh Lime,500ml,495,0.986,5.5 ± 1.0,NONE,,,,,,,어려움,,,,,,,단종
361,14.04.11,MLDMB06,EVCO-454,미미로린스 드레스 퍼퓸 미스트 프렌치 블러썸,Mimi Lauryne's Dress Perfume Mist French Blossom,500ml,495,0.986,5.5 ± 1.00,NONE,,,,,,제조일표기,어려움,,,,,,,단종
382,14.05.23,NABC000,EVCO-475,에바스 나이아드 바디워시,,,,,,,,,,,,,,,,,,,,
408,14.06.25,MLDMB07,EVCO-501,미미로린스 드레스 퍼퓸 미스트 아로마틱 시트러스,Mimi Lauryne's Dress Perfume Mist Aromatic Citrus,500ml,495,0.982,5.5 ± 1.00,NONE,,,,,,,어려움,,,,,,,단종
409,14.06.25,MLDMB08,EVCO-502,미미로린스 드레스 퍼퓸 미스트 블랙베리,Mimi Lauryne's Dress Perfume Mist Black Berry,500ml,495,0.984,5.5 ± 1.00,NONE,,,,,,,어려움,,,,,,,
410,14.06.25,MLDMB09,EVCO-503,미미로린스 드레스 퍼퓸 미스트 스파클링 사케,Mimi Lauryne's Dress Perfume Mist Sparkling SAKE,500ml,495,0.983,5.5 ± 1.00,NONE,,,,,,제조일표기,어려움,라벨,,,,,,
411,14.06.25,MLDMB10,EVCO-504,미미로린스 드레스 퍼퓸 미스트 화이트 코튼,Mimi Lauryne's Dress Perfume Mist White Cotton,500ml,495,0.986,5.5 ± 1.0,NONE,,,,,,제조일표기,어려움,라벨,,,,,,
,,PDICM00,EVCO-527,페디슨 뉴트리티브 인퓨젼 크림,Pedison Nutritive Infusion Cream,15ml,16,1.011,,,,,0,0,,,,튜브,,,,,,
,,BBHC007,EVCO-592,바바리라 퍼퓸드 핸드크림 가든로즈(살구색),Barbarila Perfumed Hand Cream Garden Rose,60ml,59,0.996,7.0 ± 1.0,"35,000 ± 5,000",,,,,,,우수,튜브,,,,,,중국수출건
,,BBHC008,EVCO-592,바바리라 퍼퓸드 핸드크림 패션프룻(노란색),Barbarila Perfumed Hand Cream Fassion Fruit,60ml,59,0.996,7.0 ± 1.0,"35,000 ± 5,000",,,,,,,우수,튜브,,,,,,중국수출건
,,BBHC009,EVCO-592,바바리라 퍼퓸드 핸드크림 쁘띠걸(진청색),Barbarila Perfumed Hand Cream Petit Girl,60ml,59,0.996,7.0 ± 1.0,"35,000 ± 5,000",,,,,,,우수,튜브,,,,,,중국수출건
,,BBHC011,EVCO-592,바바리라 퍼퓸드 핸드크림 가든로즈(그림타입),Barbarila Perfumed Hand Cream Garden Rose,60ml,59,0.996,7.0 ± 1.0,"35,000 ± 5,000",,,,,,,우수,튜브,,,,,,중국수출건
,,BBHC012,EVCO-592,바바리라 퍼퓸드 핸드크림 패션프룻(그림타입),Barbarila Perfumed Hand Cream Fassion Fruit,60ml,59,0.996,7.0 ± 1.0,"35,000 ± 5,000",,,,,,,우수,튜브,,,,,,중국수출건
,,BBHC013,EVCO-592,바바리라 퍼퓸드 핸드크림 쁘띠걸(그림타입),Barbarila Perfumed Hand Cream Petit Girl,60ml,59,0.996,7.0 ± 1.0,"35,000 ± 5,000",,,,,,,우수,튜브,,,,,,중국수출건
,,BBHC014,EVCO-592,바바리라 퍼퓸드 핸드크림 가든로즈(실선타입),Barbarila Perfumed Hand Cream Garden Rose,60ml,59,0.996,7.0 ± 1.0,"35,000 ± 5,000",,,,,,,우수,튜브,,,,,,중국수출건
,,BBHC015,EVCO-592,바바리라 퍼퓸드 핸드크림 가든로즈(실선타입),Barbarila Perfumed Hand Cream Fassion Fruit,60ml,59,0.996,7.0 ± 1.0,"35,000 ± 5,000",,,,,,,우수,튜브,,,,,,중국수출건
,,BBHC016,EVCO-592,바바리라 퍼퓸드 핸드크림 가든로즈(실선타입),Barbarila Perfumed Hand Cream Petit Girl,60ml,59,0.996,7.0 ± 1.0,"35,000 ± 5,000",,,,,,,우수,튜브,,,,,,중국수출건
,22.10.15,BBHC017,EVCO-592,바바리라 퍼퓸드 핸드크림 - 가든로즈(둥근캡/5차디자인),Barbarila Perfumed Hand Cream Garden Rose,60ml,59,0.996,7.0 ± 1.0,"35,000 ± 5,000",,,,,,,우수,튜브,,,,,,
,22.10.15,BBHC018,EVCO-592,바바리라 퍼퓸드 핸드크림 - 패션프룻(둥근캡/5차디자인),Barbarila Perfumed Hand Cream Fassion Fruit,60ml,59,0.996,7.0 ± 1.0,"35,000 ± 5,000",,,,,,,우수,튜브,,,,,,
,22.10.15,BBHC019,EVCO-592,바바리라 퍼퓸드 핸드크림 - 쁘띠걸(둥근캡/5차디자인),Barbarila Perfumed Hand Cream Petit Girl,60ml,59,0.996,7.0 ± 1.0,"35,000 ± 5,000",,,,,,,우수,튜브,,,,,,
,22.10.15,BBHC020,EVCO-592,바바리라 퍼퓸드 핸드크림 - 로즈페탈(둥근캡/2차디자인),Barbarila Perfumed Hand Cream Rose Petal,60ml,59,0.987,6.5 ± 1.0,"25,000 ± 5,000",,,,,,,우수,튜브,,,,,,
,22.10.15,BBHC021,EVCO-592,바바리라 퍼퓸드 핸드크림 - 헤븐플로랄(둥근캡/2차디자인),Barbarila Perfumed Hand Cream Heaven Floral,60ml,59,0.987,6.5 ± 1.0,"25,000 ± 5,000",,,,,,,우수,튜브,,,,,,
,22.10.15,BBHC022,EVCO-592,바바리라 퍼퓸드 핸드크림 - 드림라이크(둥근캡/2차디자인),Barbarila Perfumed Hand Cream Dream Like,60ml,59,0.987,6.5 ± 1.0,"25,000 ± 5,000",,,,,,,우수,튜브,,,,,,
,23.06.07,BBHC023,EVCO-592,바바리라 퍼퓸드 핸드크림 - 가든로즈(6차디자인/그림),Barbarila Perfumed Hand Cream Garden Rose,60ml,59,0.996,7.0 ± 1.0,"35,000 ± 5,000",,,,,,,우수,튜브,,,,,,
,23.06.07,BBHC024,EVCO-592,바바리라 퍼퓸드 핸드크림 - 패션프룻(6차디자인/그림),Barbarila Perfumed Hand Cream Fashion Fruit,60ml,59,0.996,7.0 ± 1.0,"35,000 ± 5,000",,,,,,,우수,튜브,,,,,,
,23.06.07,BBHC025,EVCO-592,바바리라 퍼퓸드 핸드크림 - 쁘띠걸(6차디자인/그림),Barbarila Perfumed Hand Cream Petit Girl,60ml,59,0.996,7.0 ± 1.0,"35,000 ± 5,000",,,,,,,우수,튜브,,,,,,
,,FJPGM02,EVCO-658,프레쥬 오리지날 허브 자연약쑥 필링젤,Fraijour Original Herb Wormwood Peeling Gel,150ml,156,1.037,6.5 ± 1.0,"16,000 ± 5,000",,0,0,0,0,3년,우수,튜브/단상자,,,X,,,튜브타입으로 리뉴얼
,,MLDMA12,EVCO-690,미미로린스 드레스 퍼퓸 미스트 딥 퍼퓸 레이블 네트와제,Mimi Lauryne's Dress Perfume Mist Deep Perfume Label Nettoyer,200ml,197,0.984,5.5 ± 1.0,NONE,,,,,,제조일표기,어려움,라벨,,,,,,
601,15.10.06,VTDM001~6,EVCO-696,보탬 드레스 퍼퓸 미스트 프리지아 앤 페어,,500ml,504,0.982~0.984,,,,,,,,,,,,,,,,CJ오쇼핑
,,VMSPM04,EVCO-709,밸르모나 아유르베딕 두피 솔루션 블랙 커민 샴푸액,Valmona Ayurvedic Scalp Solution Black Cumin Shampoo,120ml,122,1.011,5.5 ± 1.0 ,"5,000 ± 3,000",,0,,,,,우수,튜브,,,,,,
,,VMSPMR4,EVCO-709,밸르모나 아유르베딕 두피 솔루션 블랙 커민 샴푸액,Valmona Ayurvedic Scalp Solution Black Cumin Shampoo,100ml,104,1.011,5.5 ± 1.0 ,"5,000 ± 3,000",,0,0,0,,,우수,튜브,,,,,,
,,VMSPP04,EVCO-709,밸르모나 아유르베딕 두피 솔루션 블랙 커민 샴푸액,Valmona Ayurvedic Scalp Solution Black Cumin Shampoo,10ml,10,1.011,5.5 ± 1.0 ,"5,000 ± 3,000",,0,0,0,,,우수,파우치,,,,,,
616,15.11.25,PDLB001,EVCO-711,페디슨 뉴트리티브 인퓨젼 립 수딩 밤,,12g,12,,,,,,0,,,,,튜브/단상자,,,,,,
664,16.03.22,MLALXXX,EVCO-759,"미미로린스 어포더블 럭셔리(028,046,047,050,052,054,075,097,112,123)",,50ml,43,0.83,,,,,,,,,,,,,,,,
,,WMCRP01,EVCO-762,위드미 스노우 화이트닝 크림,WITHME Snow Whitening Cream,2ml,2.2,1.038,,,,,,,,,,파우치,,,,,,
682,16.05.03,RMMT006~010,EVCO-777,"로즈마인 퍼퓸드 바디미스크(퍼플글로우,블루하와이,골든플라워,핑크레이디,러브센세이션)",,100ml,90~92,,,,,,,,,,,,,,,,,
689,16.05.16,MLALXXX,EVCO-784,"미미로린스 어포더블 럭셔리(015,018,025,026)",,50ml,43,0.83,,,,,,,,,,,,,,,,
693,16.06.02,MLTO001,EVCO-788,미미로린스 씬트 리메인 태닝 오일 하와이안 글램,,100ml,86,0.87,,,,,,,,,,,,,,,,
698,16.06.22,SSCD001~003,EVCO-793,"스타바스 쥬이시 캔들(스트로베리럼블,츄츄초코민트,오마이탠져린)",,160g,160,,,,,,,,,,,,,,,,,
699,16.06.29,MLALXXX,EVCO-794,"미미로린스 어포더블 럭셔리(130,132,133,135)",,50ml,43,0.83,,,,,,,,,,,,,,,,
702,16.07.21,MLSC025~028,EVCO-797,"미미로린스 씬트 리메인 그랜드 그레이트 자 캔들(미드나잇,앰버라벤더,퀸스플라워,린넨코튼)",,580g,580~582,,,,,,,,,,,,,,,,,
703,16.08.08,RRBM001,EVCO-798,로에랑스 블리스 마이 바디 퍼퓸 미스트-화이트머스크,Roerance Bliss My Body Perfume Mist - White Musk,250ml,225,0.892,6.7 ± 1.0,NONE,,0,O,0,0,3년,어려움,"전,후라벨",,,,,,
,,RRBM002,EVCO-798,로에랑스 블리스 마이 바디 퍼퓸 미스트-해피데이,Roerance Bliss My Body Perfume Mist - Happy Day,250ml,225,0.888,6.7 ± 1.0,NONE,,0,0,0,0,3년,어려움,"전,후라벨",,,,,,
,,RRBM003,EVCO-798,로에랑스 터치 마이 바디 퍼퓸 미스트-파라다이스드림,Roerance Touch My Body Perfume Mist - Paradise Dream,250ml,225,0.888,6.7 ± 1.0,NONE,,0,0,0,0,3년,어려움,"전,후라벨",,,,,,
,,RRBM004,EVCO-798,로에랑스 블리스 마이 바디 퍼퓸 미스트-문라이트,Roerance Bliss My Body Perfume Mist - Moonlight,250ml,225,0.888,6.7 ± 1.0,NONE,,0,0,0,0,3년,어려움,"전,후라벨",,,,,,
,,RRBM005,EVCO-798,로에랑스 터치 마이 바디 퍼퓸 미스트-베이비파우더,Roerance Touch My Body Perfume Mist - Baby Powder,250ml,225,0.890,6.7 ± 1.0,NONE,,0,0,0,0,3년,어려움,"전,후라벨",,,,,,
,,RRBM006,EVCO-798,로에랑스 블리스 마이 바디 퍼퓸 미스트- 퓨어솝,Roerance Bliss My Body Perfume Mist - Pure Soap,250ml,225,0.888,6.7 ± 1.0,NONE,,0,0,0,0,3년,어려움,"전,후라벨",,,,,,
705,16.08.24,BPHC001~002,EVCO-800,바이마레 프리미엄 퍼퓸드 핸드크림,,80ml,79,0.986,,,,,,,,,,,,,,,,
716,16.10.20,SSBB001~003,EVCO-811,스타바스 바스볼 스위티 밤,,100g,100,,,,,,,0,,,,,,,,,,제조:이노맥스
717,16.09.01,SNTC000,EVCO-812,수에노라 그린티 허브 딥 앤 마일드 클렌징 티슈,,400g/100매,401/100매,,,,,,,,,,,,,,,,,(주)씨앤텍제조
718,16.10.07,RRBM007,EVCO-813,로에랑스 터치 마이 바디 퍼퓸 미스트-그레이프프룻,,250ml,225,0.89~0.894,,,,,O,,,,어려움,"전,후라벨",,,,,,"그레이프프룻,얼루어 단종(17.07.24)"
,,RRBM008,EVCO-813,로에랑스 터치 마이 바디 퍼퓸 미스트-얼루어,,250ml,225,,,,,,,,,,어려움,"전,후라벨",,,,,,
,,RRBM009,EVCO-813,로에랑스 터치 마이 바디 퍼퓸 미스트-로즈앤릴리,,250ml,225,,,,,,,,,,어려움,"전,후라벨",,,,,,
720,16.10.24,RRHC001~003,EVCO-815,"로에랑스 터치 마이 바디 프래그런스 핸드크림(퓨어솝,얼루어,베이비파우더)",,80ml,78~79,0.986,,,,,,,,,,,,,,,,
,,PDSPM05,EVCO-816,페디슨 인스티튜트 보떼 프로폴리스 단백질 샴푸,Pedison Institut-Beaute Propolis Protein Shampoo,500ml,510,1.018,6.0 ± 1.0,"20,000 ± 5,000 ",,,0,0,,3년,보통,용기인쇄,,,,,,
,,PDSPT05,EVCO-816,페디슨 인스티튜트 보떼 프로폴리스 단백질 샴푸,Pedison Institut-Beaute Propolis Protein Shampoo,100ml,104,1.018,6.0 ± 1.0,"20,000 ± 5,000 ",,,0,0,0,3년,우수,튜브,,,,,,
,,PDRSM03,EVCO-817,페디슨 인스티튜트 보떼 프로폴리스 LPP 트리트먼트,Pedison Institut-Beaute Propolis LPP Treatment,500ml,492,0.972,4.5 ± 1.0,"25,000 ± 5,000",,,0,0,,3년,보통,용기인쇄,,,,,,
,,PDRST03,EVCO-817,페디슨 인스티튜트 보떼 프로폴리스 LPP 트리트먼트,Pedison Institut-Beaute Propolis LPP Treatment,100ml,104,0.972,4.5 ± 1.0,"25,000 ± 5,000",,,0,0,,3년,우수,튜브,,,,,,
732,16.11.10,WMFD001~002,EVCO-827,"위드미 크레이지 커버 컨실러 파운데이션 1호-라이트베이지, 2호-미디엄베이지",,18g,19,,,,,,,,,,,,,,,,,제조:화인코스
736,16.12.28,MLALXXX,EVCO-831,"미미로린스 어포더블 럭셔리(085,136,140,141)",,50ml,43,0.830~0.832,,,,,,,,,,,,,,,,
738,17.01.05,BPMT002~006,EVCO-833,바이마레 컴포지션 퍼퓸 미스트-클린,,100ml,90~91,0.892,,,,,O,,,,,세트단상자,,,,,,세트전용
741,17.02.14,MLDMA21,EVCO-836,미미로린스 드레스 퍼퓸 미스트 딥 퍼퓸 레이블-블리스드,,200ml,197,0.980,,,,,,,,,어려움,,,,,,,
745,17.04.04,WMIT001~002,EVCO-839,위드미 타투 아이브로우 젤 틴트,,8g,8.2~8.5,,,,,,O,,,,어려움,단상자,,,,,,
747,17.04.05,MLSC030~031,EVCO-841,"미미로린스 그랜드 그레이트 자 캔들(라즈베리만다린, 얼그레이&라임)",,580g,580,,,,,,,,,,,,,,,,,
745,17.04.12,MLST009~011,EVCO-842,"미미로린스 씬트 리메인 사쉐(네트와제,라즈베리만다린,얼그레이&라임)",,7g,7,,,,,,,,,,,,,,,,,
,,PDSPM06,EVCO-843,페디슨 인스티튜트 보떼 망고리치 단백질 샴푸,PEDISON Institute-Beaute Mango Rich Protein Hair Shampoo,500ml,508,1.017,6.5 ± 1.0,"5,000 ± 3,000",,,0,0,,3년,보통,용기인쇄,,,,,,
,,PDSPT06,EVCO-843,페디슨 인스티튜트 보떼 망고리치 단백질 샴푸,PEDISON Institute-Beaute Mango Rich Protein Hair Shampoo,100ml,104,1.017,6.5 ± 1.0,"5,000 ± 3,000",,,0,0,,3년,우수,튜브,,,,,,
,,PDRSM04,EVCO-844,페디슨 인스티튜트 보떼 망고리치 LPP 트리트먼트,PEDISON Institut-Beaute Mango Rich LPP Treatment,500ml,490,0.98,4.7 ± 1.0,"17,000 ± 5,000",,0,0,0,0,,보통,용기인쇄,,,,,,
,,PDRST04,EVCO-844,페디슨 인스티튜트 보떼 망고리치 LPP 트리트먼트,PEDISON Institut-Beaute Mango Rich LPP Treatment,100ml,104,0.98,4.7 ± 1.0,"17,000 ± 5,000",,0,0,0,0,,우수,튜브,,,,,,
750,17.05.02,RLBM001~010,EVCO-847,로즈마인x리사라르손 바디 퍼퓸 10종,,100ml,95,0.882,,,,,,,,,,,,,,,,
757,17.07.03,RMPG010~012,EVCO-854,"로즈마인 퍼퓸터치(핑크레이디,골든플라워,클린소피)",,13g,14,0.911,,,,,,,,,,,,,,,,
768,17.08.25,BPHC003~007,EVCO-865,"바이마레 컴포지션 퍼퓸 핸드크림 콜렉션(클린,플라워리,로즈블로썸,누브,그레이프프룻)",,60ml,59,0.970,,,,,0,,,,,세트사바리,,,,,,세트전용
778,17.09.08,BPDF001~003,EVCO-875,"바이마레 블랑쉬 퍼퓸 디퓨져(퓨어,휘기에,애프터눈 티)",,80ml/90ml,75/85,0.868,,,,,,,,,,,,,,,,
,,PDSPM09,EVCO-880,페디슨 인스티튜트 보떼 아로니아 컬러 프로텍션 샴푸,PEDISON Institute-beaut Aronia Color Protection Shampoo,500ml,503,1.002,5.0 ± 1.0,"20,000 ± 5,000",,0,,,,3년,보통,,,,,,,
,,PDSPT09,EVCO-880,페디슨 인스티튜트 보떼 아로니아 컬러 프로텍션 샴푸,PEDISON Institute-beaut Aronia Color Protection Shampoo,100ml,104,1.002,5.0 ± 1.0,"20,000 ± 5,000",,0,,,,3년,우수,,,,,,,
,,PDRSM06,EVCO-881,페디슨 인스티튜트 보떼 아로니아 컬러 프로텍션 트리트먼트,PEDISON Institute-beaut Aronia Color Protection Treatment,500ml,480,0.963,4.6 ± 1.0,"20,000 ± 5,000 ",,0,0,0,,3년,보통,용기인쇄,,,,,,
,,PDRST06,EVCO-881,페디슨 인스티튜트 보떼 아로니아 컬러 프로텍션 트리트먼트,PEDISON Institute-beaut Aronia Color Protection Treatment,100ml,97,0.963,4.6 ± 1.0,"20,000 ± 5,000 ",,0,0,0,,3년,우수,튜브,,,,,,
,,VMRSM04,EVCO-883,밸르모나 아유르베딕 손상모 솔루션 블랙 커민 영양팩,VALMONA Ayurvedic Repair Solution Black Cumin Nutrient Conditioner,100ml,102,0.971,4.6 ± 1.0 ,"27,000 ± 5,000",,,0,0,,3년,우수,튜브,,,,,,
,,VMRSP04,EVCO-883,밸르모나 아유르베딕 손상모 솔루션 블랙 커민 영양팩,VALMONA Ayurvedic Repair Solution Black Cumin Nutrient Conditioner,10ml,10,0.971,4.6 ± 1.0 ,"27,000 ± 5,000",,,0,0,,3년,우수,파우치,,,,,,
,,CCRSP01,EVCO-889,세라클리닉 더마이드 4.0 보태니컬 트리트먼트 플루이드,CERACLINIC Dermaid 4.0 Botanical Treatment Fluid,5ml,4.8,0.974,5.2 ± 1.0,NONE,,,,,,3년,우수,파우치,,,,,,
,,CCRWB01,EVCO-890,세라클리닉 로우 솔루션 히알루론산 1%,CERACLINIC Raw Solution Hyaluronic Acid 1%,250ml,250,1.006,6.7 ± 1.0,NONE,,,,,,2년,어려움,라벨,,,,,,
,,,EVCO-891,세라클리닉 로우 솔루션 콜라겐 1%,CERACLINIC Raw Solution Hydrolyzed Collagen 1%,250ml,250,1.012,5.5 ± 1.0,NONE,,,,,,2년,어려움,라벨,,,,,,
,,,EVCO-892,세라클리닐 로우 솔루션 판테놀 수용액 5%,"CERACLINIC Raw Solution Panthenol, aqeous 5%",250ml,250,1.016,8.6 ± 1.0 ,NONE,,,,,,2년,어려움,라벨,,,,,,
814,18.03.22,BTPF001~005,EVCO-911,바스파 피토 스칼프 퍼퓸 5종,,7ml,7.5,1.012,,,,,O,,,,어려움,용기인쇄/라벨/단상자,,,,,,
,,AOBCM03,EVCO-917,샤샤 밀크 앤 허니 바디워시 - 소프트 머스크,CHAR CHAR Milk&Honey Boay Wash Soft Musk,500ml,500,1.023,5.8 ± 1.0,"10,000 ± 5,000",,,,,,,어려움,라벨,,,,,,
,,AOBLM03,EVCO-920,샤샤 밀크 앤 허니 바디로션 - 소프트 머스크,CHAR CHAR Milk&Honey Boay Lotion Soft Musk,500ml,492,,,,,,,,,,어려움,라벨,,,,,,
826,18.05.25,MLDM023~025,EVCO-923,"미미로린스 솝 앤 클린 드레스 퍼퓸(브리즈, 퓨리티, 린넨)",,300ml,296,0.986,,,,,O,,,,,라벨,,,,,,
,,VMSPM05,EVCO-925,밸르모나 파워풀 솔루션 블랙 피오니 서리태 샴푸액,VALMONA Powerful Solution Black Peony Seoritae Shampoo,120ml,122,1.014,5.4 ± 1.0,"11,000 ± 5,000",,,,,,2년→3년,,,,,,,,
,,VMSPMR5,EVCO-925,밸르모나 파워풀 솔루션 블랙 피오니 서리태 샴푸액,VALMONA Powerful Solution Black Peony Seoritae Shampoo,100ml,104,1.014,5.4 ± 1.0,"11,000 ± 5,000",,,0,0,,2년→3년,우수,튜브,,,,,,
,,VMSPP05,EVCO-925,밸르모나 파워풀 솔루션 블랙 피오니 서리태 샴푸액,VALMONA Powerful Solution Black Peony Seoritae Shampoo,10ml,10,1.014,5.4 ± 1.0,"11,000 ± 5,000",,,0,0,,2년→3년,우수,파우치,,,,,,
,,VMRSM05,EVCO-926,밸르모나 파워풀 솔루션 블랙 피오니 서리태 모발 영양팩,VALMONA Powerful Solution Black Peony Seoritae Nutrient Conditioner,100ml,102,0.980,4.0 ± 1.0,"18,000 ± 5,000",,,0,0,,2년→3년,우수,튜브,,,,,,
,,VMRSP05,EVCO-926,밸르모나 파워풀 솔루션 블랙 피오니 서리태 모발 영양팩,VALMONA Powerful Solution Black Peony Seoritae Nutrient Conditioner,10ml,10,0.980,4.0 ± 1.0,"18,000 ± 5,000",,,0,0,,2년→3년,우수,파우치,,,,,,
847,18.07.23,BTSM001,EVCO-944,바스파 피토 스칼프 오일 컷 미스트,,100ml,98,0.974,,,,,O,,,,어려움,라벨,,,,,,
,,VMRSM07,EVCO-955,밸르모나 슈가 벨벳 밀크 모발 영양팩,VALMONA Sugar Velvet Milk Nutrient Conditioner,100ml,104,0.988,4.0 ± 1.0 ,"12,000 ± 5,000",,,0,0,,2년→3년,우수,튜브,,,,,,
,,VMRSP07,EVCO-955,밸르모나 슈가 벨벳 밀크 모발 영양팩,VALMONA Sugar Velvet Milk Nutrient Conditioner,10ml,10,0.988,4.0 ± 1.0 ,"12,000 ± 5,000",,,0,0,,2년→3년,우수,파우치,,,,,,
,,VMSPM07,EVCO-956,밸르모나 슈가 벨벳 밀크 샴푸액,VALMONA Sugar Velvet Milk Shampoo,100ml,104,1.011,5.8 ± 1.0 ,"22,000 ± 5,000 ",,,0,0,,2년→3년,우수,튜브,,,,,,
,,VMSPP07,EVCO-956,밸르모나 슈가 벨벳 밀크 샴푸액,VALMONA Sugar Velvet Milk Shampoo,10ml,10,1.011,5.8 ± 1.0 ,"22,000 ± 5,000 ",,,0,0,,2년→3년,우수,파우치,,,,,,
,,PTBLP01,EVCO-976,판테스틱 더마 시카 AC 로션,Panthestic Derma Cica AC Lotion,5g,5,0.993,5.8 ± 1.0,"25,000 ± 5,000",,0,,,,3년,,,,,,,,
,,VMSPM08,EVCO-977,밸르모나 요크 마요 샴푸액,VALMONA Yolk Mayo Shampoo,100ml,104,1.014,5.2 ± 1.0,"10,000 ± 5,000",,,0,0,,3년,우수,튜브,,,,,,
,,VMSPP08,EVCO-977,밸르모나 요크 마요 샴푸액,VALMONA Yolk Mayo Shampoo,10ml,10,1.014,5.2 ± 1.0,"10,000 ± 5,000",,,0,0,,3년,우수,파우치,,,,,,
,,VMRSM08,EVCO-978,밸르모나 요크 마요 모발 영양팩,VALMONA Yolk Mayo Nutrient Conditioner,100ml,102,0.986,4.0 ± 1.0,"20,000 ± 5,000",,0,0,0,,3년,우수,튜브,,,,,,
,,VMRSP08,EVCO-978,밸르모나 요크 마요 모발 영양팩,VALMONA Yolk Mayo Nutrient Conditioner,10ml,10,0.986,4.0 ± 1.0,"20,000 ± 5,000",,0,0,0,,3년,우수,파우치,,,,,,
,,VMSPM09,EVCO-979,밸르모나 블루 클리닉 샴푸액,VALMONA Blue Clinic Shampoo,100ml,104,0.999,5.5 ± 1.0,"10,000 ± 5,000",,0,0,0,,,우수,튜브,,,,,,
,,VMSPP09,EVCO-979,밸르모나 블루 클리닉 샴푸액,VALMONA Blue Clinic Shampoo,10ml,10,0.999,5.5 ± 1.0,"10,000 ± 5,000",,0,0,0,,,우수,파우치,,,,,,
,,VMRSM09,EVCO-980,밸르모나 블루 클리닉 모발 영양팩,VALMONA Blue Clinic Nutrient Conditioner,100ml,102,0.983,4.0 ± 1.0,"20,000 ± 5,000",,,0,0,,,우수,튜브,,,,,,
,,VMRSP09,EVCO-980,밸르모나 블루 클리닉 모발 영양팩,VALMONA Blue Clinic Nutrient Conditioner,10ml,10,0.983,4.0 ± 1.0,"20,000 ± 5,000",,,0,0,,,우수,파우치,,,,,,
,,MLDMB26,EVCO-981,미미로린스 드레스 퍼퓸 모먼트 블러썸-퓨어그린,Mimi Lauryne's Dress Perfume Moment Blossom-Pure Green,500ml,495,0.986,5.3 ± 1.0 ,NONE,,,,,,제조일,어려움,라벨,,상단 4cm,,,,
,,MLDMB27,EVCO-981,미미로린스 드레스 퍼퓸 모먼트 블러썸-런드로맷,Mimi Lauryne's Dress Perfume Moment Blossom-Laundromat,500ml,495,0.986,5.3 ± 1.0 ,NONE,,,,,,제조일,어려움,라벨,,상단 4cm,,,,
,,MLDMB28,EVCO-981,미미로린스 드레스 퍼퓸 모먼트 블러썸-어도러블,Mimi Lauryne's Dress Perfume Moment Blossom-Adorable,500ml,495,0.986,5.3 ± 1.0 ,NONE,,,,,,제조일,어려움,라벨,,상단 4cm,,,,
889,,PTSS001,EVCO-985,판테스틱 더마 안티세범 선스틱,,22g,,,,,,0,0,0,,,어려움,용기인쇄/단상자,미백+주름개선,,,,,제조업자:㈜나투젠
,,FJCRM02,EVCO-997,프레쥬 오리지날 자연약쑥 진정 수분크림,Fraijour Original Wormwood Calming Watery Cream,10ml,10,0.994,6.0 ± 1.0,"30,000 ± 5,000",,,,,,,,튜브,,,,,,
,,FJCRT02,EVCO-997,프레쥬 오리지날 자연약쑥 진정 수분크림,Fraijour Original Wormwood Calming Watery Cream,100ml,100,0.994,6.0 ± 1.0,"30,000 ± 5,000",,,,,,,,튜브/단상자,,,,,,
,,AOHAM01,EVCO-998,샤샤 아르간 오일 단백질 헤어 앰플,CHAR CHAR Argan Oil Protein Hair Ampoule,15ml,16,0.982,7.5 ± 1.0,"20,000 ± 5,000",,,,,,,우수,,,,,,,
,,AOHA5T1,EVCO-998,샤샤 아르간 오일 단백질 헤어 앰플,CHAR CHAR Argan Oil Protein Hair Ampoule,15ml*5,,,7.5 ± 1.0,"20,000 ± 5,000",,,,,,,우수,,,,,,,러시아수출
,23.01.31,JOFCM01,EVCO-1004,제이온 버드 네스트 클렌징 폼 [미니어쳐],J:ON  Bird's Nest Cleansing Foam,30ml,29,0.950,9.3 ± 1.0,35 ± 15,,,,,,3년,,"튜브, 단상자",,,,,,러시아수출
,23.01.31,JOCOM01,EVCO-1005,제이온 버드 네스트 클렌징 오일 [미니어쳐],J:ON Bird's Nest Cleansing Oil,55ml,51,0.924,NONE,NONE,,,,,,2년,,"용기, 단상자",,,,,,러시아수출
,23.01.31,JOCM2T1,EVCO-1005,제이온 버드 네스트 클렌징 미니 세트,J:ON Bird's Nest Cleansing Mini Set,55+30,,,,,,,,,,,,,,,,,,러시아수출/포장순서:상자후면 기준 폼클렌징-오일
,,FJPWK00,EVCO-1011,프레쥬 프로 모이스처 엔자임 파우더 워시,Fraijour Pro Moisture Enzyme Powder Wash,1g,1,none,,,,,,,,,,,,,,,,내수용 코드
942,20.05.15,BTDM001,EVCO-1042,바스파 아로마 라운지 무드 퍼퓸 드레스 미스트 No.1 코지우드,BATHPA Aroma Lounge Mood Perfume Dress Mist No.1 Cosy Wood,300ml,297,0.99,5.2 ± 1.0,,,none,none,none,none,,어려움,용기인쇄,,,,,,
,,FJCRM04,,프레쥬 유주 허니 인리치드 크림,Fraijour Yuzu Honey Enriched Cream,10ml,10,0.974,4.2 ± 1.0,"85,000 ± 15,000",,0,0,0,0,,,튜브,,,,,,
985,20.12.04,JOPKP06,,제이온 펌킨 슬리핑팩,J:ON Pumpkin Sleeping Pack,5ml,5,,4.8 ± 1.0,"21,000 ± 5,000",,0,0,0,0,,우수,파우치/PP단상자,,,,,48,뷰코스 충진
,,CCHR2T1,,세라클리닉 더마이드 그린클렌즈 샴푸 헤어팩 세트,,,,,,,,,,,,3년,,,탈모,,,,,
1041,21.11.22,FJEX003,EVCO-1130,프레쥬 오리지날 자연약쑥 파하 필링 에센스,Fraijour Original Wormwood PHA Peeling Essence,120ml,121,1.001,4.70 ± 1.0,350 ± 50,,0,0,0,0,3년,어려움,용기인쇄/단상자,,,0,,,
,,FJCRM05,,프레쥬 어성초 블레미쉬 수분크림,Fraijour Heartleaf Blemish Moisture Cream,10ml,10,0.991,5.20 ± 1.0,31 ± 15,,,,,,3년,보통,튜브,,,,,,
,,ADMLM00,,케어미 어르신 전용 고보습 바디로션,CARE ME Senior Moisture Body Lotion,50ml,,,6.50 ± 1.00,"20,000 ± 8,000",,,,,,,,튜브,,,,,,
,,FJCRM06,,프레쥬 레틴 콜라겐 3D 코어 크림,Fraijour Retin-Collagen 3D Core Cream,10ml,10,0.981,6.00 ± 1.0,18 ± 8,,,,,,3년,,튜브,주름,,,,,
,,FJXX3T1,세트,프레쥬 레틴 콜라겐 3종 세트 [토너+크림+아이크림],Fraijour Retin Collagen 3D Core 3 Set,,,,,,,,,,,,,,,,,,,
,x,PDDO001,의료기기,페디슨 두 질세정기,Pedison Do Disposable Female Vaginal Irrigator,50ml,,,,,,,,,,2년,,,,,,,,제조 : 해요 (의료기기)
,22.10.19,MLHC3T2,EVCO-1161,미미로린스 모먼트 래디언스 핸드 포마드크림 3종 세트 [아로마틱 리플렉션+드로우 인 선셋+글로우 온 페탈],,,,,,,,,,,,,,,,,,,,
,23.09.22,MLHCK18,EVCO-1161,미미로린스 모먼트 래디언스 핸드 포마드 크림 - 아로마틱 리플렉션(카톡용),선물포장[습자지+보자기+고무줄+리본끈+헹택],,,,,,,,,,,,,,,,,,,
,,MLHCK19,EVCO-1161,미미로린스 모먼트 래디언스 핸드 포마드 크림 - 드로우 인 선셋(카톡용),선물포장[습자지+보자기+고무줄+리본끈+헹택],,,,,,,,,,,,,,,,,,,
,,MLHCK20,EVCO-1161,미미로린스 모먼트 래디언스 핸드 포마드 크림 - 글로우 온 페탈(카톡용),선물포장[습자지+보자기+고무줄+리본끈+헹택],,,,,,,,,,,,,,,,,,,
1097,23.03.09,FJSC002_0,EVCO-1186,프레쥬 어성초 에어리 핏 선크림 -> 24.04.05 이후 사용X/리뉴얼,Fraijour Heartleaf Airy Fit Sun Cream,50g,50,1.077,6.30 ± 1.00,15 ± 10,,0,0,0,0,3년,우수,튜브/단상자,,,,,,수출 전용 제품
1101,23.05.10,AOSG000,EVCO-1191,샤샤 알로에 베라 수딩젤,CHAR CHAR Aloe Vera Soothing Gel,1500ml,,,,,,0,0,0,없음,3년,어려움,라벨,,,,,,㈜사임당화장품
,24.03.04,FJBBP01,EVCO-1221,프레쥬 레틴 콜라겐 3D 코어 블레미쉬 밤,Fraijour Retin-Collagen 3D Core Blemish Balm SPF 30 PA+++,2g,2g,1.063,4.50 ± 1.0,"47,000 ± 20,000",,0,0,0,0,3년,보통,샤쉐파우치,,,,,,㈜아이팩 충진
1140,24.04.05,FJSC002,EVCO-1230,프레쥬 어성초 에어리 핏 선크림,Fraijour Heartleaf Airy Fit Sun Cream,50g,50,1.077,6.40 ± 1.00,15 ± 10,,0,0,0,0,3년,우수,튜브/단상자,자외선,,,,,수출 전용 제품
1149,24.07.05,MLHD001,EVCO-1239,미미로린스 모먼트 래디언스 핸드솝 에테리얼 그레이스,MIMI LAURYNES Moment Radiance Hand Soap Ethereal Grace,300ml,308,1.020,6.00 ± 1.00,"1,700 ± 500",,0,0,0,0,3년,어려움,하단라벨/행텍,,,,,,
,24.07.05,MLHD002,EVCO-1239,미미로린스 모먼트 래디언스 핸드솝 아주르 프로스티,MIMI LAURYNES Moment Radiance Hand Soap Azure Frosty,300ml,308,1.020,6.00 ± 1.00,"1,700 ± 500",,0,0,0,0,3년,어려움,하단라벨/행텍,,,,,,
,24.07.05,MLHD003,EVCO-1239,미미로린스 모먼트 래디언스 핸드솝 애프터 레인,MIMI LAURYNES Moment Radiance Hand Soap After Rain,300ml,308,1.020,6.00 ± 1.00,"1,700 ± 500",,0,0,0,0,3년,어려움,하단라벨/행텍,,,,,,
,24.10.17,KSATM01,EVCO-1255,까마 옴므 아쿠아 바이오 토너(미니),Kama Homme Aqua Bio Toner,30ml,30,0.972,5.30 ± 1.00,none,,0,0,0,0,3년,어려움,용기인쇄/단상자,미백/주름,,,,,
,24.10.17,KSXX2T1,EVCO-1255,까마 옴므 아쿠아 바이오 스킨케어 세트,Kama Homme Aqua Bio Skincare Set,150*2/30*2,,,,,,,,,,3년,,단상자,미백/주름,,,,,
,25.01.03,RABD2T1,EVCO-1262,로즈마인 아로마 리 고요 바디워시 & 바디로션 세트,Rosemine AROMA RE Goyo Body Wash&Body Lotion Set,300*2,,,,,,,,,,3년,,세트단상자,,,,,,세트단상자+쇼핑백
,,,,프레쥬 어성초 블레미쉬 클렌징 젤 밤,,100ml,,0.945,,,,,,,,,,,,,,,,
,,,,바스파 바쓰 솔트 스크럽 바디 워시 차콜,Bathpa Bath Salt Scrub Body Wash Charcoal,1000ml,,,,,,,,,,,,,,,,,,
